<?xml version="1.0" encoding="UTF-8" ?>
<rss version="2.0" xmlns:content="http://purl.org/rss/1.0/modules/content/" xmlns:wikidot="http://www.wikidot.com/rss-namespace">

	<channel>
		<title>Deleted threads (new posts)</title>
		<link>http://smoothieware.org/forum/c-156068/deleted-threads</link>
		<description>Posts in the forum category &quot;Deleted threads&quot; - Deleted forum discussions should go here.</description>
				<copyright></copyright>
		<lastBuildDate>Thu, 30 Oct 2014 09:33:26 +0000</lastBuildDate>
		
				</channel>
</rss>