<?xml version="1.0" encoding="UTF-8" ?>
<rss version="2.0" xmlns:content="http://purl.org/rss/1.0/modules/content/" xmlns:wikidot="http://www.wikidot.com/rss-namespace">

	<channel>
		<title>General (new threads)</title>
		<link>http://smoothieware.org/forum/c-496918/general</link>
		<description>Threads in the forum category &quot;General&quot;</description>
				<copyright></copyright>
		<lastBuildDate>Thu, 30 Oct 2014 09:04:02 +0000</lastBuildDate>
		
					<item>
				<guid>http://smoothieware.org/forum/t-1044802</guid>
				<title>Sell me a 5x smoothieboard  ASAP?</title>
				<link>http://smoothieware.org/forum/t-1044802/sell-me-a-5x-smoothieboard-asap</link>
				<description></description>
				<pubDate>Mon, 27 Oct 2014 01:50:15 +0000</pubDate>
				<wikidot:authorName>Andrew McCalip</wikidot:authorName>				<wikidot:authorUserId>2002872</wikidot:authorUserId>				<content:encoded>
					<![CDATA[
						 <p>Does anyone have a 5x smoothieboard that I could purchase asap? It needs to be unassembled. Paypal is standing by. I understand that a new batch is on the way from china but I really need to get it this week.</p> <p>Thanks,<br /> Andrew</p> 
				 	]]>
				</content:encoded>							</item>
					<item>
				<guid>http://smoothieware.org/forum/t-1044604</guid>
				<title>PID for hotend</title>
				<link>http://smoothieware.org/forum/t-1044604/pid-for-hotend</link>
				<description>Big and unpredictable swings in temperature</description>
				<pubDate>Sun, 26 Oct 2014 08:24:51 +0000</pubDate>
				<wikidot:authorName>vnem</wikidot:authorName>				<wikidot:authorUserId>2002517</wikidot:authorUserId>				<content:encoded>
					<![CDATA[
						 <p>Hello,<br /> I'm using an E3D v6 hotend. I followed the procedure for calibrating the PID from the wiki (several times). The temperature I'm aiming for is 240C (I'm printing ABS). My current values, as given by the last PID autocalibration procedure are:</p> <p>temperature_control.hotend.p_factor 43.3<br /> temperature_control.hotend.i_factor 3.429<br /> temperature_control.hotend.d_factor 137</p> <p>The problem is I'm getting these large swings in temperature, no matter how many times I tried to auto-calibrate the PID.<br /> <span style="text-decoration: line-through;">- Can't post links</span>-</p> <p>Any idea what might be the cause/how can I fix this?</p> 
				 	]]>
				</content:encoded>							</item>
					<item>
				<guid>http://smoothieware.org/forum/t-1042618</guid>
				<title>Raster engraving with laser cutter</title>
				<link>http://smoothieware.org/forum/t-1042618/raster-engraving-with-laser-cutter</link>
				<description>What is the current state of raster etching on the smoothie board</description>
				<pubDate>Tue, 21 Oct 2014 09:00:57 +0000</pubDate>
				<wikidot:authorName>BarkEngMad</wikidot:authorName>				<wikidot:authorUserId>1982013</wikidot:authorUserId>				<content:encoded>
					<![CDATA[
						 <p>I have not been able to find any information on the progress of the ability of raster engraving using the smoothieboard. I have spoke to other laser cutter operators and they can't consider smoothie board as it does not offer raster etching, so they keep to their proprietary control boards, OS and software :(</p> <p>I would like to know where the community is at with this functionality. Is there a work around, using other open source software to create suitable g-codes, compatiable with smoothieboard.</p> <p>If not, then what are the best next steps I can take, to enable this functionality? I will be ordering a 4XC as soon as they are available, I can code a little and have an appitite to develop my skills.</p> <p>Cheers, Morgan</p> 
				 	]]>
				</content:encoded>							</item>
					<item>
				<guid>http://smoothieware.org/forum/t-1040995</guid>
				<title>Proximity sensor for bed levelling</title>
				<link>http://smoothieware.org/forum/t-1040995/proximity-sensor-for-bed-levelling</link>
				<description>NPN inductive sensor NC for sensing bed height</description>
				<pubDate>Sat, 18 Oct 2014 03:38:13 +0000</pubDate>
				<wikidot:authorName>Jan Beckman</wikidot:authorName>				<wikidot:authorUserId>1973411</wikidot:authorUserId>				<content:encoded>
					<![CDATA[
						 <p>I would like to use a proximity sensor for helping me with bed levelling. It is a LJ18A3-5-Z/AX it is a normally closed NPN sensor.<br /> I am driving it with the same 12 volt as the smoothie board. Can I tie the sense line directly to pin 43 (Y max) with a diode in between to prevent reverse current from harming the IC1, or do I have to do something else.<br /> In the NC position I measure 0v (ground) on the sense line, that sounds right because it will be sinking to ground. When the sensor fires I measure 12v. I guess it must be floating to a high. What else may I have to do in the configuration file to make this work?</p> 
				 	]]>
				</content:encoded>							</item>
					<item>
				<guid>http://smoothieware.org/forum/t-1039556</guid>
				<title>Compiling SD bootloader</title>
				<link>http://smoothieware.org/forum/t-1039556/compiling-sd-bootloader</link>
				<description>Need help compiling SD bootlader</description>
				<pubDate>Tue, 14 Oct 2014 21:31:20 +0000</pubDate>
				<wikidot:authorName>Jittu Singh</wikidot:authorName>				<wikidot:authorUserId>1952835</wikidot:authorUserId>				<content:encoded>
					<![CDATA[
						 <p>I have added a relay to p2_11 which turns on with logic zero to optocoupler input.</p> <p>I added this line to main.c in bootlader</p> <p>GPIO_init(P2_11); GPIO_output(P2_11); GPIO_write(P2_11, 1);</p> <p>to turn off the relay when bootloader starts and not turn on relay accidentally if smoothie fails to start</p> <p>but i dont have any experience in compiling the modified code</p> <p>need help</p> 
				 	]]>
				</content:encoded>							</item>
					<item>
				<guid>http://smoothieware.org/forum/t-1038030</guid>
				<title>HeeksCNC arcs</title>
				<link>http://smoothieware.org/forum/t-1038030/heekscnc-arcs</link>
				<description></description>
				<pubDate>Fri, 10 Oct 2014 10:19:56 +0000</pubDate>
				<wikidot:authorName>danheeks</wikidot:authorName>				<wikidot:authorUserId>532379</wikidot:authorUserId>				<content:encoded>
					<![CDATA[
						 <p>Hi, someone has reported to me that their machine ( built with a smoothie board ) is having trouble with arcs output by my HeekCNC 1.0 CAD/CAM software. The output it is making is fine for LinuxCNC; using G2 and G3 with the I and J parameters defining the centre point relative to the arc's start point.</p> <p>The smoothieboard documentation says that I and J are relative coordinates. Is this relative to the arc start point also?</p> <p>Any ideas why the arcs might not be working correctly?</p> <p>Can anyone give me some sample g-code with G2 and G3 moves which works correctly on smoothieboard, so I can produce similar code?</p> <p>Dan Heeks.</p> 
				 	]]>
				</content:encoded>							</item>
					<item>
				<guid>http://smoothieware.org/forum/t-1036727</guid>
				<title>Bluetooth serial adapter</title>
				<link>http://smoothieware.org/forum/t-1036727/bluetooth-serial-adapter</link>
				<description>Using a serial or spi to bluetooth adapter on the SmoothieBoard</description>
				<pubDate>Tue, 07 Oct 2014 16:29:05 +0000</pubDate>
				<wikidot:authorName>David Ness</wikidot:authorName>				<wikidot:authorUserId>1885263</wikidot:authorUserId>				<content:encoded>
					<![CDATA[
						 <p>Hi there,<br /> I was wondering if anyone has tried using a bluetooth serial adapter on the Smoothie Board? I have both the Adafruit board based on the nrf8001 chip that communicates over SPI and a TinySine which is a cheap UART &gt; bluetooth 4.0 adapter.</p> <p>I'd like to get one hooked up to my Smoothieboard with the intention that I'd be able to have some GCode on the SD card and have the bluetooth start / stop things from an iPad.</p> <p>Couple of questions relating to that&#8230;<br /> Where are the SPI pins on the smoothie board and does the firmware receive commands over SPI like it does the UART?</p> <p>This may seem like a stupid question, but just to make sure&#8230; the UART connection is the one next to the usb connector labeled &quot;Serial&quot; and it has 6 pins but only four are labeled&#8230; TX/RX/ V+ and GND, correct? Simple enough&#8230;. what voltage is V+ and what voltages are TX / RX?</p> <p>Any ideas on which would be the better adapter?</p> <p>Many thanks,<br /> David.</p> 
				 	]]>
				</content:encoded>							</item>
					<item>
				<guid>http://smoothieware.org/forum/t-1036650</guid>
				<title>Flashing SD Bootloader LPC1769 FlashMagic Issue</title>
				<link>http://smoothieware.org/forum/t-1036650/flashing-sd-bootloader-lpc1769-flashmagic-issue</link>
				<description></description>
				<pubDate>Tue, 07 Oct 2014 12:18:32 +0000</pubDate>
				<wikidot:authorName>Mdustan</wikidot:authorName>				<wikidot:authorUserId>1992237</wikidot:authorUserId>				<content:encoded>
					<![CDATA[
						 <p>Hello</p> <p>I am looking for some guidance on flashing the SD bootloader to a LPCXpresso LPC1769 board.</p> <p>To my knowledge I have been following the instructions to the letter but flash magic is giving the error 'Operation failed. (failed to erase block 0)'</p> <p>This is the process I have followed:</p> <p>Placed LPC1769 with link board removed on breadboard<br /> Wired in a 3.3v LDO<br /> Attached a ftdi cable as described<br /> Wired in reset, bootloader and play pause tactile buttons</p> <p>Performed the button sequence to put the board into serial bootloader mode.</p> <p>In flash magic I selected ISP&gt;Read Device Signature<br /> This reported:</p> <p>Device ID: 0x26113F37<br /> Bootloader Ver: 4.2<br /> Serial Number: 421073182&#160;1398149994&#160;1320840782&#160;4110417923</p> <p>In Flashmagic Step 1 communications</p> <p>LPC1769<br /> COM 9<br /> Baud rate 38400<br /> Interface : None (ISP)<br /> Oscillator MHz 12</p> <p>I am using the pre compiled hex file linked in the instructions and have checked the md5sum against the one in the repository.</p> <p>I have checked the box 'Erase blocks used by Hex File'</p> <p>Can anyone spot anything I am missing. When I try and flash the hex file I get the error cannot erase block 0.</p> <p>Thanks</p> <p>Matt</p> 
				 	]]>
				</content:encoded>							</item>
					<item>
				<guid>http://smoothieware.org/forum/t-1035376</guid>
				<title>chages not visible in compiled firmware</title>
				<link>http://smoothieware.org/forum/t-1035376/chages-not-visible-in-compiled-firmware</link>
				<description>I tried to add some buttons in web interface but those changes are not visible  in compiled image</description>
				<pubDate>Sat, 04 Oct 2014 13:13:38 +0000</pubDate>
				<wikidot:authorName>Jittu Singh</wikidot:authorName>				<wikidot:authorUserId>1952835</wikidot:authorUserId>				<content:encoded>
					<![CDATA[
						 <p>I am adding some buttons for auto bed leveling in smoothie web interface these changes are visible in my system but when i replaced the existing html files</p> <p>Smoothieware-edge\src\libs\Network\uip\webserver\httpd-fs<br /> Smoothieware-edge\src\libs\Network\uip\webserver\httpd-fs-src</p> <p>with my modified html files but those changes are not visible in compiled firmware</p> 
				 	]]>
				</content:encoded>							</item>
					<item>
				<guid>http://smoothieware.org/forum/t-1034591</guid>
				<title>Z probe with FSR</title>
				<link>http://smoothieware.org/forum/t-1034591/z-probe-with-fsr</link>
				<description></description>
				<pubDate>Thu, 02 Oct 2014 09:50:54 +0000</pubDate>
				<wikidot:authorName>nevarore</wikidot:authorName>				<wikidot:authorUserId>1907178</wikidot:authorUserId>				<content:encoded>
					<![CDATA[
						 <p>Hello,</p> <p>I tried to implement a Z Probe with FSR. But FSRs have analogical signals. Do you think I could use Thermistor Pin ( Hotend 2-Pin 0.23 ) to get the signal ?</p> <p>If not how to implement FSR for an endstop pin ?<br /> Thanks a lot.</p> 
				 	]]>
				</content:encoded>							</item>
					<item>
				<guid>http://smoothieware.org/forum/t-1030415</guid>
				<title>Help me on Z axis 3D printer</title>
				<link>http://smoothieware.org/forum/t-1030415/help-me-on-z-axis-3d-printer</link>
				<description>It moves too far from bed.</description>
				<pubDate>Thu, 25 Sep 2014 09:48:53 +0000</pubDate>
				<wikidot:authorName>Sang Dth</wikidot:authorName>				<wikidot:authorUserId>1978574</wikidot:authorUserId>				<content:encoded>
					<![CDATA[
						 <p>Hi, I'm using Smoothieboard to control my RepRap 3D printer, everything run well, bed and extruder can heat, temperature is controlable, X-Y-Z is moving right direction, endstop can work!</p> <p>But when I put file to print, the extruder always moves too far from bed (around 1mm), so it can not print. Each layer, seems like it moves too far too, even I set in Slic3r is 0.1mm per layer.</p> <p>I'm sure that I moved the extruder really close to the bed, and set it is home for all axis. Please help!</p> <p>Here are my 3D printer information:</p> <p><strong>Belt driven systems: X and Y axis</strong><br /> Stepper motor: 1.8 degrees.<br /> Belt pitch: 5mm.<br /> Pulley tooth count: 12.</p> <p><strong>Leadscrew driven systems: Z axis</strong><br /> Stepper motor: 1.8 degrees.<br /> Leadscrew pitch: 1.25</p> <p>And here is the config in my board</p> <div class="code"> <pre> <code># NOTE Lines must not exceed 132 characters # Robot module configurations : general handling of movement G-codes and slicing into moves default_feed_rate 4000 # Default rate ( mm/minute ) for G1/G2/G3 moves default_seek_rate 4000 # Default rate ( mm/minute ) for G0 moves mm_per_arc_segment 0.5 # Arcs are cut into segments ( lines ), this is the length for # these segments. Smaller values mean more resolution, # higher values mean faster computation mm_per_line_segment 5 # Lines can be cut into segments ( not usefull with cartesian # coordinates robots ). # Arm solution configuration : Cartesian robot. Translates mm positions into stepper positions alpha_steps_per_mm 53.33 # Steps per mm for alpha stepper 80 beta_steps_per_mm 53.33 # Steps per mm for beta stepper 80 gamma_steps_per_mm 2560 # Steps per mm for gamma stepper 1600 # Planner module configuration : Look-ahead and acceleration configuration planner_queue_size 32 # DO NOT CHANGE THIS UNLESS YOU KNOW EXACTLY WHAT YOU ARE DOING acceleration 3000 # Acceleration in mm/second/second. #z_acceleration 500 # Acceleration for Z only moves in mm/s^2, 0 disables it, disabled by default. DO NOT SET ON A DELTA acceleration_ticks_per_second 1000 # Number of times per second the speed is updated junction_deviation 0.05 # Similar to the old &quot;max_jerk&quot;, in millimeters, # see --- # and --- # Lower values mean being more careful, higher values means being # faster and have more jerk #minimum_planner_speed 0.0 # sets the minimum planner speed in mm/sec # Stepper module configuration microseconds_per_step_pulse 1 # Duration of step pulses to stepper drivers, in microseconds minimum_steps_per_minute 1200 # Never step slower than this base_stepping_frequency 100000 # Base frequency for stepping, higher gives smoother movement # Cartesian axis speed limits x_axis_max_speed 30000 # mm/min y_axis_max_speed 30000 # mm/min z_axis_max_speed 300 # mm/min # Stepper module pins ( ports, and pin numbers, appending &quot;!&quot; to the number will invert a pin ) alpha_step_pin 2.0 # Pin for alpha stepper step signal alpha_dir_pin 0.5! # Pin for alpha stepper direction alpha_en_pin 0.4 # Pin for alpha enable pin alpha_current 1.2 # X stepper motor current alpha_max_rate 30000.0 # mm/min beta_step_pin 2.1 # Pin for beta stepper step signal beta_dir_pin 0.11! # Pin for beta stepper direction beta_en_pin 0.10 # Pin for beta enable beta_current 1.2 # Y stepper motor current beta_max_rate 30000.0 # mm/min gamma_step_pin 2.2 # Pin for gamma stepper step signal gamma_dir_pin 0.20 # Pin for gamma stepper direction gamma_en_pin 0.19 # Pin for gamma enable gamma_current 1.2 # Z stepper motor current gamma_max_rate 300.0 # mm/min # Serial communications configuration ( baud rate default to 9600 if undefined ) uart0.baud_rate 115200 # Baud rate for the default hardware serial port second_usb_serial_enable false # This enables a second usb serial port (to have both pronterface # and a terminal connected) #leds_disable true # disable using leds after config loaded #play_led_disable true # disable the play led #msd_disable false # disable the MSD (USB SDCARD) when set to true # Extruder module configuration extruder.hotend.enable true # Whether to activate the extruder module at all. All configuration is ignored if false extruder.hotend.steps_per_mm 140 # Steps per mm for extruder stepper extruder.hotend.default_feed_rate 600 # Default rate ( mm/minute ) for moves where only the extruder moves extruder.hotend.acceleration 500 # Acceleration for the stepper motor, as of 0.6, arbitrary ratio extruder.hotend.max_speed 50 # mm/s extruder.hotend.step_pin 2.3 # Pin for extruder step signal extruder.hotend.dir_pin 0.22! # Pin for extruder dir signal extruder.hotend.en_pin 0.21 # Pin for extruder enable signal # extruder offset #extruder.hotend.x_offset 0 # x offset from origin in mm #extruder.hotend.y_offset 0 # y offset from origin in mm #extruder.hotend.z_offset 0 # z offset from origin in mm # firmware retract settings when using G10/G11, these are the defaults if not defined, must be defined for each extruder if not using the defaults #extruder.hotend.retract_length 3 # retract length in mm #extruder.hotend.retract_feedrate 45 # retract feedrate in mm/sec #extruder.hotend.retract_recover_length 0 # additional length for recover #extruder.hotend.retract_recover_feedrate 8 # recover feedrate in mm/sec (should be less than retract feedrate) #extruder.hotend.retract_zlift_length 0 # zlift on retract in mm, 0 disables #extruder.hotend.retract_zlift_feedrate 6000 # zlift feedrate in mm/min (Note mm/min NOT mm/sec) delta_current 1.2 # First extruder stepper motor current # Second extruder module configuration #extruder.hotend2.enable true # Whether to activate the extruder module at all. All configuration is ignored if false #extruder.hotend2.steps_per_mm 140 # Steps per mm for extruder stepper #extruder.hotend2.default_feed_rate 600 # Default rate ( mm/minute ) for moves where only the extruder moves #extruder.hotend2.acceleration 500 # Acceleration for the stepper motor, as of 0.6, arbitrary ratio #extruder.hotend2.max_speed 50 # mm/s #extruder.hotend2.step_pin 2.8 # Pin for extruder step signal #extruder.hotend2.dir_pin 2.13 # Pin for extruder dir signal #extruder.hotend2.en_pin 4.29 # Pin for extruder enable signal #extruder.hotend2.x_offset 0 # x offset from origin in mm #extruder.hotend2.y_offset 25.0 # y offset from origin in mm #extruder.hotend2.z_offset 0 # z offset from origin in mm #epsilon_current 1.5 # Second extruder stepper motor current # Laser module configuration laser_module_enable false # Whether to activate the laser module at all. All configuration is # ignored if false. #laser_module_pin 2.5 # this pin will be PWMed to control the laser. Only P2.0 - P2.5 # can be used since laser requires hardware PWM #laser_module_max_power 0.8 # this is the maximum duty cycle that will be applied to the laser #laser_module_tickle_power 0.0 # this duty cycle will be used for travel moves to keep the laser # active without actually burning #laser_module_pwm_period 20 # this sets the pwm frequency as the period in microseconds # Hotend temperature control configuration temperature_control.hotend.enable true # Whether to activate this ( &quot;hotend&quot; ) module at all. # All configuration is ignored if false. temperature_control.hotend.thermistor_pin 0.23 # Pin for the thermistor to read temperature_control.hotend.heater_pin 2.7 # Pin that controls the heater, set to nc if a readonly thermistor is being defined temperature_control.hotend.thermistor EPCOS100K # see src/modules/tools/temperaturecontrol/TemperatureControl.cpp:64 # for a list of valid thermistor names temperature_control.hotend.set_m_code 104 # temperature_control.hotend.set_and_wait_m_code 109 # temperature_control.hotend.designator T # #temperature_control.hotend.p_factor 13.7 # permanently set the PID values after an auto pid #temperature_control.hotend.i_factor 0.097 # #temperature_control.hotend.d_factor 24 # #temperature_control.hotend.max_pwm 64 # max pwm, 64 is a good value if driving a 12v resistor with 24v. # Hotend2 temperature control configuration #temperature_control.hotend2.enable true # Whether to activate this ( &quot;hotend&quot; ) module at all. # All configuration is ignored if false. #temperature_control.hotend2.thermistor_pin 0.25 # Pin for the thermistor to read #temperature_control.hotend2.heater_pin 1.23 # Pin that controls the heater #temperature_control.hotend2.thermistor EPCOS100K # see src/modules/tools/temperaturecontrol/TemperatureControl.cpp:64 # for a list of valid thermistor names #temperature_control.hotend2.set_m_code 884 # #temperature_control.hotend2.set_and_wait_m_code 889 # #temperature_control.hotend2.designator T1 # #temperature_control.hotend2.p_factor 13.7 # permanently set the PID values after an auto pid #temperature_control.hotend2.i_factor 0.097 # #temperature_control.hotend2.d_factor 24 # #temperature_control.hotend2.max_pwm 64 # max pwm, 64 is a good value if driving a 12v resistor with 24v. temperature_control.bed.enable true # temperature_control.bed.thermistor_pin 0.24 # temperature_control.bed.heater_pin 2.5 # temperature_control.bed.thermistor Honeywell100K # see src/modules/tools/temperaturecontrol/TemperatureControl.cpp:64 # for a list of valid thermistor names temperature_control.bed.set_m_code 140 # temperature_control.bed.set_and_wait_m_code 190 # temperature_control.bed.designator B # #temperature_control.bed.bang_bang false # set to true to use bang bang control rather than PID #temperature_control.bed.hysteresis 2.0 # set to the temperature in degrees C to use as hysteresis # when using bang bang # Switch module for fan control switch.fan.enable true # switch.fan.input_on_command M106 # switch.fan.input_off_command M107 # switch.fan.output_pin 2.6 # switch.fan.output_type pwm # pwm output settable with S parameter in the input_on_comand #switch.fan.max_pwm 255 # set max pwm for the pin default is 255 #switch.misc.enable true # #switch.misc.input_on_command M42 # #switch.misc.input_off_command M43 # #switch.misc.output_pin 2.4 # #switch.misc.output_type digital # just an on or off pin # automatically toggle a switch at a specified temperature. Different ones of these may be defined to monitor different temperatures and switch different swithxes # useful to turn on a fan or water pump to cool the hotend #temperatureswitch.hotend.enable true # #temperatureswitch.hotend.designator T # first character of the temperature control designator to use as the temperature sensor to monitor #temperatureswitch.hotend.switch misc # select which switch to use, matches the name of the defined switch #temperatureswitch.hotend.threshold_temp 60.0 # temperature to turn on (if rising) or off the switch #temperatureswitch.hotend.heatup_poll 15 # poll heatup at 15 sec intervals #temperatureswitch.hotend.cooldown_poll 60 # poll cooldown at 60 sec intervals # Switch module for spindle control #switch.spindle.enable false # # Endstops endstops_enable true # the endstop module is enabled by default and can be disabled here #corexy_homing false # set to true if homing on a hbit or corexy alpha_min_endstop 1.24^ # add a ! to invert if endstop is NO connected to ground alpha_max_endstop 1.25^ # NOTE set to nc if this is not installed alpha_homing_direction home_to_min # or set to home_to_max and set alpha_max alpha_min 0 # this gets loaded after homing when home_to_min is set alpha_max 200 # this gets loaded after homing when home_to_max is set beta_min_endstop 1.26^ # beta_max_endstop 1.27^ # beta_homing_direction home_to_min # beta_min 0 # beta_max 200 # gamma_min_endstop 1.28^ # gamma_max_endstop 1.29^ # gamma_homing_direction home_to_min # gamma_min 0 # gamma_max 200 # # optional order in which axis will home, default is they all home at the same time, # if this is set it will force each axis to home one at a time in the specified order #homing_order XYZ # x axis followed by y then z last # optional enable limit switches, actions will stop if any enabled limit switch is triggered #alpha_limit_enable false # set to true to enable X min and max limit switches #beta_limit_enable false # set to true to enable Y min and max limit switches #gamma_limit_enable false # set to true to enable Z min and max limit switches alpha_fast_homing_rate_mm_s 50 # feedrates in mm/second beta_fast_homing_rate_mm_s 50 # &quot; gamma_fast_homing_rate_mm_s 4 # &quot; alpha_slow_homing_rate_mm_s 25 # &quot; beta_slow_homing_rate_mm_s 25 # &quot; gamma_slow_homing_rate_mm_s 2 # &quot; alpha_homing_retract_mm 5 # distance in mm beta_homing_retract_mm 5 # &quot; gamma_homing_retract_mm 1 # &quot; #endstop_debounce_count 100 # uncomment if you get noise on your endstops, default is 100 # optional Z probe zprobe.enable false # set to true to enable a zprobe zprobe.probe_pin 1.28!^ # pin probe is attached to if NC remove the ! zprobe.slow_feedrate 5 # mm/sec probe feed rate #zprobe.debounce_count 100 # set if noisy zprobe.fast_feedrate 100 # move feedrate mm/sec zprobe.probe_height 5 # how much above bed to start probe #gamma_min_endstop nc # normally 1.28. Change to nc to prevent conflict, # associated with zprobe the leveling strategy to use #leveling-strategy.three-point-leveling.enable true # a leveling strategy that probes three points to define a plane and keeps the Z parallel to that plane #leveling-strategy.three-point-leveling.point1 100.0,0.0 # the first probe point (x,y) optional may be defined with M557 #leveling-strategy.three-point-leveling.point2 200.0,200.0 # the second probe point (x,y) #leveling-strategy.three-point-leveling.point3 0.0,200.0 # the third probe point (x,y) #leveling-strategy.three-point-leveling.home_first true # home the XY axis before probing #leveling-strategy.three-point-leveling.tolerance 0.03 # the probe tolerance in mm, anything less that this will be ignored, default is 0.03mm #leveling-strategy.three-point-leveling.probe_offsets 0,0,0 # the probe offsets from nozzle, must be x,y,z, default is no offset #leveling-strategy.three-point-leveling.save_plane false # set to true to allow the bed plane to be saved with M500 default is false # Pause button pause_button_enable true # # Panel panel.enable false # set to true to enable the panel code panel.lcd smoothiepanel # set type of panel panel.encoder_a_pin 3.25!^ # encoder pin panel.encoder_b_pin 3.26!^ # encoder pin # Example for reprap discount GLCD # on glcd EXP1 is to left and EXP2 is to right, pin 1 is bottom left, pin 2 is top left etc. # +5v is EXP1 pin 10, Gnd is EXP1 pin 9 #panel.lcd reprap_discount_glcd # #panel.spi_channel 0 # spi channel to use ; GLCD EXP1 Pins 3,5 (MOSI, SCLK) #panel.spi_cs_pin 0.16 # spi chip select ; GLCD EXP1 Pin 4 #panel.encoder_a_pin 3.25!^ # encoder pin ; GLCD EXP2 Pin 3 #panel.encoder_b_pin 3.26!^ # encoder pin ; GLCD EXP2 Pin 5 #panel.click_button_pin 1.30!^ # click button ; GLCD EXP1 Pin 2 #panel.buzz_pin 1.31 # pin for buzzer ; GLCD EXP1 Pin 1 #panel.button_pause_pin 2.11^ # kill/pause ; GLCD EXP2 Pin 8 either #panel.back_button_pin 2.11!^ # back button ; GLCD EXP2 Pin 8 or # pins used with other panels #panel.up_button_pin 0.1! # up button if used #panel.down_button_pin 0.0! # down button if used #panel.click_button_pin 0.18! # click button if used panel.menu_offset 0 # some panels will need 1 here panel.alpha_jog_feedrate 6000 # x jogging feedrate in mm/min panel.beta_jog_feedrate 6000 # y jogging feedrate in mm/min panel.gamma_jog_feedrate 200 # z jogging feedrate in mm/min panel.hotend_temperature 185 # temp to set hotend when preheat is selected panel.bed_temperature 60 # temp to set bed when preheat is selected # Example of a custom menu entry, which will show up in the Custom entry. # NOTE _ gets converted to space in the menu and commands, | is used to separate multiple commands custom_menu.power_on.enable true # custom_menu.power_on.name Power_on # custom_menu.power_on.command M80 # custom_menu.power_off.enable true # custom_menu.power_off.name Power_off # custom_menu.power_off.command M81 # # Only needed on a smoothieboard currentcontrol_module_enable true # return_error_on_unhandled_gcode false # # network settings network.enable false # enable the ethernet network services network.webserver.enable true # enable the webserver network.telnet.enable true # enable the telnet server network.ip_address auto # use dhcp to get ip address # uncomment the 3 below to manually setup ip address #network.ip_address 192.168.3.222 # the IP address #network.ip_mask 255.255.255.0 # the ip mask #network.ip_gateway 192.168.3.1 # the gateway address #network.mac_override xx.xx.xx.xx.xx.xx # override the mac address, only do this if you have a conflict</code> </pre></div> 
				 	]]>
				</content:encoded>							</item>
					<item>
				<guid>http://smoothieware.org/forum/t-1029152</guid>
				<title>Controlling an auto focus on a laser cutter</title>
				<link>http://smoothieware.org/forum/t-1029152/controlling-an-auto-focus-on-a-laser-cutter</link>
				<description>Using the smoothieboard to control the auto focus on a laser cutter, via the z axiz.</description>
				<pubDate>Tue, 23 Sep 2014 09:56:32 +0000</pubDate>
				<wikidot:authorName>BarkEngMad</wikidot:authorName>				<wikidot:authorUserId>1982013</wikidot:authorUserId>				<content:encoded>
					<![CDATA[
						 <p>I am looking to buy a laser cutter from china, but I need to control it via linux, so will be replacing the control board with the smoothieboard. One of the projects I will be focusing on is laser etched skateboards, so with the kicks of the deck I need to be able to auto focus. The model I will be buying has autofocus, but I am unsure how this will work with the smoothieboard.</p> <p>Has anyone had any experience of using auto focus with the smoothieboard?</p> 
				 	]]>
				</content:encoded>							</item>
					<item>
				<guid>http://smoothieware.org/forum/t-1019123</guid>
				<title>M303 is always only 4 cycles?</title>
				<link>http://smoothieware.org/forum/t-1019123/m303-is-always-only-4-cycles</link>
				<description></description>
				<pubDate>Fri, 12 Sep 2014 17:27:35 +0000</pubDate>
				<wikidot:authorName>761834</wikidot:authorName>				<wikidot:authorUserId>1931385</wikidot:authorUserId>				<content:encoded>
					<![CDATA[
						 <p>Is this a (known) bug or am I missing something? Whenever I run an M303 it is always done after the 4th cycle. Even if I set the # of cycles to something bigger than 4 with the C command (e.g. M303 E0 S190 C10).</p> 
				 	]]>
				</content:encoded>							</item>
					<item>
				<guid>http://smoothieware.org/forum/t-1017175</guid>
				<title>Connecting RepRapDiacount Panel</title>
				<link>http://smoothieware.org/forum/t-1017175/connecting-reprapdiacount-panel</link>
				<description>Need help!</description>
				<pubDate>Wed, 10 Sep 2014 13:27:59 +0000</pubDate>
				<wikidot:authorName>cdndave</wikidot:authorName>				<wikidot:authorUserId>1935809</wikidot:authorUserId>				<content:encoded>
					<![CDATA[
						 <p>Well, what I thought would be an easy task to add the RepRapDiscount Panel is kicking my butt&#8230;</p> <p>I have made the required changes to my config file, hooked everything up according to the instruction and all I get is a brightly lit LCD panel.</p> <p>Does the RepRapDiscount need to be flashed with a firmware of some kind? Does someone have a nice step by step they would be willing to share?</p> <p>Thanks</p> <p>Dave</p> 
				 	]]>
				</content:encoded>							</item>
					<item>
				<guid>http://smoothieware.org/forum/t-1016643</guid>
				<title>SD card on panel</title>
				<link>http://smoothieware.org/forum/t-1016643/sd-card-on-panel</link>
				<description>How do I use the SD card on a  Reprap Discount GLCD - what pins do I use on the smoothieboard?</description>
				<pubDate>Tue, 09 Sep 2014 19:47:10 +0000</pubDate>
				<wikidot:authorName>cdndave</wikidot:authorName>				<wikidot:authorUserId>1935809</wikidot:authorUserId>				<content:encoded>
					<![CDATA[
						 <p>I have a Reprap Discount GLCD that I want to connect to my smoothie. I want to use the SD card reader on the GLCD to avoid having to open the encloses to pull the microSD out of the smoothie.</p> <p>Can anyone tell me where I can connect an external SD card into the smoothie?</p> <p>Thanks</p> <p>Dave</p> 
				 	]]>
				</content:encoded>							</item>
					<item>
				<guid>http://smoothieware.org/forum/t-1015707</guid>
				<title>Probe offsets relative to nozzle or origin?</title>
				<link>http://smoothieware.org/forum/t-1015707/probe-offsets-relative-to-nozzle-or-origin</link>
				<description></description>
				<pubDate>Sun, 07 Sep 2014 20:57:55 +0000</pubDate>
				<wikidot:authorName>761834</wikidot:authorName>				<wikidot:authorUserId>1931385</wikidot:authorUserId>				<content:encoded>
					<![CDATA[
						 <p>The probe offsets are stated to be the distance from the nozzle. However when only running a single extruder, nozzle = origin. So when switching to two hotends, do the probe offsets become relative to origin or are they still relative to the nozzle (of hotend 1?) ?</p> 
				 	]]>
				</content:encoded>							</item>
					<item>
				<guid>http://smoothieware.org/forum/t-1015592</guid>
				<title>Want to split off the drivers for CNC</title>
				<link>http://smoothieware.org/forum/t-1015592/want-to-split-off-the-drivers-for-cnc</link>
				<description>A single integrated board is optimal for printing, for CNC, a different approach...</description>
				<pubDate>Sun, 07 Sep 2014 13:08:50 +0000</pubDate>
				<wikidot:authorName>Phillip Hallam-Baker</wikidot:authorName>				<wikidot:authorUserId>1069405</wikidot:authorUserId>				<content:encoded>
					<![CDATA[
						 <p>I am currently trying to work out how to wire up my Shapeoko-2. This is a smallish CNC machine but has the option of swapping out the short rails supplied for much longer ones, 5 foot square cutting areas are common.</p> <p>One of the big challenges to going bigger is cable management. At the moment I have the following lines in to each axis:</p> <p>Stepper motor: 4 wires, up to 2.5 amps<br /> Endstops: 2 sense wires + Ground (+ 3.3&#160;V if using optical), negligible current.</p> <p>The problem with the current setup is that I have to run 2 separate cables for each axis. I also need to make up a break out panel to interface the cables. Rewiring is a non-trivial affair.</p> <p>Now one of the particular features of the Shapeoko is that it is a belt driven design. So if the limit switches are mounted on the motor carriage, the motor/switch geometry is fixed. All the electricals associated with one axis move together (neat!).</p> <p>Unfortunately the carriages are not big enough to mount a smoothie board on or a standard stepper driver.</p> <p>What I would really like to go to is the following:</p> <p>Each axis has separate signal and power lines. The signal lines are run over CAT6 ethernet cable which is the cheapest source of wire. Only logic level signals go over this cable so there is no risk to equipment if there is a mis-wiring. This makes use of standard ethernet cables and connectors possible.</p> <p>The power lines can then use standard 2 core cable of suitable gauge. This line can be daisy chained as the Z axis is mounted on the X axis. Just have to use a sufficiently thick gauge of wire.</p> <p>Each axis would then have a small breakout board about an inch square with input connectors for power (24V) and signal (ethernet jack) and screw terminals for the motors and pin connectors for the end stops.</p> <p>The stepper driver chip would then mount on the breakout board. This could be on the reverse of the board so that the chip can mount against the carriage aluminium and use it as a heatsink.</p> <p>At the other end there would be another breakout board to split the signals out.</p> <p>So does this make sense and has anyone seen something similar before?</p> 
				 	]]>
				</content:encoded>							</item>
					<item>
				<guid>http://smoothieware.org/forum/t-1015588</guid>
				<title>auto bed leveling</title>
				<link>http://smoothieware.org/forum/t-1015588/auto-bed-leveling</link>
				<description>support for automatic bed leveling in Cartesian printer</description>
				<pubDate>Sun, 07 Sep 2014 13:02:27 +0000</pubDate>
				<wikidot:authorName>Jittu Singh</wikidot:authorName>				<wikidot:authorUserId>1952835</wikidot:authorUserId>				<content:encoded>
					<![CDATA[
						 <p>Hi<br /> I am buliding a Cartesian printer and using smoothieboard. Is there any support for automatic bed leveling?</p> 
				 	]]>
				</content:encoded>							</item>
					<item>
				<guid>http://smoothieware.org/forum/t-1014921</guid>
				<title>Can someone try out chilipeppr with your smoothieboard?</title>
				<link>http://smoothieware.org/forum/t-1014921/can-someone-try-out-chilipeppr-with-your-smoothieboard</link>
				<description>Invite to try out chilipeppr</description>
				<pubDate>Fri, 05 Sep 2014 16:55:35 +0000</pubDate>
				<wikidot:authorName>Dat Chu</wikidot:authorName>				<wikidot:authorUserId>1970609</wikidot:authorUserId>				<content:encoded>
					<![CDATA[
						 <p>Hi guys,</p> <p>I don't have access to a smoothieboard but we are trying to provide an awesome web-based controller for all types of controller board. It has awesome looking interface, real time visualization, webcam support, buffering, dual controls for multiple smoothieboards or smoothieboard and arduino, &#8230; Everything is free and open source of course :)</p> <p>If we can get someone with a smoothieboard to give it a try and perhaps provide some feedback, it would be fantastic. With more users that have smoothieboard, I hope to add support for it in chilipeppr as well.</p> <p>You can get support for it via the Google+ community called Chilipeppr.</p> <p>You can start using the web-based controller simply by going to chilipeppr dot com.</p> 
				 	]]>
				</content:encoded>							</item>
					<item>
				<guid>http://smoothieware.org/forum/t-1014377</guid>
				<title>Building Laser Cutter Table</title>
				<link>http://smoothieware.org/forum/t-1014377/building-laser-cutter-table</link>
				<description>Need some pointers on config, &amp; getting the PWM to talk to the Smoothie.</description>
				<pubDate>Thu, 04 Sep 2014 20:42:07 +0000</pubDate>
				<wikidot:authorName>SteelShod</wikidot:authorName>				<wikidot:authorUserId>1970032</wikidot:authorUserId>				<content:encoded>
					<![CDATA[
						 <p>Hello, I'm SteelShod &amp; I'm trying to set up a laser-cutter. I've got the steppers moving &amp; homing, but I'm having trouble getting the PWM connected.</p> <p>In the config below, I've found that if I set<br /> <strong>extruder_module_enable false</strong>, (which I should think I want to do, as this is not a printer,)<br /> I lose connectivity. Likewise, if I set<br /> <strong>laser_module_enable true</strong>, (which I'm almost certain I want to do, as this is a laser cutter,)<br /> I again lose connectivity.</p> <p>Any insights would be greatly appreciated!</p> <p>Currently, I'm controlling this via Pronterface on an HP laptop, Windows 8.1, USB-connection.</p> <p>Here is my config file. Happy to provide further info.</p> <div class="code"> <pre> <code># Robot module configurations : general handling of movement G-codes and slicing into moves default_feed_rate 4000 # Default rate ( mm/minute ) for G1/G2/G3 moves default_seek_rate 4000 # Default rate ( mm/minute ) for G0 moves mm_per_arc_segment 0.5 # Arcs are cut into segments ( lines ), this is the length for these segments. Smaller values mean more resolution, higher values mean faster computation mm_per_line_segment 5 # Lines can be cut into segments ( not useful with Cartesian coordinates robots ). # Arm solution configuration : Cartesian robot. Translates mm positions into stepper positions alpha_steps_per_mm 80 # Steps per mm for alpha stepper beta_steps_per_mm 80 # Steps per mm for beta stepper gamma_steps_per_mm 1600 # Steps per mm for gamma stepper # Planner module configuration : Look-ahead and acceleration configuration planner_queue_size 64 # Size of the planning queue, must be a power of 2. 128 seems to be the maximum. acceleration 3000 # Acceleration in mm/second/second. acceleration_ticks_per_second 1000 # Number of times per second the speed is updated junction_deviation 0.05 # Stepper module configuration microseconds_per_step_pulse 1 # Duration of step pulses to stepper drivers, in microseconds minimum_steps_per_minute 1200 # Never step slower than this base_stepping_frequency 100000 # Base frequency for stepping, higher gives smoother movement # Stepper module pins ( ports, and pin numbers, appending &quot;!&quot; to the number will invert a pin ) alpha_step_pin 2.0 # Pin for alpha stepper step signal alpha_dir_pin 0.5 # Pin for alpha stepper direction alpha_en_pin 0.4 # Pin for alpha enable pin alpha_current 2.0 # X stepper motor current x_axis_max_speed 30000 # mm/min beta_step_pin 2.1 # Pin for beta stepper step signal beta_dir_pin 0.11 # Pin for beta stepper direction beta_en_pin 0.10 # Pin for beta enable beta_current 2.0 # Y stepper motor current y_axis_max_speed 30000 # mm/min gamma_step_pin 2.2 # Pin for gamma stepper step signal gamma_dir_pin 0.20 # Pin for gamma stepper direction gamma_en_pin 0.19 # Pin for gamma enable gamma_current 1.5 # Z stepper motor current z_axis_max_speed 300 # mm/min # Serial communications configuration ( baud rate default to 9600 if undefined ) uart0.baud_rate 115200 # Baud rate for the default hardware serial port second_usb_serial_enable false # This enables a second usb serial port (to have both pronterface and a terminal connected) # Extruder module configuration extruder_module_enable true # Whether to activate the extruder module at all. All configuration is ignored if false extruder_steps_per_mm 140 # Steps per mm for extruder stepper extruder_default_feed_rate 600 # Default rate ( mm/minute ) for moves where only the extruder moves extruder_acceleration 50 # Acceleration for the stepper motor, as of 0.6, arbitrary ratio extruder_max_speed 1000 # mm^3/s extruder_step_pin 2.3 # Pin for extruder step signal extruder_dir_pin 0.22 # Pin for extruder dir signal extruder_en_pin 0.21 # Pin for extruder enable signal delta_current 1.5 # Extruder stepper motor current # Laser module configuration laser_module_enable false # Whether to activate the laser module at all. All configuration is ignored if false. #laser_module_pin 2.5 # this pin will be PWMed to control the laser #laser_module_max_power 0.8 # this is the maximum duty cycle that will be applied to the laser #laser_module_tickle_power 0.0 # this duty cycle will be used for travel moves to keep the laser active without actually burning # Hotend temperature control configuration temperature_control.hotend.enable true # Whether to activate this ( &quot;hotend&quot; ) module at all. All configuration is ignored if false. temperature_control.hotend.thermistor_pin 0.23 # Pin for the thermistor to read temperature_control.hotend.heater_pin 2.7 # Pin that controls the heater temperature_control.hotend.thermistor EPCOS100K # see src/modules/tools/temperaturecontrol/TemperatureControl.cpp:64 for a list of valid thermistor names temperature_control.hotend.set_m_code 104 # temperature_control.hotend.set_and_wait_m_code 109 # temperature_control.hotend.designator T # #temperature_control.hotend.p_factor 13.7 # permanenetly set the PID values after an auto pid #temperature_control.hotend.i_factor 0.097 # #temperature_control.hotend.d_factor 24 # #temperature_control.hotend.max_pwm 64 # override max pwm, 64 is a good value if driving a 12v resistor with 24v. temperature_control.bed.enable false # temperature_control.bed.thermistor_pin 0.24 # temperature_control.bed.heater_pin 2.5 # temperature_control.bed.thermistor Honeywell100K # see src/modules/tools/temperaturecontrol/TemperatureControl.cpp:64 for a list of valid thermistor names temperature_control.bed.set_m_code 140 # temperature_control.bed.set_and_wait_m_code 190 # temperature_control.bed.designator B # # Switch module for fan control switch.fan.enable true # switch.fan.input_on_command M106 # switch.fan.input_off_command M107 # switch.fan.output_pin 2.6 # #switch.misc.enable true # #switch.misc.input_on_command M42 # #switch.misc.input_off_command M43 # #switch.misc.output_pin 2.4 # # Switch module for spindle control #switch.spindle.enable false # # Endstops endstops_enable true # the endstop module is enabled by default and can be disabled here #corexy_homing false # set to true if homing on a hbit or corexy alpha_min_endstop 1.24^ # add a ! to invert if endstop is NO connected to ground alpha_max_endstop 1.25^ # alpha_homing_direction home_to_min # or set to home_to_max and set alpha_max alpha_min 0 # this gets loaded after homing when home_to_min is set alpha_max 200 # this gets loaded after homing when home_to_max is set beta_min_endstop 1.26^ # beta_max_endstop 1.27^ # beta_homing_direction home_to_min # beta_min 0 # beta_max 200 # gamma_min_endstop 1.28^ # gamma_max_endstop 1.29^ # gamma_homing_direction home_to_min # gamma_min 0 # gamma_max 200 # alpha_fast_homing_rate_mm_s 50 # feedrates in mm/second beta_fast_homing_rate_mm_s 50 # &quot; gamma_fast_homing_rate_mm_s 4 # &quot; alpha_slow_homing_rate_mm_s 25 # &quot; beta_slow_homing_rate_mm_s 25 # &quot; gamma_slow_homing_rate_mm_s 2 # &quot; alpha_homing_retract_mm 5 # distance in mm beta_homing_retract_mm 5 # &quot; gamma_homing_retract_mm 1 # &quot; # Pause button pause_button_enable true # # Panel panel.enable false # set to true to enable the panel code panel.lcd smoothiepanel # set type of panel also viki_lcd, i2c_lcd is a generic i2c panel, panelolu2 panel.encoder_a_pin 1.22!^ # encoder pin panel.encoder_b_pin 1.23!^ # encoder pin # Example for reprap discount GLCD # on glcd EXP1 is to left and EXP2 is to right, pin 1 is bottom left, pin 2 is top left etc. # +5v is EXP1 pin 10, Gnd is EXP1 pin 9 #panel.lcd reprap_discount_glcd # #panel.spi_channel 0 # spi channel to use ; GLCD EXP1 Pins 3,5 (MOSI, SCLK) #panel.spi_cs_pin 0.16 # spi chip select ; GLCD EXP1 Pin 4 #panel.encoder_a_pin 1.22!^ # encoder pin ; GLCD EXP2 Pin 3 #panel.encoder_b_pin 1.23!^ # encoder pin ; GLCD EXP2 Pin 5 #panel.click_button_pin 1.30!^ # click button ; GLCD EXP1 Pin 2 #panel.buzz_pin 1.31 # pin for buzzer ; GLCD EXP1 Pin 1 #panel.button_pause_pin 2.11^ # kill/pause ; GLCD EXP2 Pin 8 # pins used with other panels #panel.up_button_pin 0.1! # up button if used #panel.down_button_pin 0.0! # down button if used #panel.click_button_pin 0.18! # click button if used panel.menu_offset 0 # some panels will need 1 here panel.alpha_jog_feedrate 6000 # x jogging feedrate in mm/min panel.beta_jog_feedrate 6000 # y jogging feedrate in mm/min panel.gamma_jog_feedrate 200 # z jogging feedrate in mm/min panel.hotend_temperature 185 # temp to set hotend when preheat is selected panel.bed_temperature 60 # temp to set bed when preheat is selected # Example of a custom menu entry, which will show up in the Custom entry. # NOTE _ gets converted to space in the menu and commands, | is used to separate multiple commands custom_menu.power_on.enable true # custom_menu.power_on.name Power_on # custom_menu.power_on.command M80 # custom_menu.power_off.enable true # custom_menu.power_off.name Power_off # custom_menu.power_off.command M81 # # Only needed on a smoothieboard currentcontrol_module_enable true # return_error_on_unhandled_gcode false #</code> </pre></div> 
				 	]]>
				</content:encoded>							</item>
				</channel>
</rss>