<?xml version="1.0" encoding="UTF-8" ?>
<rss version="2.0" xmlns:content="http://purl.org/rss/1.0/modules/content/" xmlns:wikidot="http://www.wikidot.com/rss-namespace">

	<channel>
		<title>Recent page changes from site &quot;Smoothie Project&quot; (a Wikidot site)</title>
		<link>http://smoothieware.org</link>
		<description></description>
				<copyright></copyright>
		<lastBuildDate>Thu, 30 Oct 2014 09:05:47 +0000</lastBuildDate>
		
					<item>
				<guid>http://smoothieware.org/panel#revision-50708558</guid>
				<title>&quot;Panel&quot; - source change</title>
				<link>http://smoothieware.org/panel</link>
				<description>Page: &lt;a href=&quot;http://smoothieware.org/panel&quot;&gt;Panel&lt;/a&gt; (panel)&lt;br/&gt;Current revision number: 65&lt;br/&gt;Date changed: Thu, 30 Oct 2014 08:32:16 +0000&lt;br/&gt;Change type: source change&lt;br/&gt;By: &lt;span class=&quot;printuser&quot;&gt;&lt;a href=&quot;http://www.wikidot.com/user:info/ajfoul&quot; onclick=&quot;WIKIDOT.page.listeners.userInfo(2005059); return false;&quot; &gt;ajfoul&lt;/a&gt;&lt;/span&gt;&lt;br/&gt;&lt;br/&gt;Page content preview: &lt;br/&gt;FoldUnfold
Table of Contents

Currently supported LCD panels
Configuration
Custom menu entries
Reprap Discount GLCD
Azteeg X5 Mini to RRD GLCD wiring harness
Viki2 from panacutt.com
LCD 12864 with...</description>
				<pubDate>Thu, 30 Oct 2014 08:32:16 +0000</pubDate>
												<content:encoded>
					<![CDATA[
						Page: <a href="http://smoothieware.org/panel">Panel</a> (panel)<br/>Current revision number: 65<br/>Date changed: Thu, 30 Oct 2014 08:32:16 +0000<br/>Change type: source change<br/>By: <span class="printuser"><a href="http://www.wikidot.com/user:info/ajfoul" onclick="WIKIDOT.page.listeners.userInfo(2005059); return false;" >ajfoul</a></span><br/><br/>Page content preview: <br/>FoldUnfold Table of Contents Currently supported LCD panels Configuration Custom menu entries Reprap Discount GLCD Azteeg X5 Mini to RRD GLCD wiring harness Viki2 from panacutt.com LCD 12864 with...
				 	]]>
				</content:encoded>							</item>
					<item>
				<guid>http://smoothieware.org/panel#revision-50707851</guid>
				<title>&quot;Panel&quot; - source change</title>
				<link>http://smoothieware.org/panel</link>
				<description>Page: &lt;a href=&quot;http://smoothieware.org/panel&quot;&gt;Panel&lt;/a&gt; (panel)&lt;br/&gt;Current revision number: 64&lt;br/&gt;Date changed: Thu, 30 Oct 2014 07:09:00 +0000&lt;br/&gt;Change type: source change&lt;br/&gt;By: &lt;span class=&quot;printuser&quot;&gt;&lt;a href=&quot;http://www.wikidot.com/user:info/ajfoul&quot; onclick=&quot;WIKIDOT.page.listeners.userInfo(2005059); return false;&quot; &gt;ajfoul&lt;/a&gt;&lt;/span&gt;&lt;br/&gt;&lt;br/&gt;Page content preview: &lt;br/&gt;FoldUnfold
Table of Contents

Currently supported LCD panels
Configuration
Custom menu entries
Reprap Discount GLCD
Azteeg X5 Mini to RRD GLCD wiring harness
Viki2 from panacutt.com
LCD 12864 with...</description>
				<pubDate>Thu, 30 Oct 2014 07:09:00 +0000</pubDate>
												<content:encoded>
					<![CDATA[
						Page: <a href="http://smoothieware.org/panel">Panel</a> (panel)<br/>Current revision number: 64<br/>Date changed: Thu, 30 Oct 2014 07:09:00 +0000<br/>Change type: source change<br/>By: <span class="printuser"><a href="http://www.wikidot.com/user:info/ajfoul" onclick="WIKIDOT.page.listeners.userInfo(2005059); return false;" >ajfoul</a></span><br/><br/>Page content preview: <br/>FoldUnfold Table of Contents Currently supported LCD panels Configuration Custom menu entries Reprap Discount GLCD Azteeg X5 Mini to RRD GLCD wiring harness Viki2 from panacutt.com LCD 12864 with...
				 	]]>
				</content:encoded>							</item>
					<item>
				<guid>http://smoothieware.org/panel#revision-50707785</guid>
				<title>&quot;Panel&quot; - file action</title>
				<link>http://smoothieware.org/panel</link>
				<description>Page: &lt;a href=&quot;http://smoothieware.org/panel&quot;&gt;Panel&lt;/a&gt; (panel)&lt;br/&gt;Current revision number: 63&lt;br/&gt;Date changed: Thu, 30 Oct 2014 07:00:50 +0000&lt;br/&gt;Change type: file action&lt;br/&gt;Change comments: Uploaded file &amp;quot;GLCDtoAzteegX5miniWiringHarness.pdf&amp;quot;.&lt;br/&gt;By: &lt;span class=&quot;printuser&quot;&gt;&lt;a href=&quot;http://www.wikidot.com/user:info/ajfoul&quot; onclick=&quot;WIKIDOT.page.listeners.userInfo(2005059); return false;&quot; &gt;ajfoul&lt;/a&gt;&lt;/span&gt;&lt;br/&gt;&lt;br/&gt;Page content preview: &lt;br/&gt;FoldUnfold
Table of Contents

Currently supported LCD panels
Configuration
Custom menu entries
Reprap Discount GLCD
Azteeg X5 Mini to RRD GLCD wiring harness
Viki2 from panacutt.com
LCD 12864 with...</description>
				<pubDate>Thu, 30 Oct 2014 07:00:50 +0000</pubDate>
												<content:encoded>
					<![CDATA[
						Page: <a href="http://smoothieware.org/panel">Panel</a> (panel)<br/>Current revision number: 63<br/>Date changed: Thu, 30 Oct 2014 07:00:50 +0000<br/>Change type: file action<br/>Change comments: Uploaded file &quot;GLCDtoAzteegX5miniWiringHarness.pdf&quot;.<br/>By: <span class="printuser"><a href="http://www.wikidot.com/user:info/ajfoul" onclick="WIKIDOT.page.listeners.userInfo(2005059); return false;" >ajfoul</a></span><br/><br/>Page content preview: <br/>FoldUnfold Table of Contents Currently supported LCD panels Configuration Custom menu entries Reprap Discount GLCD Azteeg X5 Mini to RRD GLCD wiring harness Viki2 from panacutt.com LCD 12864 with...
				 	]]>
				</content:encoded>							</item>
					<item>
				<guid>http://smoothieware.org/zprobe#revision-50686814</guid>
				<title>&quot;Zprobe&quot; - source change</title>
				<link>http://smoothieware.org/zprobe</link>
				<description>Page: &lt;a href=&quot;http://smoothieware.org/zprobe&quot;&gt;Zprobe&lt;/a&gt; (zprobe)&lt;br/&gt;Current revision number: 42&lt;br/&gt;Date changed: Tue, 28 Oct 2014 20:41:30 +0000&lt;br/&gt;Change type: source change&lt;br/&gt;By: &lt;span class=&quot;printuser&quot;&gt;&lt;a href=&quot;http://www.wikidot.com/user:info/arthurwolf&quot; onclick=&quot;WIKIDOT.page.listeners.userInfo(471107); return false;&quot; &gt;arthurwolf&lt;/a&gt;&lt;/span&gt;&lt;br/&gt;&lt;br/&gt;Page content preview: &lt;br/&gt;Hardware requirements:
You will need a probe switch attached to the extruder, or a bed able to trigger an end stop input when the hotend touches it. (FSRs or another method)
Configuration
Add the...</description>
				<pubDate>Tue, 28 Oct 2014 20:41:30 +0000</pubDate>
												<content:encoded>
					<![CDATA[
						Page: <a href="http://smoothieware.org/zprobe">Zprobe</a> (zprobe)<br/>Current revision number: 42<br/>Date changed: Tue, 28 Oct 2014 20:41:30 +0000<br/>Change type: source change<br/>By: <span class="printuser"><a href="http://www.wikidot.com/user:info/arthurwolf" onclick="WIKIDOT.page.listeners.userInfo(471107); return false;" >arthurwolf</a></span><br/><br/>Page content preview: <br/>Hardware requirements: You will need a probe switch attached to the extruder, or a bed able to trigger an end stop input when the hotend touches it. (FSRs or another method) Configuration Add the...
				 	]]>
				</content:encoded>							</item>
					<item>
				<guid>http://smoothieware.org/delta#revision-50686434</guid>
				<title>&quot;Delta&quot; - source change</title>
				<link>http://smoothieware.org/delta</link>
				<description>Page: &lt;a href=&quot;http://smoothieware.org/delta&quot;&gt;Delta&lt;/a&gt; (delta)&lt;br/&gt;Current revision number: 42&lt;br/&gt;Date changed: Tue, 28 Oct 2014 20:00:43 +0000&lt;br/&gt;Change type: source change&lt;br/&gt;By: &lt;span class=&quot;printuser&quot;&gt;&lt;a href=&quot;http://www.wikidot.com/user:info/wolfmanjm&quot; onclick=&quot;WIKIDOT.page.listeners.userInfo(1543179); return false;&quot; &gt;wolfmanjm&lt;/a&gt;&lt;/span&gt;&lt;br/&gt;&lt;br/&gt;Page content preview: &lt;br/&gt;Configuration
Linear delta machines such as the Rostock and the Kossel use three linear axes, in a triangular configuration, arms, and some clever math, to move a tool in three dimensions.
They can...</description>
				<pubDate>Tue, 28 Oct 2014 20:00:43 +0000</pubDate>
												<content:encoded>
					<![CDATA[
						Page: <a href="http://smoothieware.org/delta">Delta</a> (delta)<br/>Current revision number: 42<br/>Date changed: Tue, 28 Oct 2014 20:00:43 +0000<br/>Change type: source change<br/>By: <span class="printuser"><a href="http://www.wikidot.com/user:info/wolfmanjm" onclick="WIKIDOT.page.listeners.userInfo(1543179); return false;" >wolfmanjm</a></span><br/><br/>Page content preview: <br/>Configuration Linear delta machines such as the Rostock and the Kossel use three linear axes, in a triangular configuration, arms, and some clever math, to move a tool in three dimensions. They can...
				 	]]>
				</content:encoded>							</item>
					<item>
				<guid>http://smoothieware.org/delta#revision-50686421</guid>
				<title>&quot;Delta&quot; - source change</title>
				<link>http://smoothieware.org/delta</link>
				<description>Page: &lt;a href=&quot;http://smoothieware.org/delta&quot;&gt;Delta&lt;/a&gt; (delta)&lt;br/&gt;Current revision number: 41&lt;br/&gt;Date changed: Tue, 28 Oct 2014 19:59:29 +0000&lt;br/&gt;Change type: source change&lt;br/&gt;By: &lt;span class=&quot;printuser&quot;&gt;&lt;a href=&quot;http://www.wikidot.com/user:info/wolfmanjm&quot; onclick=&quot;WIKIDOT.page.listeners.userInfo(1543179); return false;&quot; &gt;wolfmanjm&lt;/a&gt;&lt;/span&gt;&lt;br/&gt;&lt;br/&gt;Page content preview: &lt;br/&gt;Configuration
Linear delta machines such as the Rostock and the Kossel use three linear axes, in a triangular configuration, arms, and some clever math, to move a tool in three dimensions.
They can...</description>
				<pubDate>Tue, 28 Oct 2014 19:59:29 +0000</pubDate>
												<content:encoded>
					<![CDATA[
						Page: <a href="http://smoothieware.org/delta">Delta</a> (delta)<br/>Current revision number: 41<br/>Date changed: Tue, 28 Oct 2014 19:59:29 +0000<br/>Change type: source change<br/>By: <span class="printuser"><a href="http://www.wikidot.com/user:info/wolfmanjm" onclick="WIKIDOT.page.listeners.userInfo(1543179); return false;" >wolfmanjm</a></span><br/><br/>Page content preview: <br/>Configuration Linear delta machines such as the Rostock and the Kossel use three linear axes, in a triangular configuration, arms, and some clever math, to move a tool in three dimensions. They can...
				 	]]>
				</content:encoded>							</item>
					<item>
				<guid>http://smoothieware.org/windows-drivers#revision-50682544</guid>
				<title>&quot;Windows Drivers&quot; - source change</title>
				<link>http://smoothieware.org/windows-drivers</link>
				<description>Page: &lt;a href=&quot;http://smoothieware.org/windows-drivers&quot;&gt;Windows Drivers&lt;/a&gt; (windows-drivers)&lt;br/&gt;Current revision number: 57&lt;br/&gt;Date changed: Tue, 28 Oct 2014 14:19:28 +0000&lt;br/&gt;Change type: source change&lt;br/&gt;By: &lt;span class=&quot;printuser&quot;&gt;&lt;a href=&quot;http://www.wikidot.com/user:info/logxen&quot; onclick=&quot;WIKIDOT.page.listeners.userInfo(1349488); return false;&quot; &gt;Logxen&lt;/a&gt;&lt;/span&gt;&lt;br/&gt;&lt;br/&gt;Page content preview: &lt;br/&gt;If you run Windows you will need to install drivers to use the virtual serial over USB interface.
Installers

Windows 2000/Vista/7/8&amp;#160;64bit/32bit: smoothieware-usb-driver-v1.1.exe

Note:...</description>
				<pubDate>Tue, 28 Oct 2014 14:19:28 +0000</pubDate>
												<content:encoded>
					<![CDATA[
						Page: <a href="http://smoothieware.org/windows-drivers">Windows Drivers</a> (windows-drivers)<br/>Current revision number: 57<br/>Date changed: Tue, 28 Oct 2014 14:19:28 +0000<br/>Change type: source change<br/>By: <span class="printuser"><a href="http://www.wikidot.com/user:info/logxen" onclick="WIKIDOT.page.listeners.userInfo(1349488); return false;" >Logxen</a></span><br/><br/>Page content preview: <br/>If you run Windows you will need to install drivers to use the virtual serial over USB interface. Installers Windows 2000/Vista/7/8&#160;64bit/32bit: smoothieware-usb-driver-v1.1.exe Note:...
				 	]]>
				</content:encoded>							</item>
					<item>
				<guid>http://smoothieware.org/windows-drivers#revision-50682535</guid>
				<title>&quot;Windows Drivers&quot; - source change</title>
				<link>http://smoothieware.org/windows-drivers</link>
				<description>Page: &lt;a href=&quot;http://smoothieware.org/windows-drivers&quot;&gt;Windows Drivers&lt;/a&gt; (windows-drivers)&lt;br/&gt;Current revision number: 56&lt;br/&gt;Date changed: Tue, 28 Oct 2014 14:17:25 +0000&lt;br/&gt;Change type: source change&lt;br/&gt;By: &lt;span class=&quot;printuser&quot;&gt;&lt;a href=&quot;http://www.wikidot.com/user:info/logxen&quot; onclick=&quot;WIKIDOT.page.listeners.userInfo(1349488); return false;&quot; &gt;Logxen&lt;/a&gt;&lt;/span&gt;&lt;br/&gt;&lt;br/&gt;Page content preview: &lt;br/&gt;If you run Windows you will need to install drivers to use the virtual serial over USB interface.
Installers

Windows 2000/Vista/7/8&amp;#160;64bit/32bit: smoothieware-usb-driver-v1.1.exe

Note:...</description>
				<pubDate>Tue, 28 Oct 2014 14:17:25 +0000</pubDate>
												<content:encoded>
					<![CDATA[
						Page: <a href="http://smoothieware.org/windows-drivers">Windows Drivers</a> (windows-drivers)<br/>Current revision number: 56<br/>Date changed: Tue, 28 Oct 2014 14:17:25 +0000<br/>Change type: source change<br/>By: <span class="printuser"><a href="http://www.wikidot.com/user:info/logxen" onclick="WIKIDOT.page.listeners.userInfo(1349488); return false;" >Logxen</a></span><br/><br/>Page content preview: <br/>If you run Windows you will need to install drivers to use the virtual serial over USB interface. Installers Windows 2000/Vista/7/8&#160;64bit/32bit: smoothieware-usb-driver-v1.1.exe Note:...
				 	]]>
				</content:encoded>							</item>
					<item>
				<guid>http://smoothieware.org/zprobe#revision-50675135</guid>
				<title>&quot;Zprobe&quot; - source change</title>
				<link>http://smoothieware.org/zprobe</link>
				<description>Page: &lt;a href=&quot;http://smoothieware.org/zprobe&quot;&gt;Zprobe&lt;/a&gt; (zprobe)&lt;br/&gt;Current revision number: 41&lt;br/&gt;Date changed: Tue, 28 Oct 2014 01:43:12 +0000&lt;br/&gt;Change type: source change&lt;br/&gt;By: &lt;span class=&quot;printuser&quot;&gt;&lt;a href=&quot;http://www.wikidot.com/user:info/wolfmanjm&quot; onclick=&quot;WIKIDOT.page.listeners.userInfo(1543179); return false;&quot; &gt;wolfmanjm&lt;/a&gt;&lt;/span&gt;&lt;br/&gt;&lt;br/&gt;Page content preview: &lt;br/&gt;Hardware requirements:
You will need a probe switch attached to the extruder, or a bed able to trigger an end stop input when the hotend touches it. (FSRs or another method)
Configuration
Add the...</description>
				<pubDate>Tue, 28 Oct 2014 01:43:12 +0000</pubDate>
												<content:encoded>
					<![CDATA[
						Page: <a href="http://smoothieware.org/zprobe">Zprobe</a> (zprobe)<br/>Current revision number: 41<br/>Date changed: Tue, 28 Oct 2014 01:43:12 +0000<br/>Change type: source change<br/>By: <span class="printuser"><a href="http://www.wikidot.com/user:info/wolfmanjm" onclick="WIKIDOT.page.listeners.userInfo(1543179); return false;" >wolfmanjm</a></span><br/><br/>Page content preview: <br/>Hardware requirements: You will need a probe switch attached to the extruder, or a bed able to trigger an end stop input when the hotend touches it. (FSRs or another method) Configuration Add the...
				 	]]>
				</content:encoded>							</item>
					<item>
				<guid>http://smoothieware.org/zprobe#revision-50675129</guid>
				<title>&quot;Zprobe&quot; - source change</title>
				<link>http://smoothieware.org/zprobe</link>
				<description>Page: &lt;a href=&quot;http://smoothieware.org/zprobe&quot;&gt;Zprobe&lt;/a&gt; (zprobe)&lt;br/&gt;Current revision number: 40&lt;br/&gt;Date changed: Tue, 28 Oct 2014 01:42:29 +0000&lt;br/&gt;Change type: source change&lt;br/&gt;By: &lt;span class=&quot;printuser&quot;&gt;&lt;a href=&quot;http://www.wikidot.com/user:info/wolfmanjm&quot; onclick=&quot;WIKIDOT.page.listeners.userInfo(1543179); return false;&quot; &gt;wolfmanjm&lt;/a&gt;&lt;/span&gt;&lt;br/&gt;&lt;br/&gt;Page content preview: &lt;br/&gt;Hardware requirements:
You will need a probe switch attached to the extruder, or a bed able to trigger an end stop input when the hotend touches it. (FSRs or another method)
Configuration
Add the...</description>
				<pubDate>Tue, 28 Oct 2014 01:42:29 +0000</pubDate>
												<content:encoded>
					<![CDATA[
						Page: <a href="http://smoothieware.org/zprobe">Zprobe</a> (zprobe)<br/>Current revision number: 40<br/>Date changed: Tue, 28 Oct 2014 01:42:29 +0000<br/>Change type: source change<br/>By: <span class="printuser"><a href="http://www.wikidot.com/user:info/wolfmanjm" onclick="WIKIDOT.page.listeners.userInfo(1543179); return false;" >wolfmanjm</a></span><br/><br/>Page content preview: <br/>Hardware requirements: You will need a probe switch attached to the extruder, or a bed able to trigger an end stop input when the hotend touches it. (FSRs or another method) Configuration Add the...
				 	]]>
				</content:encoded>							</item>
					<item>
				<guid>http://smoothieware.org/zprobe#revision-50675121</guid>
				<title>&quot;Zprobe&quot; - source change</title>
				<link>http://smoothieware.org/zprobe</link>
				<description>Page: &lt;a href=&quot;http://smoothieware.org/zprobe&quot;&gt;Zprobe&lt;/a&gt; (zprobe)&lt;br/&gt;Current revision number: 39&lt;br/&gt;Date changed: Tue, 28 Oct 2014 01:41:34 +0000&lt;br/&gt;Change type: source change&lt;br/&gt;By: &lt;span class=&quot;printuser&quot;&gt;&lt;a href=&quot;http://www.wikidot.com/user:info/wolfmanjm&quot; onclick=&quot;WIKIDOT.page.listeners.userInfo(1543179); return false;&quot; &gt;wolfmanjm&lt;/a&gt;&lt;/span&gt;&lt;br/&gt;&lt;br/&gt;Page content preview: &lt;br/&gt;Hardware requirements:
You will need a probe switch attached to the extruder, or a bed able to trigger an end stop input when the hotend touches it. (FSRs or another method)
Configuration
Add the...</description>
				<pubDate>Tue, 28 Oct 2014 01:41:34 +0000</pubDate>
												<content:encoded>
					<![CDATA[
						Page: <a href="http://smoothieware.org/zprobe">Zprobe</a> (zprobe)<br/>Current revision number: 39<br/>Date changed: Tue, 28 Oct 2014 01:41:34 +0000<br/>Change type: source change<br/>By: <span class="printuser"><a href="http://www.wikidot.com/user:info/wolfmanjm" onclick="WIKIDOT.page.listeners.userInfo(1543179); return false;" >wolfmanjm</a></span><br/><br/>Page content preview: <br/>Hardware requirements: You will need a probe switch attached to the extruder, or a bed able to trigger an end stop input when the hotend touches it. (FSRs or another method) Configuration Add the...
				 	]]>
				</content:encoded>							</item>
					<item>
				<guid>http://smoothieware.org/compiling-smoothie#revision-50666303</guid>
				<title>&quot;Compiling Smoothie&quot; - source change</title>
				<link>http://smoothieware.org/compiling-smoothie</link>
				<description>Page: &lt;a href=&quot;http://smoothieware.org/compiling-smoothie&quot;&gt;Compiling Smoothie&lt;/a&gt; (compiling-smoothie)&lt;br/&gt;Current revision number: 29&lt;br/&gt;Date changed: Mon, 27 Oct 2014 12:54:15 +0000&lt;br/&gt;Change type: source change&lt;br/&gt;By: &lt;span class=&quot;printuser&quot;&gt;&lt;a href=&quot;http://www.wikidot.com/user:info/arthurwolf&quot; onclick=&quot;WIKIDOT.page.listeners.userInfo(471107); return false;&quot; &gt;arthurwolf&lt;/a&gt;&lt;/span&gt;&lt;br/&gt;&lt;br/&gt;Page content preview: &lt;br/&gt;Compilation from Source
Smoothie can be compiled using GCC.
First of all, get Smoothie&#039;s source.
You do not need to do any of this if you just want to use your board. This is only needed if you...</description>
				<pubDate>Mon, 27 Oct 2014 12:54:15 +0000</pubDate>
												<content:encoded>
					<![CDATA[
						Page: <a href="http://smoothieware.org/compiling-smoothie">Compiling Smoothie</a> (compiling-smoothie)<br/>Current revision number: 29<br/>Date changed: Mon, 27 Oct 2014 12:54:15 +0000<br/>Change type: source change<br/>By: <span class="printuser"><a href="http://www.wikidot.com/user:info/arthurwolf" onclick="WIKIDOT.page.listeners.userInfo(471107); return false;" >arthurwolf</a></span><br/><br/>Page content preview: <br/>Compilation from Source Smoothie can be compiled using GCC. First of all, get Smoothie's source. You do not need to do any of this if you just want to use your board. This is only needed if you...
				 	]]>
				</content:encoded>							</item>
					<item>
				<guid>http://smoothieware.org/console-commands#revision-50666172</guid>
				<title>&quot;Console Commands&quot; - source change</title>
				<link>http://smoothieware.org/console-commands</link>
				<description>Page: &lt;a href=&quot;http://smoothieware.org/console-commands&quot;&gt;Console Commands&lt;/a&gt; (console-commands)&lt;br/&gt;Current revision number: 23&lt;br/&gt;Date changed: Mon, 27 Oct 2014 12:46:16 +0000&lt;br/&gt;Change type: source change&lt;br/&gt;By: &lt;span class=&quot;printuser&quot;&gt;&lt;a href=&quot;http://www.wikidot.com/user:info/arthurwolf&quot; onclick=&quot;WIKIDOT.page.listeners.userInfo(471107); return false;&quot; &gt;arthurwolf&lt;/a&gt;&lt;/span&gt;&lt;br/&gt;&lt;br/&gt;Page content preview: &lt;br/&gt;In Smoothie, when connected to your board via Serial, in the same way that you can send Gcodes, you can also send some commands to manipulate the firmware&#039;s behavior and get information.
Here are...</description>
				<pubDate>Mon, 27 Oct 2014 12:46:16 +0000</pubDate>
												<content:encoded>
					<![CDATA[
						Page: <a href="http://smoothieware.org/console-commands">Console Commands</a> (console-commands)<br/>Current revision number: 23<br/>Date changed: Mon, 27 Oct 2014 12:46:16 +0000<br/>Change type: source change<br/>By: <span class="printuser"><a href="http://www.wikidot.com/user:info/arthurwolf" onclick="WIKIDOT.page.listeners.userInfo(471107); return false;" >arthurwolf</a></span><br/><br/>Page content preview: <br/>In Smoothie, when connected to your board via Serial, in the same way that you can send Gcodes, you can also send some commands to manipulate the firmware's behavior and get information. Here are...
				 	]]>
				</content:encoded>							</item>
					<item>
				<guid>http://smoothieware.org/console-commands#revision-50666136</guid>
				<title>&quot;Console Commands&quot; - source change</title>
				<link>http://smoothieware.org/console-commands</link>
				<description>Page: &lt;a href=&quot;http://smoothieware.org/console-commands&quot;&gt;Console Commands&lt;/a&gt; (console-commands)&lt;br/&gt;Current revision number: 22&lt;br/&gt;Date changed: Mon, 27 Oct 2014 12:41:34 +0000&lt;br/&gt;Change type: source change&lt;br/&gt;By: &lt;span class=&quot;printuser&quot;&gt;&lt;a href=&quot;http://www.wikidot.com/user:info/arthurwolf&quot; onclick=&quot;WIKIDOT.page.listeners.userInfo(471107); return false;&quot; &gt;arthurwolf&lt;/a&gt;&lt;/span&gt;&lt;br/&gt;&lt;br/&gt;Page content preview: &lt;br/&gt;In Smoothie, when connected to your board via Serial, in the same way that you can send Gcodes, you can also send some commands to manipulate the firmware&#039;s behavior and get information.
Here are...</description>
				<pubDate>Mon, 27 Oct 2014 12:41:34 +0000</pubDate>
												<content:encoded>
					<![CDATA[
						Page: <a href="http://smoothieware.org/console-commands">Console Commands</a> (console-commands)<br/>Current revision number: 22<br/>Date changed: Mon, 27 Oct 2014 12:41:34 +0000<br/>Change type: source change<br/>By: <span class="printuser"><a href="http://www.wikidot.com/user:info/arthurwolf" onclick="WIKIDOT.page.listeners.userInfo(471107); return false;" >arthurwolf</a></span><br/><br/>Page content preview: <br/>In Smoothie, when connected to your board via Serial, in the same way that you can send Gcodes, you can also send some commands to manipulate the firmware's behavior and get information. Here are...
				 	]]>
				</content:encoded>							</item>
					<item>
				<guid>http://smoothieware.org/console-commands#revision-50666046</guid>
				<title>&quot;Console Commands&quot; - source change</title>
				<link>http://smoothieware.org/console-commands</link>
				<description>Page: &lt;a href=&quot;http://smoothieware.org/console-commands&quot;&gt;Console Commands&lt;/a&gt; (console-commands)&lt;br/&gt;Current revision number: 21&lt;br/&gt;Date changed: Mon, 27 Oct 2014 12:37:25 +0000&lt;br/&gt;Change type: source change&lt;br/&gt;By: &lt;span class=&quot;printuser&quot;&gt;&lt;a href=&quot;http://www.wikidot.com/user:info/arthurwolf&quot; onclick=&quot;WIKIDOT.page.listeners.userInfo(471107); return false;&quot; &gt;arthurwolf&lt;/a&gt;&lt;/span&gt;&lt;br/&gt;&lt;br/&gt;Page content preview: &lt;br/&gt;In Smoothie, when connected to your board via Serial, in the same way that you can send Gcodes, you can also send some commands to manipulate the firmware&#039;s behavior and get information.
Here are...</description>
				<pubDate>Mon, 27 Oct 2014 12:37:25 +0000</pubDate>
												<content:encoded>
					<![CDATA[
						Page: <a href="http://smoothieware.org/console-commands">Console Commands</a> (console-commands)<br/>Current revision number: 21<br/>Date changed: Mon, 27 Oct 2014 12:37:25 +0000<br/>Change type: source change<br/>By: <span class="printuser"><a href="http://www.wikidot.com/user:info/arthurwolf" onclick="WIKIDOT.page.listeners.userInfo(471107); return false;" >arthurwolf</a></span><br/><br/>Page content preview: <br/>In Smoothie, when connected to your board via Serial, in the same way that you can send Gcodes, you can also send some commands to manipulate the firmware's behavior and get information. Here are...
				 	]]>
				</content:encoded>							</item>
					<item>
				<guid>http://smoothieware.org/player#revision-50665998</guid>
				<title>&quot;Player&quot; - source change</title>
				<link>http://smoothieware.org/player</link>
				<description>Page: &lt;a href=&quot;http://smoothieware.org/player&quot;&gt;Player&lt;/a&gt; (player)&lt;br/&gt;Current revision number: 4&lt;br/&gt;Date changed: Mon, 27 Oct 2014 12:35:03 +0000&lt;br/&gt;Change type: source change&lt;br/&gt;By: &lt;span class=&quot;printuser&quot;&gt;&lt;a href=&quot;http://www.wikidot.com/user:info/arthurwolf&quot; onclick=&quot;WIKIDOT.page.listeners.userInfo(471107); return false;&quot; &gt;arthurwolf&lt;/a&gt;&lt;/span&gt;&lt;br/&gt;&lt;br/&gt;Page content preview: &lt;br/&gt;You can use the « play » command to execute files stored on the SD card.
You must specify a file name and it&#039;s path, for example :&amp;nbsp;


play /sd/gcodefile.gcode

By default, the command will be q...</description>
				<pubDate>Mon, 27 Oct 2014 12:35:03 +0000</pubDate>
												<content:encoded>
					<![CDATA[
						Page: <a href="http://smoothieware.org/player">Player</a> (player)<br/>Current revision number: 4<br/>Date changed: Mon, 27 Oct 2014 12:35:03 +0000<br/>Change type: source change<br/>By: <span class="printuser"><a href="http://www.wikidot.com/user:info/arthurwolf" onclick="WIKIDOT.page.listeners.userInfo(471107); return false;" >arthurwolf</a></span><br/><br/>Page content preview: <br/>You can use the « play » command to execute files stored on the SD card. You must specify a file name and it's path, for example :&nbsp; play /sd/gcodefile.gcode By default, the command will be q...
				 	]]>
				</content:encoded>							</item>
					<item>
				<guid>http://smoothieware.org/console-commands#revision-50665992</guid>
				<title>&quot;Console Commands&quot; - source change</title>
				<link>http://smoothieware.org/console-commands</link>
				<description>Page: &lt;a href=&quot;http://smoothieware.org/console-commands&quot;&gt;Console Commands&lt;/a&gt; (console-commands)&lt;br/&gt;Current revision number: 20&lt;br/&gt;Date changed: Mon, 27 Oct 2014 12:34:40 +0000&lt;br/&gt;Change type: source change&lt;br/&gt;By: &lt;span class=&quot;printuser&quot;&gt;&lt;a href=&quot;http://www.wikidot.com/user:info/arthurwolf&quot; onclick=&quot;WIKIDOT.page.listeners.userInfo(471107); return false;&quot; &gt;arthurwolf&lt;/a&gt;&lt;/span&gt;&lt;br/&gt;&lt;br/&gt;Page content preview: &lt;br/&gt;In Smoothie, when connected to your board via Serial, in the same way that you can send Gcodes, you can also send some commands to manipulate the firmware&#039;s behavior and get information.
Here are...</description>
				<pubDate>Mon, 27 Oct 2014 12:34:40 +0000</pubDate>
												<content:encoded>
					<![CDATA[
						Page: <a href="http://smoothieware.org/console-commands">Console Commands</a> (console-commands)<br/>Current revision number: 20<br/>Date changed: Mon, 27 Oct 2014 12:34:40 +0000<br/>Change type: source change<br/>By: <span class="printuser"><a href="http://www.wikidot.com/user:info/arthurwolf" onclick="WIKIDOT.page.listeners.userInfo(471107); return false;" >arthurwolf</a></span><br/><br/>Page content preview: <br/>In Smoothie, when connected to your board via Serial, in the same way that you can send Gcodes, you can also send some commands to manipulate the firmware's behavior and get information. Here are...
				 	]]>
				</content:encoded>							</item>
					<item>
				<guid>http://smoothieware.org/console-commands#revision-50665972</guid>
				<title>&quot;Console Commands&quot; - source change</title>
				<link>http://smoothieware.org/console-commands</link>
				<description>Page: &lt;a href=&quot;http://smoothieware.org/console-commands&quot;&gt;Console Commands&lt;/a&gt; (console-commands)&lt;br/&gt;Current revision number: 19&lt;br/&gt;Date changed: Mon, 27 Oct 2014 12:30:59 +0000&lt;br/&gt;Change type: source change&lt;br/&gt;By: &lt;span class=&quot;printuser&quot;&gt;&lt;a href=&quot;http://www.wikidot.com/user:info/arthurwolf&quot; onclick=&quot;WIKIDOT.page.listeners.userInfo(471107); return false;&quot; &gt;arthurwolf&lt;/a&gt;&lt;/span&gt;&lt;br/&gt;&lt;br/&gt;Page content preview: &lt;br/&gt;In Smoothie, when connected to your board via Serial, in the same way that you can send Gcodes, you can also send some commands to manipulate the firmware&#039;s behavior and get information.
Here are...</description>
				<pubDate>Mon, 27 Oct 2014 12:30:59 +0000</pubDate>
												<content:encoded>
					<![CDATA[
						Page: <a href="http://smoothieware.org/console-commands">Console Commands</a> (console-commands)<br/>Current revision number: 19<br/>Date changed: Mon, 27 Oct 2014 12:30:59 +0000<br/>Change type: source change<br/>By: <span class="printuser"><a href="http://www.wikidot.com/user:info/arthurwolf" onclick="WIKIDOT.page.listeners.userInfo(471107); return false;" >arthurwolf</a></span><br/><br/>Page content preview: <br/>In Smoothie, when connected to your board via Serial, in the same way that you can send Gcodes, you can also send some commands to manipulate the firmware's behavior and get information. Here are...
				 	]]>
				</content:encoded>							</item>
					<item>
				<guid>http://smoothieware.org/console-commands#revision-50665967</guid>
				<title>&quot;Console Commands&quot; - source change</title>
				<link>http://smoothieware.org/console-commands</link>
				<description>Page: &lt;a href=&quot;http://smoothieware.org/console-commands&quot;&gt;Console Commands&lt;/a&gt; (console-commands)&lt;br/&gt;Current revision number: 18&lt;br/&gt;Date changed: Mon, 27 Oct 2014 12:30:01 +0000&lt;br/&gt;Change type: source change&lt;br/&gt;By: &lt;span class=&quot;printuser&quot;&gt;&lt;a href=&quot;http://www.wikidot.com/user:info/arthurwolf&quot; onclick=&quot;WIKIDOT.page.listeners.userInfo(471107); return false;&quot; &gt;arthurwolf&lt;/a&gt;&lt;/span&gt;&lt;br/&gt;&lt;br/&gt;Page content preview: &lt;br/&gt;In Smoothie, when connected to your board via Serial, in the same way that you can send Gcodes, you can also send some commands to manipulate the firmware&#039;s behavior and get information.
Here are...</description>
				<pubDate>Mon, 27 Oct 2014 12:30:01 +0000</pubDate>
												<content:encoded>
					<![CDATA[
						Page: <a href="http://smoothieware.org/console-commands">Console Commands</a> (console-commands)<br/>Current revision number: 18<br/>Date changed: Mon, 27 Oct 2014 12:30:01 +0000<br/>Change type: source change<br/>By: <span class="printuser"><a href="http://www.wikidot.com/user:info/arthurwolf" onclick="WIKIDOT.page.listeners.userInfo(471107); return false;" >arthurwolf</a></span><br/><br/>Page content preview: <br/>In Smoothie, when connected to your board via Serial, in the same way that you can send Gcodes, you can also send some commands to manipulate the firmware's behavior and get information. Here are...
				 	]]>
				</content:encoded>							</item>
					<item>
				<guid>http://smoothieware.org/temperatureswitch#revision-50665901</guid>
				<title>&quot;Temperatureswitch&quot; - source change</title>
				<link>http://smoothieware.org/temperatureswitch</link>
				<description>Page: &lt;a href=&quot;http://smoothieware.org/temperatureswitch&quot;&gt;Temperatureswitch&lt;/a&gt; (temperatureswitch)&lt;br/&gt;Current revision number: 16&lt;br/&gt;Date changed: Mon, 27 Oct 2014 12:24:00 +0000&lt;br/&gt;Change type: source change&lt;br/&gt;By: &lt;span class=&quot;printuser&quot;&gt;&lt;a href=&quot;http://www.wikidot.com/user:info/arthurwolf&quot; onclick=&quot;WIKIDOT.page.listeners.userInfo(471107); return false;&quot; &gt;arthurwolf&lt;/a&gt;&lt;/span&gt;&lt;br/&gt;&lt;br/&gt;Page content preview: &lt;br/&gt;TemperatureSwitch
TemperatureSwitch is an optional module that automatically controls an output ( typically to control one of the small MOSFETs ) through a Switch) module, based on a configurable...</description>
				<pubDate>Mon, 27 Oct 2014 12:24:00 +0000</pubDate>
												<content:encoded>
					<![CDATA[
						Page: <a href="http://smoothieware.org/temperatureswitch">Temperatureswitch</a> (temperatureswitch)<br/>Current revision number: 16<br/>Date changed: Mon, 27 Oct 2014 12:24:00 +0000<br/>Change type: source change<br/>By: <span class="printuser"><a href="http://www.wikidot.com/user:info/arthurwolf" onclick="WIKIDOT.page.listeners.userInfo(471107); return false;" >arthurwolf</a></span><br/><br/>Page content preview: <br/>TemperatureSwitch TemperatureSwitch is an optional module that automatically controls an output ( typically to control one of the small MOSFETs ) through a Switch) module, based on a configurable...
				 	]]>
				</content:encoded>							</item>
					<item>
				<guid>http://smoothieware.org/github#revision-50665881</guid>
				<title>&quot;Github&quot; - source change</title>
				<link>http://smoothieware.org/github</link>
				<description>Page: &lt;a href=&quot;http://smoothieware.org/github&quot;&gt;Github&lt;/a&gt; (github)&lt;br/&gt;Current revision number: 11&lt;br/&gt;Date changed: Mon, 27 Oct 2014 12:20:50 +0000&lt;br/&gt;Change type: source change&lt;br/&gt;By: &lt;span class=&quot;printuser&quot;&gt;&lt;a href=&quot;http://www.wikidot.com/user:info/arthurwolf&quot; onclick=&quot;WIKIDOT.page.listeners.userInfo(471107); return false;&quot; &gt;arthurwolf&lt;/a&gt;&lt;/span&gt;&lt;br/&gt;&lt;br/&gt;Page content preview: &lt;br/&gt;Follow these steps to submit a pull request to the Smoothie Github project.

Create a Fork in your github of https://github.com/Smoothieware/Smoothieware.git by clicking the Fork button
Then on...</description>
				<pubDate>Mon, 27 Oct 2014 12:20:50 +0000</pubDate>
												<content:encoded>
					<![CDATA[
						Page: <a href="http://smoothieware.org/github">Github</a> (github)<br/>Current revision number: 11<br/>Date changed: Mon, 27 Oct 2014 12:20:50 +0000<br/>Change type: source change<br/>By: <span class="printuser"><a href="http://www.wikidot.com/user:info/arthurwolf" onclick="WIKIDOT.page.listeners.userInfo(471107); return false;" >arthurwolf</a></span><br/><br/>Page content preview: <br/>Follow these steps to submit a pull request to the Smoothie Github project. Create a Fork in your github of https://github.com/Smoothieware/Smoothieware.git by clicking the Fork button Then on...
				 	]]>
				</content:encoded>							</item>
					<item>
				<guid>http://smoothieware.org/endstops#revision-50665859</guid>
				<title>&quot;Endstops&quot; - source change</title>
				<link>http://smoothieware.org/endstops</link>
				<description>Page: &lt;a href=&quot;http://smoothieware.org/endstops&quot;&gt;Endstops&lt;/a&gt; (endstops)&lt;br/&gt;Current revision number: 25&lt;br/&gt;Date changed: Mon, 27 Oct 2014 12:16:57 +0000&lt;br/&gt;Change type: source change&lt;br/&gt;By: &lt;span class=&quot;printuser&quot;&gt;&lt;a href=&quot;http://www.wikidot.com/user:info/arthurwolf&quot; onclick=&quot;WIKIDOT.page.listeners.userInfo(471107); return false;&quot; &gt;arthurwolf&lt;/a&gt;&lt;/span&gt;&lt;br/&gt;&lt;br/&gt;Page content preview: &lt;br/&gt;Endstops are small switches at the end of axes.
They can be used to &amp;quot;home&amp;quot;, that is find the end of an axis so that the controller is then aware of it&#039;s current position.
They can also be...</description>
				<pubDate>Mon, 27 Oct 2014 12:16:57 +0000</pubDate>
												<content:encoded>
					<![CDATA[
						Page: <a href="http://smoothieware.org/endstops">Endstops</a> (endstops)<br/>Current revision number: 25<br/>Date changed: Mon, 27 Oct 2014 12:16:57 +0000<br/>Change type: source change<br/>By: <span class="printuser"><a href="http://www.wikidot.com/user:info/arthurwolf" onclick="WIKIDOT.page.listeners.userInfo(471107); return false;" >arthurwolf</a></span><br/><br/>Page content preview: <br/>Endstops are small switches at the end of axes. They can be used to &quot;home&quot;, that is find the end of an axis so that the controller is then aware of it's current position. They can also be...
				 	]]>
				</content:encoded>							</item>
					<item>
				<guid>http://smoothieware.org/temperaturecontrol#revision-50665824</guid>
				<title>&quot;Temperaturecontrol&quot; - source change</title>
				<link>http://smoothieware.org/temperaturecontrol</link>
				<description>Page: &lt;a href=&quot;http://smoothieware.org/temperaturecontrol&quot;&gt;Temperaturecontrol&lt;/a&gt; (temperaturecontrol)&lt;br/&gt;Current revision number: 40&lt;br/&gt;Date changed: Mon, 27 Oct 2014 12:12:15 +0000&lt;br/&gt;Change type: source change&lt;br/&gt;By: &lt;span class=&quot;printuser&quot;&gt;&lt;a href=&quot;http://www.wikidot.com/user:info/arthurwolf&quot; onclick=&quot;WIKIDOT.page.listeners.userInfo(471107); return false;&quot; &gt;arthurwolf&lt;/a&gt;&lt;/span&gt;&lt;br/&gt;&lt;br/&gt;Page content preview: &lt;br/&gt;FoldUnfold
Table of Contents

Temperaturecontrol
Multiple modules
Configuration
Reading temperatures
Thermistor
Choosing the right thermistor
Thermocouple
Heating things up.
All...</description>
				<pubDate>Mon, 27 Oct 2014 12:12:15 +0000</pubDate>
												<content:encoded>
					<![CDATA[
						Page: <a href="http://smoothieware.org/temperaturecontrol">Temperaturecontrol</a> (temperaturecontrol)<br/>Current revision number: 40<br/>Date changed: Mon, 27 Oct 2014 12:12:15 +0000<br/>Change type: source change<br/>By: <span class="printuser"><a href="http://www.wikidot.com/user:info/arthurwolf" onclick="WIKIDOT.page.listeners.userInfo(471107); return false;" >arthurwolf</a></span><br/><br/>Page content preview: <br/>FoldUnfold Table of Contents Temperaturecontrol Multiple modules Configuration Reading temperatures Thermistor Choosing the right thermistor Thermocouple Heating things up. All...
				 	]]>
				</content:encoded>							</item>
					<item>
				<guid>http://smoothieware.org/extruder#revision-50665811</guid>
				<title>&quot;Extruder&quot; - source change</title>
				<link>http://smoothieware.org/extruder</link>
				<description>Page: &lt;a href=&quot;http://smoothieware.org/extruder&quot;&gt;Extruder&lt;/a&gt; (extruder)&lt;br/&gt;Current revision number: 20&lt;br/&gt;Date changed: Mon, 27 Oct 2014 12:10:29 +0000&lt;br/&gt;Change type: source change&lt;br/&gt;By: &lt;span class=&quot;printuser&quot;&gt;&lt;a href=&quot;http://www.wikidot.com/user:info/arthurwolf&quot; onclick=&quot;WIKIDOT.page.listeners.userInfo(471107); return false;&quot; &gt;arthurwolf&lt;/a&gt;&lt;/span&gt;&lt;br/&gt;&lt;br/&gt;Page content preview: &lt;br/&gt;Extruder module
Extruders are used to push plastic filament thru a hotend, to achieve the awesome feat of 3D Printing.
This module controls the motor that pushes the filament, it does not take...</description>
				<pubDate>Mon, 27 Oct 2014 12:10:29 +0000</pubDate>
												<content:encoded>
					<![CDATA[
						Page: <a href="http://smoothieware.org/extruder">Extruder</a> (extruder)<br/>Current revision number: 20<br/>Date changed: Mon, 27 Oct 2014 12:10:29 +0000<br/>Change type: source change<br/>By: <span class="printuser"><a href="http://www.wikidot.com/user:info/arthurwolf" onclick="WIKIDOT.page.listeners.userInfo(471107); return false;" >arthurwolf</a></span><br/><br/>Page content preview: <br/>Extruder module Extruders are used to push plastic filament thru a hotend, to achieve the awesome feat of 3D Printing. This module controls the motor that pushes the filament, it does not take...
				 	]]>
				</content:encoded>							</item>
					<item>
				<guid>http://smoothieware.org/zprobe#revision-50665797</guid>
				<title>&quot;Zprobe&quot; - source change</title>
				<link>http://smoothieware.org/zprobe</link>
				<description>Page: &lt;a href=&quot;http://smoothieware.org/zprobe&quot;&gt;Zprobe&lt;/a&gt; (zprobe)&lt;br/&gt;Current revision number: 38&lt;br/&gt;Date changed: Mon, 27 Oct 2014 12:08:48 +0000&lt;br/&gt;Change type: source change&lt;br/&gt;By: &lt;span class=&quot;printuser&quot;&gt;&lt;a href=&quot;http://www.wikidot.com/user:info/arthurwolf&quot; onclick=&quot;WIKIDOT.page.listeners.userInfo(471107); return false;&quot; &gt;arthurwolf&lt;/a&gt;&lt;/span&gt;&lt;br/&gt;&lt;br/&gt;Page content preview: &lt;br/&gt;Hardware requirements:
You will need a probe switch attached to the extruder, or a bed able to trigger an end stop input when the hotend touches it. (FSRs or another method)
Configuration
Add the...</description>
				<pubDate>Mon, 27 Oct 2014 12:08:48 +0000</pubDate>
												<content:encoded>
					<![CDATA[
						Page: <a href="http://smoothieware.org/zprobe">Zprobe</a> (zprobe)<br/>Current revision number: 38<br/>Date changed: Mon, 27 Oct 2014 12:08:48 +0000<br/>Change type: source change<br/>By: <span class="printuser"><a href="http://www.wikidot.com/user:info/arthurwolf" onclick="WIKIDOT.page.listeners.userInfo(471107); return false;" >arthurwolf</a></span><br/><br/>Page content preview: <br/>Hardware requirements: You will need a probe switch attached to the extruder, or a bed able to trigger an end stop input when the hotend touches it. (FSRs or another method) Configuration Add the...
				 	]]>
				</content:encoded>							</item>
					<item>
				<guid>http://smoothieware.org/general-appendixes#revision-50665593</guid>
				<title>&quot;General Appendixes&quot; - source change</title>
				<link>http://smoothieware.org/general-appendixes</link>
				<description>Page: &lt;a href=&quot;http://smoothieware.org/general-appendixes&quot;&gt;General Appendixes&lt;/a&gt; (general-appendixes)&lt;br/&gt;Current revision number: 16&lt;br/&gt;Date changed: Mon, 27 Oct 2014 11:45:58 +0000&lt;br/&gt;Change type: source change&lt;br/&gt;By: &lt;span class=&quot;printuser&quot;&gt;&lt;a href=&quot;http://www.wikidot.com/user:info/arthurwolf&quot; onclick=&quot;WIKIDOT.page.listeners.userInfo(471107); return false;&quot; &gt;arthurwolf&lt;/a&gt;&lt;/span&gt;&lt;br/&gt;&lt;br/&gt;Page content preview: &lt;br/&gt;Printing, milling or cutting from the SD card
Printing, milling or cutting from the SD card on Smoothieboard is easy. First, you transfer your gcode files to the card. You can do this by moving the...</description>
				<pubDate>Mon, 27 Oct 2014 11:45:58 +0000</pubDate>
												<content:encoded>
					<![CDATA[
						Page: <a href="http://smoothieware.org/general-appendixes">General Appendixes</a> (general-appendixes)<br/>Current revision number: 16<br/>Date changed: Mon, 27 Oct 2014 11:45:58 +0000<br/>Change type: source change<br/>By: <span class="printuser"><a href="http://www.wikidot.com/user:info/arthurwolf" onclick="WIKIDOT.page.listeners.userInfo(471107); return false;" >arthurwolf</a></span><br/><br/>Page content preview: <br/>Printing, milling or cutting from the SD card Printing, milling or cutting from the SD card on Smoothieboard is easy. First, you transfer your gcode files to the card. You can do this by moving the...
				 	]]>
				</content:encoded>							</item>
					<item>
				<guid>http://smoothieware.org/printing-from-sd-card#revision-50665587</guid>
				<title>&quot;Printing, Milling or Cutting from an SD Card&quot; - source change</title>
				<link>http://smoothieware.org/printing-from-sd-card</link>
				<description>Page: &lt;a href=&quot;http://smoothieware.org/printing-from-sd-card&quot;&gt;Printing, Milling or Cutting from an SD Card&lt;/a&gt; (printing-from-sd-card)&lt;br/&gt;Current revision number: 8&lt;br/&gt;Date changed: Mon, 27 Oct 2014 11:45:17 +0000&lt;br/&gt;Change type: source change&lt;br/&gt;By: &lt;span class=&quot;printuser&quot;&gt;&lt;a href=&quot;http://www.wikidot.com/user:info/arthurwolf&quot; onclick=&quot;WIKIDOT.page.listeners.userInfo(471107); return false;&quot; &gt;arthurwolf&lt;/a&gt;&lt;/span&gt;&lt;br/&gt;&lt;br/&gt;Page content preview: &lt;br/&gt;Printing, milling or cutting from the SD card
Printing, milling or cutting from the SD card on Smoothieboard is easy. First, you transfer your gcode files to the card. You can do this by moving the...</description>
				<pubDate>Mon, 27 Oct 2014 11:45:17 +0000</pubDate>
												<content:encoded>
					<![CDATA[
						Page: <a href="http://smoothieware.org/printing-from-sd-card">Printing, Milling or Cutting from an SD Card</a> (printing-from-sd-card)<br/>Current revision number: 8<br/>Date changed: Mon, 27 Oct 2014 11:45:17 +0000<br/>Change type: source change<br/>By: <span class="printuser"><a href="http://www.wikidot.com/user:info/arthurwolf" onclick="WIKIDOT.page.listeners.userInfo(471107); return false;" >arthurwolf</a></span><br/><br/>Page content preview: <br/>Printing, milling or cutting from the SD card Printing, milling or cutting from the SD card on Smoothieboard is easy. First, you transfer your gcode files to the card. You can do this by moving the...
				 	]]>
				</content:encoded>							</item>
					<item>
				<guid>http://smoothieware.org/printing-from-sd-card#revision-50665560</guid>
				<title>&quot;Printing, Milling or Cutting from an SD Card&quot; - source change</title>
				<link>http://smoothieware.org/printing-from-sd-card</link>
				<description>Page: &lt;a href=&quot;http://smoothieware.org/printing-from-sd-card&quot;&gt;Printing, Milling or Cutting from an SD Card&lt;/a&gt; (printing-from-sd-card)&lt;br/&gt;Current revision number: 7&lt;br/&gt;Date changed: Mon, 27 Oct 2014 11:41:44 +0000&lt;br/&gt;Change type: source change&lt;br/&gt;By: &lt;span class=&quot;printuser&quot;&gt;&lt;a href=&quot;http://www.wikidot.com/user:info/arthurwolf&quot; onclick=&quot;WIKIDOT.page.listeners.userInfo(471107); return false;&quot; &gt;arthurwolf&lt;/a&gt;&lt;/span&gt;&lt;br/&gt;&lt;br/&gt;Page content preview: &lt;br/&gt;Printing, milling or cutting from the SD card
Printing, milling or cutting from the SD card on Smoothieboard is easy. First, you transfer your gcode files to the card. You can do this by moving the...</description>
				<pubDate>Mon, 27 Oct 2014 11:41:44 +0000</pubDate>
												<content:encoded>
					<![CDATA[
						Page: <a href="http://smoothieware.org/printing-from-sd-card">Printing, Milling or Cutting from an SD Card</a> (printing-from-sd-card)<br/>Current revision number: 7<br/>Date changed: Mon, 27 Oct 2014 11:41:44 +0000<br/>Change type: source change<br/>By: <span class="printuser"><a href="http://www.wikidot.com/user:info/arthurwolf" onclick="WIKIDOT.page.listeners.userInfo(471107); return false;" >arthurwolf</a></span><br/><br/>Page content preview: <br/>Printing, milling or cutting from the SD card Printing, milling or cutting from the SD card on Smoothieboard is easy. First, you transfer your gcode files to the card. You can do this by moving the...
				 	]]>
				</content:encoded>							</item>
					<item>
				<guid>http://smoothieware.org/warning#revision-50658953</guid>
				<title>&quot;Warning&quot; - source change</title>
				<link>http://smoothieware.org/warning</link>
				<description>Page: &lt;a href=&quot;http://smoothieware.org/warning&quot;&gt;Warning&lt;/a&gt; (warning)&lt;br/&gt;Current revision number: 10&lt;br/&gt;Date changed: Mon, 27 Oct 2014 00:36:53 +0000&lt;br/&gt;Change type: source change&lt;br/&gt;By: &lt;span class=&quot;printuser&quot;&gt;&lt;a href=&quot;http://www.wikidot.com/user:info/arthurwolf&quot; onclick=&quot;WIKIDOT.page.listeners.userInfo(471107); return false;&quot; &gt;arthurwolf&lt;/a&gt;&lt;/span&gt;&lt;br/&gt;&lt;br/&gt;Page content preview: &lt;br/&gt;Warning
Before you start wiring your machine&#039;s elements to the board, there are several things you need to keep in mind and be careful about during all of the assembly.
Make sure you read this....</description>
				<pubDate>Mon, 27 Oct 2014 00:36:53 +0000</pubDate>
												<content:encoded>
					<![CDATA[
						Page: <a href="http://smoothieware.org/warning">Warning</a> (warning)<br/>Current revision number: 10<br/>Date changed: Mon, 27 Oct 2014 00:36:53 +0000<br/>Change type: source change<br/>By: <span class="printuser"><a href="http://www.wikidot.com/user:info/arthurwolf" onclick="WIKIDOT.page.listeners.userInfo(471107); return false;" >arthurwolf</a></span><br/><br/>Page content preview: <br/>Warning Before you start wiring your machine's elements to the board, there are several things you need to keep in mind and be careful about during all of the assembly. Make sure you read this....
				 	]]>
				</content:encoded>							</item>
					<item>
				<guid>http://smoothieware.org/warning#revision-50658944</guid>
				<title>&quot;Warning&quot; - source change</title>
				<link>http://smoothieware.org/warning</link>
				<description>Page: &lt;a href=&quot;http://smoothieware.org/warning&quot;&gt;Warning&lt;/a&gt; (warning)&lt;br/&gt;Current revision number: 9&lt;br/&gt;Date changed: Mon, 27 Oct 2014 00:35:28 +0000&lt;br/&gt;Change type: source change&lt;br/&gt;By: &lt;span class=&quot;printuser&quot;&gt;&lt;a href=&quot;http://www.wikidot.com/user:info/arthurwolf&quot; onclick=&quot;WIKIDOT.page.listeners.userInfo(471107); return false;&quot; &gt;arthurwolf&lt;/a&gt;&lt;/span&gt;&lt;br/&gt;&lt;br/&gt;Page content preview: &lt;br/&gt;Warning
Before you start wiring your machine&#039;s elements to the board, there are several things you need to keep in mind and be careful about during all of the assembly.
Make sure you read this....</description>
				<pubDate>Mon, 27 Oct 2014 00:35:28 +0000</pubDate>
												<content:encoded>
					<![CDATA[
						Page: <a href="http://smoothieware.org/warning">Warning</a> (warning)<br/>Current revision number: 9<br/>Date changed: Mon, 27 Oct 2014 00:35:28 +0000<br/>Change type: source change<br/>By: <span class="printuser"><a href="http://www.wikidot.com/user:info/arthurwolf" onclick="WIKIDOT.page.listeners.userInfo(471107); return false;" >arthurwolf</a></span><br/><br/>Page content preview: <br/>Warning Before you start wiring your machine's elements to the board, there are several things you need to keep in mind and be careful about during all of the assembly. Make sure you read this....
				 	]]>
				</content:encoded>							</item>
				</channel>
</rss>