<?xml version="1.0" encoding="UTF-8" ?>
<rss version="2.0" xmlns:content="http://purl.org/rss/1.0/modules/content/" xmlns:wikidot="http://www.wikidot.com/rss-namespace">

	<channel>
		<title>Mofset Max Current</title>
		<link>http://smoothieware.org/forum/t-1012930/mofset-max-current</link>
		<description>Posts in the discussion thread &quot;Mofset Max Current&quot;</description>
				<copyright></copyright>
		<lastBuildDate>Thu, 30 Oct 2014 09:29:40 +0000</lastBuildDate>
		
					<item>
				<guid>http://smoothieware.org/forum/t-1012930#post-2103084</guid>
				<title>Re: Mofset Max Current</title>
				<link>http://smoothieware.org/forum/t-1012930/mofset-max-current#post-2103084</link>
				<description></description>
				<pubDate>Fri, 05 Sep 2014 10:04:36 +0000</pubDate>
				<wikidot:authorName>arthurwolf</wikidot:authorName>				<wikidot:authorUserId>471107</wikidot:authorUserId>				<content:encoded>
					<![CDATA[
						 <p>I think those beds are designed to take in 12V, not 24v.<br /> There are special versions around that take 24v ( or can be configured for either 12v or 24v )</p> 
				 	]]>
				</content:encoded>							</item>
					<item>
				<guid>http://smoothieware.org/forum/t-1012930#post-2101797</guid>
				<title>Re: Mofset Max Current</title>
				<link>http://smoothieware.org/forum/t-1012930/mofset-max-current#post-2101797</link>
				<description></description>
				<pubDate>Wed, 03 Sep 2014 07:15:07 +0000</pubDate>
				<wikidot:authorName>nevarore</wikidot:authorName>				<wikidot:authorUserId>1907178</wikidot:authorUserId>				<content:encoded>
					<![CDATA[
						 <p>Hi Arthur,</p> <p>Ok thanks, I understand.<br /> My bed is a mk2a heated bed with a 1.8 ohms resistance.<br /> Wiki said: &quot;The MK2 PCB heatbed heats up to 110C when powered through the heated bed connection on Sanguinolou, your power supply should be 300W and ensure your wires from your power supply to the Sanguinololu should be capable of handling the total draw of 20A+. Using a 300W ATX power supply with the 4wire ATX dual 12V connector is working well for me.&quot;</p> <p>My PSU could devliver 350W ( 24v-14.6a ). I have another 350W PSU 12V but the current could reach 29A !</p> <p>Best regards.</p> 
				 	]]>
				</content:encoded>							</item>
					<item>
				<guid>http://smoothieware.org/forum/t-1012930#post-2101538</guid>
				<title>Re: Mofset Max Current</title>
				<link>http://smoothieware.org/forum/t-1012930/mofset-max-current#post-2101538</link>
				<description></description>
				<pubDate>Tue, 02 Sep 2014 18:36:06 +0000</pubDate>
				<wikidot:authorName>arthurwolf</wikidot:authorName>				<wikidot:authorUserId>471107</wikidot:authorUserId>				<content:encoded>
					<![CDATA[
						 <p>Hey.</p> <p>The mosfets are rated up to 20A ( or even more ), but the connectors are limited to 12.5A.<br /> What is the current rating of your bed ?</p> <p>Cheers.</p> 
				 	]]>
				</content:encoded>							</item>
					<item>
				<guid>http://smoothieware.org/forum/t-1012930#post-2101438</guid>
				<title>Mofset Max Current</title>
				<link>http://smoothieware.org/forum/t-1012930/mofset-max-current#post-2101438</link>
				<description></description>
				<pubDate>Tue, 02 Sep 2014 15:04:55 +0000</pubDate>
				<wikidot:authorName>nevarore</wikidot:authorName>				<wikidot:authorUserId>1907178</wikidot:authorUserId>				<content:encoded>
					<![CDATA[
						 <p>Hi all,</p> <p>The mosfets-table indicate a 12A for Maximum current for Big Mofset but on the smoothieBoard page, we can read : 'These are two big mosfets : AOT240L rated up to 40V and 20A'.</p> <p>I bought a 24v-14.6A psu to speed up my hotbed but I am not sure I can use it &#8230;</p> <p>thx</p> 
				 	]]>
				</content:encoded>							</item>
				</channel>
</rss>