<?xml version="1.0" encoding="UTF-8" ?>
<rss version="2.0" xmlns:content="http://purl.org/rss/1.0/modules/content/" xmlns:wikidot="http://www.wikidot.com/rss-namespace">

	<channel>
		<title>Zprobe on servo</title>
		<link>http://smoothieware.org/forum/t-1009815/zprobe-on-servo</link>
		<description>Posts in the discussion thread &quot;Zprobe on servo&quot; - -</description>
				<copyright></copyright>
		<lastBuildDate>Thu, 30 Oct 2014 09:29:42 +0000</lastBuildDate>
		
					<item>
				<guid>http://smoothieware.org/forum/t-1009815#post-2100370</guid>
				<title>Zprobe on servo</title>
				<link>http://smoothieware.org/forum/t-1009815/zprobe-on-servo#post-2100370</link>
				<description></description>
				<pubDate>Sun, 31 Aug 2014 16:30:59 +0000</pubDate>
				<wikidot:authorName>761834</wikidot:authorName>				<wikidot:authorUserId>1931385</wikidot:authorUserId>				<content:encoded>
					<![CDATA[
						 <p>Is there any way to control a servo with the Smoothieboard? I am having trouble finding any documentation on this. There are no 3 pin servo headers but one of the GPIO pins can be used for the signal wire, correct? Is this supported in firmware?</p> <p>The reason I am asking is because I want to use a Z probe on a servo on my XY carriage.</p> 
				 	]]>
				</content:encoded>							</item>
				</channel>
</rss>