<?xml version="1.0" encoding="UTF-8" ?>
<rss version="2.0" xmlns:content="http://purl.org/rss/1.0/modules/content/" xmlns:wikidot="http://www.wikidot.com/rss-namespace">

	<channel>
		<title>auto bed leveling</title>
		<link>http://smoothieware.org/forum/t-1015588/auto-bed-leveling</link>
		<description>Posts in the discussion thread &quot;auto bed leveling&quot; - support for automatic bed leveling in Cartesian printer</description>
				<copyright></copyright>
		<lastBuildDate>Thu, 30 Oct 2014 09:27:33 +0000</lastBuildDate>
		
					<item>
				<guid>http://smoothieware.org/forum/t-1015588#post-2122502</guid>
				<title>Re: auto bed leveling</title>
				<link>http://smoothieware.org/forum/t-1015588/auto-bed-leveling#post-2122502</link>
				<description></description>
				<pubDate>Wed, 01 Oct 2014 17:29:45 +0000</pubDate>
				<wikidot:authorName>761834</wikidot:authorName>				<wikidot:authorUserId>1931385</wikidot:authorUserId>				<content:encoded>
					<![CDATA[
						 <p>I've got a servo probe setup, the servo is triggered by the Smoothieboard but controlled through external circuitry.<br /> It shouldn't be too hard to implement on the firmware side, a servo needs a pulse ranging from 1 to 2&#160;ms every 20ms. I think the biggest issue would be the 3.3v output of the Smoothie being too low of a voltage for the servo signal.</p> 
				 	]]>
				</content:encoded>							</item>
					<item>
				<guid>http://smoothieware.org/forum/t-1015588#post-2120375</guid>
				<title>Re: auto bed leveling</title>
				<link>http://smoothieware.org/forum/t-1015588/auto-bed-leveling#post-2120375</link>
				<description></description>
				<pubDate>Sun, 28 Sep 2014 14:46:46 +0000</pubDate>
				<wikidot:authorName>arthurwolf</wikidot:authorName>				<wikidot:authorUserId>471107</wikidot:authorUserId>				<content:encoded>
					<![CDATA[
						 <p>I guess it will happen when somebody that knows how to add it ( I can help if somebody wants to do it ), actually has a servo setup ( that seems pretty rare ), and wants to add it, does it.</p> <p>I think it will happpen, just not sure when.</p> 
				 	]]>
				</content:encoded>							</item>
					<item>
				<guid>http://smoothieware.org/forum/t-1015588#post-2120359</guid>
				<title>Re: auto bed leveling</title>
				<link>http://smoothieware.org/forum/t-1015588/auto-bed-leveling#post-2120359</link>
				<description></description>
				<pubDate>Sun, 28 Sep 2014 14:32:49 +0000</pubDate>
				<wikidot:authorName>tkole</wikidot:authorName>				<wikidot:authorUserId>1985823</wikidot:authorUserId>				<content:encoded>
					<![CDATA[
						 <p>Are there any plans on adding servo support to this so that a z-probe can be attached to the x-carriage and lowered/raised as needed?</p> 
				 	]]>
				</content:encoded>							</item>
					<item>
				<guid>http://smoothieware.org/forum/t-1015588#post-2105456</guid>
				<title>Re: auto bed leveling</title>
				<link>http://smoothieware.org/forum/t-1015588/auto-bed-leveling#post-2105456</link>
				<description></description>
				<pubDate>Mon, 08 Sep 2014 20:58:32 +0000</pubDate>
				<wikidot:authorName>Jittu Singh</wikidot:authorName>				<wikidot:authorUserId>1952835</wikidot:authorUserId>				<content:encoded>
					<![CDATA[
						 <p>I am able to probe the points for 3 point strategy and get the normal to bed plane. I saved the plane in config.override. I calculated the offset offset folowing steps by Rincewind in soliforum. after all this how to use end stop for z axis and start printing?</p> <p>I tried printing my manually bringing the bed to nozzle level but while printing gamma motor was not compensating for bed leveling</p> 
				 	]]>
				</content:encoded>							</item>
					<item>
				<guid>http://smoothieware.org/forum/t-1015588#post-2104929</guid>
				<title>Re: auto bed leveling</title>
				<link>http://smoothieware.org/forum/t-1015588/auto-bed-leveling#post-2104929</link>
				<description></description>
				<pubDate>Mon, 08 Sep 2014 09:46:42 +0000</pubDate>
				<wikidot:authorName>arthurwolf</wikidot:authorName>				<wikidot:authorUserId>471107</wikidot:authorUserId>				<content:encoded>
					<![CDATA[
						 <p>This page : <a href="http://smoothieware.org/zprobe">http://smoothieware.org/zprobe</a></p> <p>Seems to have all of the information you need.</p> <p>What are you missing ? What are your problems exactly ?</p> 
				 	]]>
				</content:encoded>							</item>
					<item>
				<guid>http://smoothieware.org/forum/t-1015588#post-2104603</guid>
				<title>Re: auto bed leveling</title>
				<link>http://smoothieware.org/forum/t-1015588/auto-bed-leveling#post-2104603</link>
				<description></description>
				<pubDate>Sun, 07 Sep 2014 20:44:22 +0000</pubDate>
				<wikidot:authorName>761834</wikidot:authorName>				<wikidot:authorUserId>1931385</wikidot:authorUserId>				<content:encoded>
					<![CDATA[
						 <p>Information is indeed very difficult to find. I am setting up a z-probe myself right now and am trying to figure it out as I go. Hopefully someone with more knowledge can shed some light on your questions.</p> 
				 	]]>
				</content:encoded>							</item>
					<item>
				<guid>http://smoothieware.org/forum/t-1015588#post-2104583</guid>
				<title>Re: auto bed leveling</title>
				<link>http://smoothieware.org/forum/t-1015588/auto-bed-leveling#post-2104583</link>
				<description></description>
				<pubDate>Sun, 07 Sep 2014 20:16:25 +0000</pubDate>
				<wikidot:authorName>Jittu Singh</wikidot:authorName>				<wikidot:authorUserId>1952835</wikidot:authorUserId>				<content:encoded>
					<![CDATA[
						 <p>i am trying that but no information is available on how to calculate z offset and how use z probe for z endstop</p> 
				 	]]>
				</content:encoded>							</item>
					<item>
				<guid>http://smoothieware.org/forum/t-1015588#post-2104502</guid>
				<title>Re: auto bed leveling</title>
				<link>http://smoothieware.org/forum/t-1015588/auto-bed-leveling#post-2104502</link>
				<description></description>
				<pubDate>Sun, 07 Sep 2014 18:18:33 +0000</pubDate>
				<wikidot:authorName>761834</wikidot:authorName>				<wikidot:authorUserId>1931385</wikidot:authorUserId>				<content:encoded>
					<![CDATA[
						 <p>Yes, see the &quot;Zprobe&quot; section under &quot;Smoothie Firmware&quot;</p> 
				 	]]>
				</content:encoded>							</item>
					<item>
				<guid>http://smoothieware.org/forum/t-1015588#post-2104325</guid>
				<title>auto bed leveling</title>
				<link>http://smoothieware.org/forum/t-1015588/auto-bed-leveling#post-2104325</link>
				<description></description>
				<pubDate>Sun, 07 Sep 2014 13:02:27 +0000</pubDate>
				<wikidot:authorName>Jittu Singh</wikidot:authorName>				<wikidot:authorUserId>1952835</wikidot:authorUserId>				<content:encoded>
					<![CDATA[
						 <p>Hi<br /> I am buliding a Cartesian printer and using smoothieboard. Is there any support for automatic bed leveling?</p> 
				 	]]>
				</content:encoded>							</item>
				</channel>
</rss>