<?xml version="1.0" encoding="UTF-8" ?>
<rss version="2.0" xmlns:content="http://purl.org/rss/1.0/modules/content/" xmlns:wikidot="http://www.wikidot.com/rss-namespace">

	<channel>
		<title>Proximity sensor for bed levelling</title>
		<link>http://smoothieware.org/forum/t-1040995/proximity-sensor-for-bed-levelling</link>
		<description>Posts in the discussion thread &quot;Proximity sensor for bed levelling&quot; - NPN inductive sensor NC for sensing bed height</description>
				<copyright></copyright>
		<lastBuildDate>Thu, 30 Oct 2014 09:26:56 +0000</lastBuildDate>
		
					<item>
				<guid>http://smoothieware.org/forum/t-1040995#post-2144065</guid>
				<title>Re: Proximity sensor for bed levelling</title>
				<link>http://smoothieware.org/forum/t-1040995/proximity-sensor-for-bed-levelling#post-2144065</link>
				<description></description>
				<pubDate>Thu, 30 Oct 2014 03:17:44 +0000</pubDate>
				<wikidot:authorName>Jan Beckman</wikidot:authorName>				<wikidot:authorUserId>1973411</wikidot:authorUserId>				<content:encoded>
					<![CDATA[
						 <p>I understand, so I wonder if a zener would add the necessary safety.</p> 
				 	]]>
				</content:encoded>							</item>
					<item>
				<guid>http://smoothieware.org/forum/t-1040995#post-2140594</guid>
				<title>Re: Proximity sensor for bed levelling</title>
				<link>http://smoothieware.org/forum/t-1040995/proximity-sensor-for-bed-levelling#post-2140594</link>
				<description></description>
				<pubDate>Sun, 26 Oct 2014 02:31:52 +0000</pubDate>
				<wikidot:authorName>wolfmanjm</wikidot:authorName>				<wikidot:authorUserId>1543179</wikidot:authorUserId>				<content:encoded>
					<![CDATA[
						 <p>If you apply 12v to an input pin you will destroy it and probably the chip.</p> 
				 	]]>
				</content:encoded>							</item>
					<item>
				<guid>http://smoothieware.org/forum/t-1040995#post-2134530</guid>
				<title>Re: Proximity sensor for bed levelling</title>
				<link>http://smoothieware.org/forum/t-1040995/proximity-sensor-for-bed-levelling#post-2134530</link>
				<description></description>
				<pubDate>Sat, 18 Oct 2014 22:52:56 +0000</pubDate>
				<wikidot:authorName>Jan Beckman</wikidot:authorName>				<wikidot:authorUserId>1973411</wikidot:authorUserId>				<content:encoded>
					<![CDATA[
						 <p>I was thinking a little more on this and assume now that I could use a 3.3 v zener diode clamped to the sense line. That way it will never go over that amount. Am I thinking right?</p> 
				 	]]>
				</content:encoded>							</item>
					<item>
				<guid>http://smoothieware.org/forum/t-1040995#post-2133985</guid>
				<title>Proximity sensor for bed levelling</title>
				<link>http://smoothieware.org/forum/t-1040995/proximity-sensor-for-bed-levelling#post-2133985</link>
				<description></description>
				<pubDate>Sat, 18 Oct 2014 03:38:13 +0000</pubDate>
				<wikidot:authorName>Jan Beckman</wikidot:authorName>				<wikidot:authorUserId>1973411</wikidot:authorUserId>				<content:encoded>
					<![CDATA[
						 <p>I would like to use a proximity sensor for helping me with bed levelling. It is a LJ18A3-5-Z/AX it is a normally closed NPN sensor.<br /> I am driving it with the same 12 volt as the smoothie board. Can I tie the sense line directly to pin 43 (Y max) with a diode in between to prevent reverse current from harming the IC1, or do I have to do something else.<br /> In the NC position I measure 0v (ground) on the sense line, that sounds right because it will be sinking to ground. When the sensor fires I measure 12v. I guess it must be floating to a high. What else may I have to do in the configuration file to make this work?</p> 
				 	]]>
				</content:encoded>							</item>
				</channel>
</rss>