<?xml version="1.0" encoding="UTF-8" ?>
<rss version="2.0" xmlns:content="http://purl.org/rss/1.0/modules/content/" xmlns:wikidot="http://www.wikidot.com/rss-namespace">

	<channel>
		<title>Connectivity Issues (serial or nic) with 5Xc Unit from Kickstarter</title>
		<link>http://smoothieware.org/forum/t-1000340/connectivity-issues-serial-or-nic-with-5xc-unit-from-kicksta</link>
		<description>Posts in the discussion thread &quot;Connectivity Issues (serial or nic) with 5Xc Unit from Kickstarter&quot; - Just getting to put to use my assembled 5xc from the original kickstarter campaign but having issues with connectivity.</description>
				<copyright></copyright>
		<lastBuildDate>Thu, 30 Oct 2014 09:29:24 +0000</lastBuildDate>
		
					<item>
				<guid>http://smoothieware.org/forum/t-1000340#post-2103550</guid>
				<title>Re: Connectivity Issues (serial or nic) with 5Xc Unit from Kickstarter</title>
				<link>http://smoothieware.org/forum/t-1000340/connectivity-issues-serial-or-nic-with-5xc-unit-from-kicksta#post-2103550</link>
				<description></description>
				<pubDate>Sat, 06 Sep 2014 04:53:01 +0000</pubDate>
				<wikidot:authorName>wolfmanjm</wikidot:authorName>				<wikidot:authorUserId>1543179</wikidot:authorUserId>				<content:encoded>
					<![CDATA[
						 <p>disabling automount is something you do on the host, it is different for the different o/s there is no way smoothie can do it itself.</p> 
				 	]]>
				</content:encoded>							</item>
					<item>
				<guid>http://smoothieware.org/forum/t-1000340#post-2101116</guid>
				<title>Re: Connectivity Issues (serial or nic) with 5Xc Unit from Kickstarter</title>
				<link>http://smoothieware.org/forum/t-1000340/connectivity-issues-serial-or-nic-with-5xc-unit-from-kicksta#post-2101116</link>
				<description></description>
				<pubDate>Tue, 02 Sep 2014 02:05:48 +0000</pubDate>
				<wikidot:authorName>briankb</wikidot:authorName>				<wikidot:authorUserId>1961648</wikidot:authorUserId>				<content:encoded>
					<![CDATA[
						 <p>Is there a way I can have the SD Card NOT mount automatically when I connect to smoothie via USB? I don't need it to auto mount, just a built in feature of Smoothieboard.</p> 
				 	]]>
				</content:encoded>							</item>
					<item>
				<guid>http://smoothieware.org/forum/t-1000340#post-2101080</guid>
				<title>Re: Connectivity Issues (serial or nic) with 5Xc Unit from Kickstarter</title>
				<link>http://smoothieware.org/forum/t-1000340/connectivity-issues-serial-or-nic-with-5xc-unit-from-kicksta#post-2101080</link>
				<description></description>
				<pubDate>Tue, 02 Sep 2014 00:33:12 +0000</pubDate>
				<wikidot:authorName>wolfmanjm</wikidot:authorName>				<wikidot:authorUserId>1543179</wikidot:authorUserId>				<content:encoded>
					<![CDATA[
						 <p>Unfortunately the disable_msd no longer does anything as I had to remove the disable msd option due to some people having problems with windows blue screens,it is a windows bug but unfortunately smoothie functionality has to suffer to accommodate redmonds shitty drivers.</p> <p>But this all sounds like bad SD Cards to me. or corrupted sdcards. You do know that if the sdcard gets mounted automatically and your reset or power off smoothie you are likely to corrupt the sdcard? it is highly recommended that the sdcard NEVER be mounted on windows (or mac or linux) unless you actually need to copy a file., then it must be immediately safely removed or ejected before a reset.</p> 
				 	]]>
				</content:encoded>							</item>
					<item>
				<guid>http://smoothieware.org/forum/t-1000340#post-2100412</guid>
				<title>Re: Connectivity Issues (serial or nic) with 5Xc Unit from Kickstarter</title>
				<link>http://smoothieware.org/forum/t-1000340/connectivity-issues-serial-or-nic-with-5xc-unit-from-kicksta#post-2100412</link>
				<description></description>
				<pubDate>Sun, 31 Aug 2014 17:50:21 +0000</pubDate>
				<wikidot:authorName>briankb</wikidot:authorName>				<wikidot:authorUserId>1961648</wikidot:authorUserId>				<content:encoded>
					<![CDATA[
						 <p>Did that and it worked and didn't work, let me explain.</p> <p>In Order of Attempts<br /> - from laptop via Chrome web browser could not pull up Smoothieboard Web Server Pronterface<br /> - from workstation via Chrome web browser, smoothie web server pronterface pulled up fine<br /> - back to laptop, tried IE and it worked.<br /> - still on laptop back to Chrome to clear cookies/cache and still could not pull up webpage<br /> - ping also worked from laptop and workstation within seconds of rebooting smoothieboard<br /> - was able to Telnet from Laptop to SMoothieboard and return Version info</p> <p>I was about to go into config.txt and comment out that line you had me change when I noticed what it said. <strong>Am I correct in assuming that when msd_disable = true that the SDCard should NOT be available to Windows as a storage?</strong> Because it was available and I pulled up the config.txt on the SDCard while it was in the smoothieboard and while I was connected to smoothieboard using Pronterface via USB</p> <p>What on earth is going on? I'm happy at least that it is working and I can get it setup but the connectivity issues are bizarre. All this has definately helped me learn more diagnosis proceedures for these devices though.</p> 
				 	]]>
				</content:encoded>							</item>
					<item>
				<guid>http://smoothieware.org/forum/t-1000340#post-2100212</guid>
				<title>Re: Connectivity Issues (serial or nic) with 5Xc Unit from Kickstarter</title>
				<link>http://smoothieware.org/forum/t-1000340/connectivity-issues-serial-or-nic-with-5xc-unit-from-kicksta#post-2100212</link>
				<description></description>
				<pubDate>Sun, 31 Aug 2014 10:57:58 +0000</pubDate>
				<wikidot:authorName>arthurwolf</wikidot:authorName>				<wikidot:authorUserId>471107</wikidot:authorUserId>				<content:encoded>
					<![CDATA[
						 <p>Hey.</p> <p>Can you try all this, but this time in the config file, also change :&nbsp;</p> <p>#msd_disable false # disable the MSD (USB SDCARD) when set to true</p> <p>to :&nbsp;</p> <p>msd_disable true # disable the MSD (USB SDCARD) when set to true</p> <p>Thanks.</p> 
				 	]]>
				</content:encoded>							</item>
					<item>
				<guid>http://smoothieware.org/forum/t-1000340#post-2100036</guid>
				<title>Re: Connectivity Issues (serial or nic) with 5Xc Unit from Kickstarter</title>
				<link>http://smoothieware.org/forum/t-1000340/connectivity-issues-serial-or-nic-with-5xc-unit-from-kicksta#post-2100036</link>
				<description></description>
				<pubDate>Sun, 31 Aug 2014 00:56:43 +0000</pubDate>
				<wikidot:authorName>briankb</wikidot:authorName>				<wikidot:authorUserId>1961648</wikidot:authorUserId>				<content:encoded>
					<![CDATA[
						 <p>Found another SD card (this is #3) a Kingston 4GB. Used Diskpart to Clean it then did a slow reformat with Fat32 (as per wiki).</p> <p>Copied latest edge firmware and default config, updated config to enable Network and set a static IP.</p> <p>Inserted SD and Turned On - noticed lights sequencing to confirm the firmware was being updated and then finished with blinking 2/3, turned off and back on, then pressed Reset.</p> <p>Upon rebooting it took about 5m before my router showed the 192.168.0.115 IP that I had setup in config. However when visiting that IP in browser it did nothing. Tried rebooting and no change.</p> 
				 	]]>
				</content:encoded>							</item>
					<item>
				<guid>http://smoothieware.org/forum/t-1000340#post-2099979</guid>
				<title>Re: Connectivity Issues (serial or nic) with 5Xc Unit from Kickstarter</title>
				<link>http://smoothieware.org/forum/t-1000340/connectivity-issues-serial-or-nic-with-5xc-unit-from-kicksta#post-2099979</link>
				<description></description>
				<pubDate>Sat, 30 Aug 2014 23:22:29 +0000</pubDate>
				<wikidot:authorName>arthurwolf</wikidot:authorName>				<wikidot:authorUserId>471107</wikidot:authorUserId>				<content:encoded>
					<![CDATA[
						 <p>Format the SD card, put firmware and config file ( modified for allowing ethernet ) on the SD card, then remove USB cable, connect 12V and ethernet, let it flash the new firmware, reset ( still no USB&nbsp;cable ) and see if you can access it via ethernet.<br /> Then keep not using USB for any reason, and see if it breaks that way or not.</p> 
				 	]]>
				</content:encoded>							</item>
					<item>
				<guid>http://smoothieware.org/forum/t-1000340#post-2099950</guid>
				<title>Re: Connectivity Issues (serial or nic) with 5Xc Unit from Kickstarter</title>
				<link>http://smoothieware.org/forum/t-1000340/connectivity-issues-serial-or-nic-with-5xc-unit-from-kicksta#post-2099950</link>
				<description></description>
				<pubDate>Sat, 30 Aug 2014 22:54:12 +0000</pubDate>
				<wikidot:authorName>briankb</wikidot:authorName>				<wikidot:authorUserId>1961648</wikidot:authorUserId>				<content:encoded>
					<![CDATA[
						 <p>If not connecting to PC via USB, How am I supposed to connect to it? The default config is network false.</p> 
				 	]]>
				</content:encoded>							</item>
					<item>
				<guid>http://smoothieware.org/forum/t-1000340#post-2099924</guid>
				<title>Re: Connectivity Issues (serial or nic) with 5Xc Unit from Kickstarter</title>
				<link>http://smoothieware.org/forum/t-1000340/connectivity-issues-serial-or-nic-with-5xc-unit-from-kicksta#post-2099924</link>
				<description></description>
				<pubDate>Sat, 30 Aug 2014 22:34:55 +0000</pubDate>
				<wikidot:authorName>arthurwolf</wikidot:authorName>				<wikidot:authorUserId>471107</wikidot:authorUserId>				<content:encoded>
					<![CDATA[
						 <p>All the cases you mention for the leds are smoothie booting up fine and running ( even though you can't communicate with it for some reason, in part of the cases ).</p> <p>The out-of-sync thing may be related to smoothie having read it's config or using it's default values &#8230;</p> <p>Could you try this : format SD card, flash new firmware, copy new config file, and -not- at any point, connect Smoothieboard to the PC via USB. Then trying using it like this and seeing if it breaks or not.</p> <p>Thanks.</p> 
				 	]]>
				</content:encoded>							</item>
					<item>
				<guid>http://smoothieware.org/forum/t-1000340#post-2099912</guid>
				<title>Re: Connectivity Issues (serial or nic) with 5Xc Unit from Kickstarter</title>
				<link>http://smoothieware.org/forum/t-1000340/connectivity-issues-serial-or-nic-with-5xc-unit-from-kicksta#post-2099912</link>
				<description></description>
				<pubDate>Sat, 30 Aug 2014 22:28:06 +0000</pubDate>
				<wikidot:authorName>briankb</wikidot:authorName>				<wikidot:authorUserId>1961648</wikidot:authorUserId>				<content:encoded>
					<![CDATA[
						 <p>I just reconnected it to answer this question, have not refreshed the SD card again.</p> <p>SD Card Inserted, 12v through VBB / Add-On Regulator, and Network Cable Connected</p> <p>LED's<br /> - VBB (Steady Red)<br /> - 3.3v (Steady Amber/Yellow)<br /> - 4 (Steady Green)<br /> - 3 (Blinking in Sync with 2)<br /> - 2 (Blinking in Sync with 3)<br /> - 1 (Steady Green)</p> <p>What I have observed is that when the board is working as expected and will connect over USB and Network instead of the #2 &amp; 3 LED's blinking in sync, they will blink but out of sync and according to some metric or other internal pulse it is keeping for those LED's.</p> <p>I've reviewed the troubleshooting page a few times regarding the LED's and this scenario is not mentioned, or at least I did not recognize it.</p> 
				 	]]>
				</content:encoded>							</item>
					<item>
				<guid>http://smoothieware.org/forum/t-1000340#post-2099886</guid>
				<title>Re: Connectivity Issues (serial or nic) with 5Xc Unit from Kickstarter</title>
				<link>http://smoothieware.org/forum/t-1000340/connectivity-issues-serial-or-nic-with-5xc-unit-from-kicksta#post-2099886</link>
				<description></description>
				<pubDate>Sat, 30 Aug 2014 22:00:13 +0000</pubDate>
				<wikidot:authorName>arthurwolf</wikidot:authorName>				<wikidot:authorUserId>471107</wikidot:authorUserId>				<content:encoded>
					<![CDATA[
						 <p>And what do the leds say when you only have 12V connected ?</p> 
				 	]]>
				</content:encoded>							</item>
					<item>
				<guid>http://smoothieware.org/forum/t-1000340#post-2099883</guid>
				<title>Re: Connectivity Issues (serial or nic) with 5Xc Unit from Kickstarter</title>
				<link>http://smoothieware.org/forum/t-1000340/connectivity-issues-serial-or-nic-with-5xc-unit-from-kicksta#post-2099883</link>
				<description></description>
				<pubDate>Sat, 30 Aug 2014 21:57:26 +0000</pubDate>
				<wikidot:authorName>briankb</wikidot:authorName>				<wikidot:authorUserId>1961648</wikidot:authorUserId>				<content:encoded>
					<![CDATA[
						 <p>Yes.</p> <p>Both my workstation and laptop, both run Windows 8 x64 and I installed the signed Smoothieboard drivers.</p> <p>Everything seems to boot up as expected but it will not allow me to connect via USB and when I tried just the 12v (USB Unplugged) and connected the network it would not show the website.</p> <p>I will try booting it up again. If it still doesn't connect. I will try one more time to put a fresh copy of the firmware and config on the SD and reboot set network to true and just try letting it bootup using 12v power rail and connected to network.</p> <p>Very frustrating&#8230; obviously. I'm half way through building my Shapeoko and would like to use the Smoothieboard to test it.</p> 
				 	]]>
				</content:encoded>							</item>
					<item>
				<guid>http://smoothieware.org/forum/t-1000340#post-2099849</guid>
				<title>Re: Connectivity Issues (serial or nic) with 5Xc Unit from Kickstarter</title>
				<link>http://smoothieware.org/forum/t-1000340/connectivity-issues-serial-or-nic-with-5xc-unit-from-kicksta#post-2099849</link>
				<description></description>
				<pubDate>Sat, 30 Aug 2014 20:38:31 +0000</pubDate>
				<wikidot:authorName>arthurwolf</wikidot:authorName>				<wikidot:authorUserId>471107</wikidot:authorUserId>				<content:encoded>
					<![CDATA[
						 <p>So it does this on both your computers now ?</p> <p>What are the exact symptoms ? It just refuses to connect ?</p> 
				 	]]>
				</content:encoded>							</item>
					<item>
				<guid>http://smoothieware.org/forum/t-1000340#post-2099844</guid>
				<title>Re: Connectivity Issues (serial or nic) with 5Xc Unit from Kickstarter</title>
				<link>http://smoothieware.org/forum/t-1000340/connectivity-issues-serial-or-nic-with-5xc-unit-from-kicksta#post-2099844</link>
				<description></description>
				<pubDate>Sat, 30 Aug 2014 20:19:25 +0000</pubDate>
				<wikidot:authorName>briankb</wikidot:authorName>				<wikidot:authorUserId>1961648</wikidot:authorUserId>				<content:encoded>
					<![CDATA[
						 <p>It worked for a while, even long enough for me to wire up the 12v and test a servo. Then it just stopped working again&#8230;</p> <p>This is actually the second SD card I'm using. This one is 16gb the first was a 4gb micro.</p> <p>I'm at a lost to the problem, other than some issue with the board itself. I'm not doing anything but powering it up and trying to connect. This last time it was working, was the first I tried to connect a servo.</p> 
				 	]]>
				</content:encoded>							</item>
					<item>
				<guid>http://smoothieware.org/forum/t-1000340#post-2099771</guid>
				<title>Re: Connectivity Issues (serial or nic) with 5Xc Unit from Kickstarter</title>
				<link>http://smoothieware.org/forum/t-1000340/connectivity-issues-serial-or-nic-with-5xc-unit-from-kicksta#post-2099771</link>
				<description></description>
				<pubDate>Sat, 30 Aug 2014 17:07:31 +0000</pubDate>
				<wikidot:authorName>arthurwolf</wikidot:authorName>				<wikidot:authorUserId>471107</wikidot:authorUserId>				<content:encoded>
					<![CDATA[
						 <p>That's great !</p> <p>Maybe your SD card is what is causing you trouble, if it does this again maybe try with another one.</p> <p>Cheers.</p> 
				 	]]>
				</content:encoded>							</item>
					<item>
				<guid>http://smoothieware.org/forum/t-1000340#post-2099768</guid>
				<title>Re: Connectivity Issues (serial or nic) with 5Xc Unit from Kickstarter</title>
				<link>http://smoothieware.org/forum/t-1000340/connectivity-issues-serial-or-nic-with-5xc-unit-from-kicksta#post-2099768</link>
				<description></description>
				<pubDate>Sat, 30 Aug 2014 17:05:30 +0000</pubDate>
				<wikidot:authorName>briankb</wikidot:authorName>				<wikidot:authorUserId>1961648</wikidot:authorUserId>				<content:encoded>
					<![CDATA[
						 <p>Initially on the laptop it would not connect but I got another copy (just today) of the latest Edge firmware and default config and it came back to life.</p> <p>Updated config.txt to allow ethernet and after reboot it was available online as well.</p> 
				 	]]>
				</content:encoded>							</item>
					<item>
				<guid>http://smoothieware.org/forum/t-1000340#post-2099750</guid>
				<title>Re: Connectivity Issues (serial or nic) with 5Xc Unit from Kickstarter</title>
				<link>http://smoothieware.org/forum/t-1000340/connectivity-issues-serial-or-nic-with-5xc-unit-from-kicksta#post-2099750</link>
				<description></description>
				<pubDate>Sat, 30 Aug 2014 15:58:47 +0000</pubDate>
				<wikidot:authorName>briankb</wikidot:authorName>				<wikidot:authorUserId>1961648</wikidot:authorUserId>				<content:encoded>
					<![CDATA[
						 <p>Just tried Pronterface and it also sees the Smoothieboard on Com16 but when I try to connect it just spins/&quot;Connecting&#8230;&quot;.</p> <p>Does the port speed matter? I've tried 250000 then 9600 but neither worked.</p> <p>I will go grab my laptop and try that as well&#8230; I don't think I've ever connected the smoothieboard to it so maybe, if it is a driver issue, it will connect.</p> 
				 	]]>
				</content:encoded>							</item>
					<item>
				<guid>http://smoothieware.org/forum/t-1000340#post-2097065</guid>
				<title>Re: Connectivity Issues (serial or nic) with 5Xc Unit from Kickstarter</title>
				<link>http://smoothieware.org/forum/t-1000340/connectivity-issues-serial-or-nic-with-5xc-unit-from-kicksta#post-2097065</link>
				<description></description>
				<pubDate>Tue, 26 Aug 2014 12:52:27 +0000</pubDate>
				<wikidot:authorName>arthurwolf</wikidot:authorName>				<wikidot:authorUserId>471107</wikidot:authorUserId>				<content:encoded>
					<![CDATA[
						 <p>Can you try another host program, like Pronterface ?</p> <p>Cheers.</p> 
				 	]]>
				</content:encoded>							</item>
					<item>
				<guid>http://smoothieware.org/forum/t-1000340#post-2096779</guid>
				<title>Re: Connectivity Issues (serial or nic) with 5Xc Unit from Kickstarter</title>
				<link>http://smoothieware.org/forum/t-1000340/connectivity-issues-serial-or-nic-with-5xc-unit-from-kicksta#post-2096779</link>
				<description></description>
				<pubDate>Tue, 26 Aug 2014 00:34:18 +0000</pubDate>
				<wikidot:authorName>briankb</wikidot:authorName>				<wikidot:authorUserId>1961648</wikidot:authorUserId>				<content:encoded>
					<![CDATA[
						 <p>I cloned the gitrepo and copied /FirmwareBin/firmware.bin and /ConfigSamples/Smoothieboard/config and let it boot up, then I turned it off/on. It shows up in Windows Device Manager as Smoothieboard on Com 16 but when I try to communicate with it using Univ. Gcode Sender it does not reply with ok. or acknowledge any commands like &quot;version&quot;. Just does nothing. As before, the 1/4 LED are steady on and 2/3 are blinking.</p> <p>I don't know what else to try&#8230;</p> 
				 	]]>
				</content:encoded>							</item>
					<item>
				<guid>http://smoothieware.org/forum/t-1000340#post-2096637</guid>
				<title>Re: Connectivity Issues (serial or nic) with 5Xc Unit from Kickstarter</title>
				<link>http://smoothieware.org/forum/t-1000340/connectivity-issues-serial-or-nic-with-5xc-unit-from-kicksta#post-2096637</link>
				<description></description>
				<pubDate>Mon, 25 Aug 2014 19:39:32 +0000</pubDate>
				<wikidot:authorName>GlennBeer</wikidot:authorName>				<wikidot:authorUserId>1739384</wikidot:authorUserId>				<content:encoded>
					<![CDATA[
						 <p>Recommend you get both the current edge, firmware and config, from the github repo.</p> <p><a href="https://github.com/Smoothieware/Smoothieware">https://github.com/Smoothieware/Smoothieware</a></p> 
				 	]]>
				</content:encoded>							</item>
					<item>
				<guid>http://smoothieware.org/forum/t-1000340#post-2096542</guid>
				<title>Connectivity Issues (serial or nic) with 5Xc Unit from Kickstarter</title>
				<link>http://smoothieware.org/forum/t-1000340/connectivity-issues-serial-or-nic-with-5xc-unit-from-kicksta#post-2096542</link>
				<description></description>
				<pubDate>Mon, 25 Aug 2014 16:23:58 +0000</pubDate>
				<wikidot:authorName>briankb</wikidot:authorName>				<wikidot:authorUserId>1961648</wikidot:authorUserId>				<content:encoded>
					<![CDATA[
						 <p>I've been having issues with my 5Xc. I was able to connect and upgraded the firmware yesterday to the latest stable master-firmware release. I had some issues and read the troubleshooting guide about the 1 &amp; 4 light being on meant a config issue, so I replaced the config with the 3D printing default config. It booted up and I was able to connect and confirm &quot;version&quot; via serial connection using Univ. Gcode Sender java app.</p> <p>I soldered the network plug (ordered from uberclock) and it seemed to work as well after I enabled networking and rebooted it obtained a new ip. I was able to see the pronterface looking UI on the webpage of the new ip. I was also able to telnet to it.</p> <p>However&#8230; now I can't get any of it to work. And lights 1 and 4 on steady but 2/3 are blinking which, if I understand it correctly, means everything is ok?</p> <p>The network plug is showing an amber link light and blinking green activity and I confirmed via my router it does obtain the IP address. I just cannot connect to the board via web browser, telnet, or even serial over usb directly.</p> <p>I would like to blame my soldering job on the network plug but I just redid what looked like only two possible cold joints. And light I said both network plug lights are working as expected.</p> <p><em>My system: Windows 8 x64 and I have installed Arduino drivers (unsigned) as well as the official signed Smoothie drivers for windows 8 x64. I don't think this is a communication problem between Win8 and Smoothieboard, as I can connect to my Arduino Uno and DigiStump Pro just fine.</em></p> <p><strong>What else could be the problem? Or is it just a bad unit that I need to get replaced/rma'd?</strong></p> <p>Thanks!</p> 
				 	]]>
				</content:encoded>							</item>
				</channel>
</rss>