<?xml version="1.0" encoding="UTF-8" ?>
<rss version="2.0" xmlns:content="http://purl.org/rss/1.0/modules/content/" xmlns:wikidot="http://www.wikidot.com/rss-namespace">

	<channel>
		<title>chages not visible in compiled firmware</title>
		<link>http://smoothieware.org/forum/t-1035376/chages-not-visible-in-compiled-firmware</link>
		<description>Posts in the discussion thread &quot;chages not visible in compiled firmware&quot; - I tried to add some buttons in web interface but those changes are not visible  in compiled image</description>
				<copyright></copyright>
		<lastBuildDate>Thu, 30 Oct 2014 09:27:27 +0000</lastBuildDate>
		
					<item>
				<guid>http://smoothieware.org/forum/t-1035376#post-2124320</guid>
				<title>Re: chages not visible in compiled firmware</title>
				<link>http://smoothieware.org/forum/t-1035376/chages-not-visible-in-compiled-firmware#post-2124320</link>
				<description></description>
				<pubDate>Sat, 04 Oct 2014 13:20:14 +0000</pubDate>
				<wikidot:authorName>arthurwolf</wikidot:authorName>				<wikidot:authorUserId>471107</wikidot:authorUserId>				<content:encoded>
					<![CDATA[
						 <p>Well actually in your case it may be the makefsdata.pl script.</p> <p>Try it :)</p> 
				 	]]>
				</content:encoded>							</item>
					<item>
				<guid>http://smoothieware.org/forum/t-1035376#post-2124319</guid>
				<title>Re: chages not visible in compiled firmware</title>
				<link>http://smoothieware.org/forum/t-1035376/chages-not-visible-in-compiled-firmware#post-2124319</link>
				<description></description>
				<pubDate>Sat, 04 Oct 2014 13:19:38 +0000</pubDate>
				<wikidot:authorName>arthurwolf</wikidot:authorName>				<wikidot:authorUserId>471107</wikidot:authorUserId>				<content:encoded>
					<![CDATA[
						 <p>Hey !</p> <p>I ran into the same problem a few days ago :)</p> <p>You need to run the &quot;makestrings&quot; script in src/libs/Network/uip/webserver</p> <p>Cheers :)</p> 
				 	]]>
				</content:encoded>							</item>
					<item>
				<guid>http://smoothieware.org/forum/t-1035376#post-2124318</guid>
				<title>chages not visible in compiled firmware</title>
				<link>http://smoothieware.org/forum/t-1035376/chages-not-visible-in-compiled-firmware#post-2124318</link>
				<description></description>
				<pubDate>Sat, 04 Oct 2014 13:13:38 +0000</pubDate>
				<wikidot:authorName>Jittu Singh</wikidot:authorName>				<wikidot:authorUserId>1952835</wikidot:authorUserId>				<content:encoded>
					<![CDATA[
						 <p>I am adding some buttons for auto bed leveling in smoothie web interface these changes are visible in my system but when i replaced the existing html files</p> <p>Smoothieware-edge\src\libs\Network\uip\webserver\httpd-fs<br /> Smoothieware-edge\src\libs\Network\uip\webserver\httpd-fs-src</p> <p>with my modified html files but those changes are not visible in compiled firmware</p> 
				 	]]>
				</content:encoded>							</item>
				</channel>
</rss>