<?xml version="1.0" encoding="UTF-8" ?>
<rss version="2.0" xmlns:content="http://purl.org/rss/1.0/modules/content/" xmlns:wikidot="http://www.wikidot.com/rss-namespace">

	<channel>
		<title>HeeksCNC arcs</title>
		<link>http://smoothieware.org/forum/t-1038030/heekscnc-arcs</link>
		<description>Posts in the discussion thread &quot;HeeksCNC arcs&quot;</description>
				<copyright></copyright>
		<lastBuildDate>Thu, 30 Oct 2014 09:27:22 +0000</lastBuildDate>
		
					<item>
				<guid>http://smoothieware.org/forum/t-1038030#post-2129448</guid>
				<title>Re: HeeksCNC arcs</title>
				<link>http://smoothieware.org/forum/t-1038030/heekscnc-arcs#post-2129448</link>
				<description></description>
				<pubDate>Sat, 11 Oct 2014 14:15:26 +0000</pubDate>
				<wikidot:authorName>arthurwolf</wikidot:authorName>				<wikidot:authorUserId>471107</wikidot:authorUserId>				<content:encoded>
					<![CDATA[
						 <p>Hey !</p> <p>That's a bit weird, not sure what's going on.</p> <p>Here's an example I found :&nbsp;</p> <div class="code"> <pre> <code>( Made using CamBam - http://www.cambam.co.uk ) ( lead-nut-mounts-inside-plywood 11/11/2011 3:42:49 PM ) ( T0 : 0.32 ) G0 X0 Y0 Z0 G21 G90 G64 G40 G0 Z1.0 ( T0 : 0.32 ) T0 M6 ( inside ) G17 M3 S1000 G0 X3.84 Y18.0 G1 F4000.0 Z-0.1 G2 F2000.0 X2.58 Y17.2725 I-0.84 J0.0 G2 Y18.7275 I0.42 J0.7275 G2 X3.84 Y18.0 I0.42 J-0.7275 G0 Z1.0 G0 X5.2681 Y17.1755 G1 F4000.0 Z-0.1 G1 F2000.0 X5.7174 Y17.9536 G1 X5.705 Y17.9751 G1 X5.7174 Y17.9536 G1 X10.2826 G1 X10.295 Y17.9751 G1 X10.2826 Y17.9536 G1 X12.5652 Y14.0 G1 X12.59 G1 X12.5652 G1 X10.2826 Y10.0464 G1 X10.295 Y10.0249 G1 X10.2826 Y10.0464 G1 X5.7174 G1 X5.705 Y10.0249 G1 X5.7174 Y10.0464 G1 X3.4348 Y14.0 G1 X3.41 G1 X3.4348 G1 X5.2681 Y17.1755 G0 Z1.0 G0 X12.3843 Y10.5714 G1 F4000.0 Z-0.1 G2 F2000.0 X12.58 Y10.7275 I0.6157 J-0.5714 G2 X13.84 Y10.0 I0.42 J-0.7275 G2 X12.58 Y9.2725 I-0.84 J0.0 G2 X12.3843 Y10.5714 I0.42 J0.7275 G0 Z1.0 G0 X18.41 Y14.0 G1 F4000.0 Z-0.1 G1 F2000.0 X18.4348 G1 X20.7174 Y17.9536 G1 X20.705 Y17.9751 G1 X20.7174 Y17.9536 G1 X25.2826 G1 X25.295 Y17.9751 G1 X25.2826 Y17.9536 G1 X27.5652 Y14.0</code> </pre></div> <p>Tell us if this helps.</p> <p>Cheers.</p> 
				 	]]>
				</content:encoded>							</item>
					<item>
				<guid>http://smoothieware.org/forum/t-1038030#post-2128703</guid>
				<title>HeeksCNC arcs</title>
				<link>http://smoothieware.org/forum/t-1038030/heekscnc-arcs#post-2128703</link>
				<description></description>
				<pubDate>Fri, 10 Oct 2014 10:19:56 +0000</pubDate>
				<wikidot:authorName>danheeks</wikidot:authorName>				<wikidot:authorUserId>532379</wikidot:authorUserId>				<content:encoded>
					<![CDATA[
						 <p>Hi, someone has reported to me that their machine ( built with a smoothie board ) is having trouble with arcs output by my HeekCNC 1.0 CAD/CAM software. The output it is making is fine for LinuxCNC; using G2 and G3 with the I and J parameters defining the centre point relative to the arc's start point.</p> <p>The smoothieboard documentation says that I and J are relative coordinates. Is this relative to the arc start point also?</p> <p>Any ideas why the arcs might not be working correctly?</p> <p>Can anyone give me some sample g-code with G2 and G3 moves which works correctly on smoothieboard, so I can produce similar code?</p> <p>Dan Heeks.</p> 
				 	]]>
				</content:encoded>							</item>
				</channel>
</rss>