<?xml version="1.0" encoding="UTF-8" ?>
<rss version="2.0" xmlns:content="http://purl.org/rss/1.0/modules/content/" xmlns:wikidot="http://www.wikidot.com/rss-namespace">

	<channel>
		<title>Flashing SD Bootloader LPC1769 FlashMagic Issue</title>
		<link>http://smoothieware.org/forum/t-1036650/flashing-sd-bootloader-lpc1769-flashmagic-issue</link>
		<description>Posts in the discussion thread &quot;Flashing SD Bootloader LPC1769 FlashMagic Issue&quot;</description>
				<copyright></copyright>
		<lastBuildDate>Thu, 30 Oct 2014 09:27:20 +0000</lastBuildDate>
		
					<item>
				<guid>http://smoothieware.org/forum/t-1036650#post-2129478</guid>
				<title>Re: Flashing SD Bootloader LPC1769 FlashMagic Issue</title>
				<link>http://smoothieware.org/forum/t-1036650/flashing-sd-bootloader-lpc1769-flashmagic-issue#post-2129478</link>
				<description></description>
				<pubDate>Sat, 11 Oct 2014 15:29:28 +0000</pubDate>
				<wikidot:authorName>arthurwolf</wikidot:authorName>				<wikidot:authorUserId>471107</wikidot:authorUserId>				<content:encoded>
					<![CDATA[
						 <p>Glad you got it working, tell us if you need help in the future.</p> 
				 	]]>
				</content:encoded>							</item>
					<item>
				<guid>http://smoothieware.org/forum/t-1036650#post-2126519</guid>
				<title>Re: Flashing SD Bootloader LPC1769 FlashMagic Issue</title>
				<link>http://smoothieware.org/forum/t-1036650/flashing-sd-bootloader-lpc1769-flashmagic-issue#post-2126519</link>
				<description></description>
				<pubDate>Tue, 07 Oct 2014 18:23:32 +0000</pubDate>
				<wikidot:authorName>Mdustan</wikidot:authorName>				<wikidot:authorUserId>1992237</wikidot:authorUserId>				<content:encoded>
					<![CDATA[
						 <p>Update:</p> <p>After a little experimentation in flash magic I decided to flash the bootloader without erasing the blocks. Flash magic completed without any errors and the SD card mounts.</p> <p>I have no idea why I am unable to erase flash blocks but atleast the bootloader appears to be working.</p> 
				 	]]>
				</content:encoded>							</item>
					<item>
				<guid>http://smoothieware.org/forum/t-1036650#post-2126275</guid>
				<title>Flashing SD Bootloader LPC1769 FlashMagic Issue</title>
				<link>http://smoothieware.org/forum/t-1036650/flashing-sd-bootloader-lpc1769-flashmagic-issue#post-2126275</link>
				<description></description>
				<pubDate>Tue, 07 Oct 2014 12:18:32 +0000</pubDate>
				<wikidot:authorName>Mdustan</wikidot:authorName>				<wikidot:authorUserId>1992237</wikidot:authorUserId>				<content:encoded>
					<![CDATA[
						 <p>Hello</p> <p>I am looking for some guidance on flashing the SD bootloader to a LPCXpresso LPC1769 board.</p> <p>To my knowledge I have been following the instructions to the letter but flash magic is giving the error 'Operation failed. (failed to erase block 0)'</p> <p>This is the process I have followed:</p> <p>Placed LPC1769 with link board removed on breadboard<br /> Wired in a 3.3v LDO<br /> Attached a ftdi cable as described<br /> Wired in reset, bootloader and play pause tactile buttons</p> <p>Performed the button sequence to put the board into serial bootloader mode.</p> <p>In flash magic I selected ISP&gt;Read Device Signature<br /> This reported:</p> <p>Device ID: 0x26113F37<br /> Bootloader Ver: 4.2<br /> Serial Number: 421073182&#160;1398149994&#160;1320840782&#160;4110417923</p> <p>In Flashmagic Step 1 communications</p> <p>LPC1769<br /> COM 9<br /> Baud rate 38400<br /> Interface : None (ISP)<br /> Oscillator MHz 12</p> <p>I am using the pre compiled hex file linked in the instructions and have checked the md5sum against the one in the repository.</p> <p>I have checked the box 'Erase blocks used by Hex File'</p> <p>Can anyone spot anything I am missing. When I try and flash the hex file I get the error cannot erase block 0.</p> <p>Thanks</p> <p>Matt</p> 
				 	]]>
				</content:encoded>							</item>
				</channel>
</rss>