<?xml version="1.0" encoding="UTF-8" ?>
<rss version="2.0" xmlns:content="http://purl.org/rss/1.0/modules/content/" xmlns:wikidot="http://www.wikidot.com/rss-namespace">

	<channel>
		<title>Help me on Z axis 3D printer</title>
		<link>http://smoothieware.org/forum/t-1030415/help-me-on-z-axis-3d-printer</link>
		<description>Posts in the discussion thread &quot;Help me on Z axis 3D printer&quot; - It moves too far from bed.</description>
				<copyright></copyright>
		<lastBuildDate>Thu, 30 Oct 2014 09:27:28 +0000</lastBuildDate>
		
					<item>
				<guid>http://smoothieware.org/forum/t-1030415#post-2122970</guid>
				<title>Re: Help me on Z axis 3D printer</title>
				<link>http://smoothieware.org/forum/t-1030415/help-me-on-z-axis-3d-printer#post-2122970</link>
				<description></description>
				<pubDate>Thu, 02 Oct 2014 09:32:04 +0000</pubDate>
				<wikidot:authorName>Sang Dth</wikidot:authorName>				<wikidot:authorUserId>1978574</wikidot:authorUserId>				<content:encoded>
					<![CDATA[
						 <p>Yes I have, and it can homing well. All XYZ axis can homing well.</p> 
				 	]]>
				</content:encoded>							</item>
					<item>
				<guid>http://smoothieware.org/forum/t-1030415#post-2121688</guid>
				<title>Re: Help me on Z axis 3D printer</title>
				<link>http://smoothieware.org/forum/t-1030415/help-me-on-z-axis-3d-printer#post-2121688</link>
				<description></description>
				<pubDate>Tue, 30 Sep 2014 14:31:31 +0000</pubDate>
				<wikidot:authorName>arthurwolf</wikidot:authorName>				<wikidot:authorUserId>471107</wikidot:authorUserId>				<content:encoded>
					<![CDATA[
						 <p>Do you have homing/endstops setup on this machine ?</p> 
				 	]]>
				</content:encoded>							</item>
					<item>
				<guid>http://smoothieware.org/forum/t-1030415#post-2121682</guid>
				<title>Re: Help me on Z axis 3D printer</title>
				<link>http://smoothieware.org/forum/t-1030415/help-me-on-z-axis-3d-printer#post-2121682</link>
				<description></description>
				<pubDate>Tue, 30 Sep 2014 14:08:51 +0000</pubDate>
				<wikidot:authorName>Sang Dth</wikidot:authorName>				<wikidot:authorUserId>1978574</wikidot:authorUserId>				<content:encoded>
					<![CDATA[
						 <p>Hei Arthur,</p> <p>The Z axis setup is ok, I measure it in 10mm, 30mm, and 50mm, all move correctly.<br /> I think the problem is come with Slic3r. Today I tried to switch to another board, and use the same file, and have the same problem.</p> <p>I will try another slice software, and post update soon.</p> <p>Thank you.</p> 
				 	]]>
				</content:encoded>							</item>
					<item>
				<guid>http://smoothieware.org/forum/t-1030415#post-2121622</guid>
				<title>Re: Help me on Z axis 3D printer</title>
				<link>http://smoothieware.org/forum/t-1030415/help-me-on-z-axis-3d-printer#post-2121622</link>
				<description></description>
				<pubDate>Tue, 30 Sep 2014 11:32:27 +0000</pubDate>
				<wikidot:authorName>arthurwolf</wikidot:authorName>				<wikidot:authorUserId>471107</wikidot:authorUserId>				<content:encoded>
					<![CDATA[
						 <p>Hey there.</p> <p>Sorry for taking long to answer.</p> <p>It does sound like there is a problem with your Z axis steps setting.<br /> Can you please move your Z axis 100mm up ( G1 Z100 F100 ), and measure how much it actually moves ?</p> <p>Thanks.</p> 
				 	]]>
				</content:encoded>							</item>
					<item>
				<guid>http://smoothieware.org/forum/t-1030415#post-2119952</guid>
				<title>Re: Help me on Z axis 3D printer</title>
				<link>http://smoothieware.org/forum/t-1030415/help-me-on-z-axis-3d-printer#post-2119952</link>
				<description></description>
				<pubDate>Sat, 27 Sep 2014 22:15:07 +0000</pubDate>
				<wikidot:authorName>Sang Dth</wikidot:authorName>				<wikidot:authorUserId>1978574</wikidot:authorUserId>				<content:encoded>
					<![CDATA[
						 <p>Anyone suggests something, please?</p> 
				 	]]>
				</content:encoded>							</item>
					<item>
				<guid>http://smoothieware.org/forum/t-1030415#post-2117924</guid>
				<title>Re: Help me on Z axis 3D printer</title>
				<link>http://smoothieware.org/forum/t-1030415/help-me-on-z-axis-3d-printer#post-2117924</link>
				<description></description>
				<pubDate>Thu, 25 Sep 2014 10:31:37 +0000</pubDate>
				<wikidot:authorName>Sang Dth</wikidot:authorName>				<wikidot:authorUserId>1978574</wikidot:authorUserId>				<content:encoded>
					<![CDATA[
						 <p>This is the gcode test file, I printed it well with Sanguinololu board.</p> <div class="code"> <pre> <code>; generated by Slic3r 1.1.7 on 2014-09-25 at 12:12:35 ; perimeters extrusion width = 0.50mm ; infill extrusion width = 1.98mm ; solid infill extrusion width = 0.85mm ; top infill extrusion width = 0.85mm ; support material extrusion width = 0.50mm G21 ; set units to millimeters M107 M190 S95 ; wait for bed temperature to be reached M104 S230 ; set temperature M109 S230 ; wait for temperature to be reached G90 ; use absolute coordinates G92 E0 M82 ; use absolute distances for extrusion G1 F2400.000 E-2.00000 G1 Z0.500 F7800.000 G92 E0 G1 X73.442 Y73.818 F7800.000 G1 Z0.300 F7800.000 G1 E2.00000 F2400.000 G1 X75.669 Y71.974 E2.20283 F1019.448 G1 X78.314 Y70.806 E2.40566 G1 X81.190 Y70.405 E2.60938 G1 X98.703 Y70.405 E3.83793 G1 X101.567 Y70.803 E4.04077 F1019.448 G1 X104.213 Y71.967 E4.24360 G1 X106.442 Y73.809 E4.44643 G1 X108.084 Y76.189 E4.64926 G1 X108.815 Y78.076 E4.79120 G1 X109.207 Y79.477 E4.89329 G1 X109.595 Y82.306 E5.09362 G1 X109.595 Y97.594 E6.16603 G1 X109.197 Y100.457 E6.36886 G1 X108.482 Y102.298 E6.50740 G1 X107.729 Y103.800 E6.62523 G1 X106.090 Y106.182 E6.82806 G1 X103.864 Y108.026 E7.03089 G1 X101.219 Y109.194 E7.23372 G1 X98.343 Y109.595 E7.43743 G1 X81.924 Y109.595 E8.58921 G1 X80.390 Y109.482 E8.69712 G1 X79.371 Y109.332 E8.76939 G1 X76.596 Y108.520 E8.97222 G1 X74.148 Y106.981 E9.17506 G1 X72.212 Y104.834 E9.37789 G1 X70.935 Y102.239 E9.58072 G1 X70.405 Y98.945 E9.81482 G1 X70.405 Y81.474 E11.04043 G1 X70.803 Y78.610 E11.24326 G1 X71.518 Y76.769 E11.38180 G1 X71.803 Y76.200 E11.42642 G1 X73.400 Y73.880 E11.62399 G1 F2400.000 E9.62399 G1 Z0.500 F7800.000 G92 E0 G1 X80.905 Y81.474 F7800.000 G1 Z0.300 F7800.000 G1 E2.00000 F2400.000 G1 X81.190 Y80.905 E2.07011 F1019.448 G1 X82.284 Y80.905 E2.19076 G1 X80.905 Y83.657 E2.53012 G1 X80.905 Y85.841 E2.77084 G1 X83.379 Y80.905 E3.37946 G1 X84.474 Y80.905 E3.50011 G1 X80.905 Y88.025 E4.37799 G1 X80.905 Y90.209 E4.61871 G1 X85.568 Y80.905 E5.76585 G1 X86.663 Y80.905 E5.88650 G1 X80.905 Y92.393 E7.30290 G1 X80.905 Y94.577 E7.54361 G1 X87.757 Y80.905 E9.22927 G1 X88.852 Y80.905 E9.34992 G1 X80.905 Y96.761 E11.30483 G1 X80.905 Y98.945 E11.54555 G1 X89.946 Y80.905 E13.76972 G1 X91.041 Y80.905 E13.89037 G1 X81.924 Y99.095 E16.13310 G1 X83.019 Y99.095 E16.25375 G1 X92.136 Y80.905 E18.49648 G1 X93.230 Y80.905 E18.61713 G1 X84.113 Y99.095 E20.85986 G1 X85.208 Y99.095 E20.98051 G1 X94.325 Y80.905 E23.22324 G1 X95.419 Y80.905 E23.34389 G1 X86.302 Y99.095 E25.58662 G1 X87.397 Y99.095 E25.70727 G1 X96.514 Y80.905 E27.95000 G1 X97.608 Y80.905 E28.07064 G1 X88.491 Y99.095 E30.31338 G1 X89.586 Y99.095 E30.43402 G1 X98.703 Y80.905 E32.67676 G1 X99.095 Y82.306 E32.83717 G1 X90.681 Y99.095 E34.90710 G1 X91.775 Y99.095 E35.02775 G1 X99.095 Y84.490 E36.82843 G1 X99.095 Y86.674 E37.06914 G1 X92.870 Y99.095 E38.60057 G1 X93.964 Y99.095 E38.72121 G1 X99.095 Y88.858 E39.98338 G1 X99.095 Y91.042 E40.22409 G1 X95.059 Y99.095 E41.21700 G1 X96.153 Y99.095 E41.33764 G1 X99.095 Y93.226 E42.06129 G1 X99.095 Y95.410 E42.30201 G1 X97.248 Y99.095 E42.75639 G1 X98.343 Y99.095 E42.87704 G1 X99.095 Y97.594 E43.06217 M106 S255 M140 S90 ; set bed temperature G1 F2400.000 E41.06217 G1 Z0.600 F7800.000 G92 E0 G1 Z0.400 F7800.000 G1 E2.00000 F2400.000 G1 X98.343 Y99.095 E2.06508 F2114.456 G1 X97.248 Y99.095 E2.10749 G1 X99.095 Y95.410 E2.26723 G1 X99.095 Y93.226 E2.35185 G1 X96.153 Y99.095 E2.60625 G1 X95.059 Y99.095 E2.64866 G1 X99.095 Y91.042 E2.99771 G1 X99.095 Y88.858 E3.08233 G1 X93.964 Y99.095 E3.52604 G1 X92.870 Y99.095 E3.56845 G1 X99.095 Y86.674 E4.10681 G1 X99.095 Y84.490 E4.19144 G1 X91.775 Y99.095 E4.82445 G1 X90.681 Y99.095 E4.86687 G1 X99.095 Y82.306 E5.59454 G1 X98.703 Y80.905 E5.65093 G1 X89.586 Y99.095 E6.43935 G1 X88.491 Y99.095 E6.48176 G1 X97.608 Y80.905 E7.27018 G1 X96.514 Y80.905 E7.31260 G1 X87.397 Y99.095 E8.10102 G1 X86.302 Y99.095 E8.14343 G1 X95.419 Y80.905 E8.93185 G1 X94.325 Y80.905 E8.97426 G1 X85.208 Y99.095 E9.76268 G1 X84.113 Y99.095 E9.80509 G1 X93.230 Y80.905 E10.59351 G1 X92.136 Y80.905 E10.63593 G1 X83.019 Y99.095 E11.42434 G1 X81.924 Y99.095 E11.46676 G1 X91.041 Y80.905 E12.25518 G1 X89.946 Y80.905 E12.29759 G1 X80.905 Y98.945 E13.07948 G1 X80.905 Y96.761 E13.16411 G1 X88.852 Y80.905 E13.85135 G1 X87.757 Y80.905 E13.89376 G1 X80.905 Y94.577 E14.48634 G1 X80.905 Y92.393 E14.57096 G1 X86.663 Y80.905 E15.06889 G1 X85.568 Y80.905 E15.11130 G1 X80.905 Y90.209 E15.51457 G1 X80.905 Y88.025 E15.59920 G1 X84.474 Y80.905 E15.90781 G1 X83.379 Y80.905 E15.95022 G1 X80.905 Y85.841 E16.16418 G1 X80.905 Y83.657 E16.24880 G1 X82.284 Y80.905 E16.36811 G1 X81.190 Y80.905 E16.41052 G1 X80.905 Y81.474 E16.43517 G1 F2400.000 E14.43517 G1 Z1.350 F7800.000 G92 E0 G1 X96.250 Y96.250 F7800.000 G1 Z1.150 F7800.000 G1 E2.00000 F2400.000 G1 X83.750 Y96.250 E3.46148 F1057.228 G1 X83.750 Y83.750 E4.92296 G1 X96.250 Y83.750 E6.38443 G1 X96.250 Y96.175 E7.83714 G1 X95.750 Y95.750 F7800.000 G1 X84.250 Y95.750 E9.18170 F740.060 G1 X84.250 Y84.250 E10.52626 G1 X95.750 Y84.250 E11.87082 G1 X95.750 Y95.675 E13.20661 G1 X95.750 Y96.250 F7800.000 G1 X97.250 Y97.250 F7800.000 G1 X82.750 Y97.250 E14.90193 F1057.228 G1 X82.750 Y82.750 E16.59724 G1 X97.250 Y82.750 E18.29256 G1 X97.250 Y97.175 E19.97910 G1 X97.750 Y97.750 F7800.000 G1 X82.250 Y97.750 E21.79133 F740.060 G1 X82.250 Y82.250 E23.60357 G1 X97.750 Y82.250 E25.41580 G1 X97.750 Y97.675 E27.21926 G1 X97.317 Y97.500 F7800.000 G1 X96.750 Y96.500 F7800.000 G1 X96.707 Y96.707 E27.23428 F704.819 G1 X96.500 Y96.750 E27.24930 G1 X83.500 Y96.750 E28.17236 G1 X83.293 Y96.707 E28.18737 G1 X83.250 Y96.500 E28.20239 G1 X83.250 Y83.500 E29.12545 G1 X83.293 Y83.293 E29.14047 G1 X83.500 Y83.250 E29.15549 G1 X96.500 Y83.250 E30.07855 G1 X96.707 Y83.293 E30.09356 G1 X96.750 Y83.500 E30.10858 G1 X96.750 Y96.425 E31.02631 G1 F2400.000 E29.02631 G1 Z1.450 F7800.000 G92 E0 G1 X96.250 Y96.250 F7800.000 G1 Z1.250 F7800.000 G1 E2.00000 F2400.000 G1 X83.750 Y96.250 E2.29230 F684.694 G1 X83.750 Y83.750 E2.58459 G1 X96.250 Y83.750 E2.87689 G1 X96.250 Y96.175 E3.16743 G1 X95.750 Y95.750 F7800.000 G1 X84.250 Y95.750 E3.43634 F600.000 G1 X84.250 Y84.250 E3.70525 G1 X95.750 Y84.250 E3.97416 G1 X95.750 Y95.675 E4.24132 G1 X95.750 Y96.250 F7800.000 G1 X97.250 Y97.250 F7800.000 G1 X82.750 Y97.250 E4.58039 F684.694 G1 X82.750 Y82.750 E4.91945 G1 X97.250 Y82.750 E5.25851 G1 X97.250 Y97.175 E5.59582 G1 X97.750 Y97.750 F7800.000 G1 X82.250 Y97.750 E5.95827 F600.000 G1 X82.250 Y82.250 E6.32071 G1 X97.750 Y82.250 E6.68316 G1 X97.750 Y97.675 E7.04385 G1 X97.317 Y97.500 F7800.000 G1 X96.750 Y96.500 F7800.000 G1 X96.707 Y96.707 E7.04686 F600.000 G1 X96.500 Y96.750 E7.04986 G1 X83.500 Y96.750 E7.23447 G1 X83.293 Y96.707 E7.23747 G1 X83.250 Y96.500 E7.24048 G1 X83.250 Y83.500 E7.42509 G1 X83.293 Y83.293 E7.42809 G1 X83.500 Y83.250 E7.43110 G1 X96.500 Y83.250 E7.61571 G1 X96.707 Y83.293 E7.61871 G1 X96.750 Y83.500 E7.62172 G1 X96.750 Y96.425 E7.80526 G1 F2400.000 E5.80526 G1 Z1.550 F7800.000 G92 E0 G1 X96.250 Y96.250 F7800.000 G1 Z1.350 F7800.000 G1 E2.00000 F2400.000 G1 X83.750 Y96.250 E2.29230 F684.694 G1 X83.750 Y83.750 E2.58459 G1 X96.250 Y83.750 E2.87689 G1 X96.250 Y96.175 E3.16743 G1 X95.750 Y95.750 F7800.000 G1 X84.250 Y95.750 E3.43634 F600.000 G1 X84.250 Y84.250 E3.70525 G1 X95.750 Y84.250 E3.97416 G1 X95.750 Y95.675 E4.24132 G1 X95.750 Y96.250 F7800.000 G1 X97.250 Y97.250 F7800.000 G1 X82.750 Y97.250 E4.58039 F684.694 G1 X82.750 Y82.750 E4.91945 G1 X97.250 Y82.750 E5.25851 G1 X97.250 Y97.175 E5.59582 G1 X97.750 Y97.750 F7800.000 G1 X82.250 Y97.750 E5.95827 F600.000 G1 X82.250 Y82.250 E6.32071 G1 X97.750 Y82.250 E6.68316 G1 X97.750 Y97.675 E7.04385 G1 X97.317 Y97.500 F7800.000 G1 X96.750 Y96.500 F7800.000 G1 X96.707 Y96.707 E7.04686 F600.000 G1 X96.500 Y96.750 E7.04986 G1 X83.500 Y96.750 E7.23447 G1 X83.293 Y96.707 E7.23747 G1 X83.250 Y96.500 E7.24048 G1 X83.250 Y83.500 E7.42509 G1 X83.293 Y83.293 E7.42809 G1 X83.500 Y83.250 E7.43110 G1 X96.500 Y83.250 E7.61571 G1 X96.707 Y83.293 E7.61871 G1 X96.750 Y83.500 E7.62172 G1 X96.750 Y96.425 E7.80526 G1 F2400.000 E5.80526 G1 Z1.650 F7800.000 G92 E0 G1 X96.250 Y96.250 F7800.000 G1 Z1.450 F7800.000 G1 E2.00000 F2400.000 G1 X83.750 Y96.250 E2.29230 F684.694 G1 X83.750 Y83.750 E2.58459 G1 X96.250 Y83.750 E2.87689 G1 X96.250 Y96.175 E3.16743 G1 X95.750 Y95.750 F7800.000 G1 X84.250 Y95.750 E3.43634 F600.000 G1 X84.250 Y84.250 E3.70525 G1 X95.750 Y84.250 E3.97416 G1 X95.750 Y95.675 E4.24132 G1 X95.750 Y96.250 F7800.000 G1 X97.250 Y97.250 F7800.000 G1 X82.750 Y97.250 E4.58039 F684.694 G1 X82.750 Y82.750 E4.91945 G1 X97.250 Y82.750 E5.25851 G1 X97.250 Y97.175 E5.59582 G1 X97.750 Y97.750 F7800.000 G1 X82.250 Y97.750 E5.95827 F600.000 G1 X82.250 Y82.250 E6.32071 G1 X97.750 Y82.250 E6.68316 G1 X97.750 Y97.675 E7.04385 G1 X97.317 Y97.500 F7800.000 G1 X96.750 Y96.500 F7800.000 G1 X96.707 Y96.707 E7.04686 F600.000 G1 X96.500 Y96.750 E7.04986 G1 X83.500 Y96.750 E7.23447 G1 X83.293 Y96.707 E7.23747 G1 X83.250 Y96.500 E7.24048 G1 X83.250 Y83.500 E7.42509 G1 X83.293 Y83.293 E7.42809 G1 X83.500 Y83.250 E7.43110 G1 X96.500 Y83.250 E7.61571 G1 X96.707 Y83.293 E7.61871 G1 X96.750 Y83.500 E7.62172 G1 X96.750 Y96.425 E7.80526 G1 F2400.000 E5.80526 G1 Z1.750 F7800.000 G92 E0 G1 X96.250 Y96.250 F7800.000 G1 Z1.550 F7800.000 G1 E2.00000 F2400.000 G1 X83.750 Y96.250 E2.29230 F684.694 G1 X83.750 Y83.750 E2.58459 G1 X96.250 Y83.750 E2.87689 G1 X96.250 Y96.175 E3.16743 G1 X95.750 Y95.750 F7800.000 G1 X84.250 Y95.750 E3.43634 F600.000 G1 X84.250 Y84.250 E3.70525 G1 X95.750 Y84.250 E3.97416 G1 X95.750 Y95.675 E4.24132 G1 X95.750 Y96.250 F7800.000 G1 X97.250 Y97.250 F7800.000 G1 X82.750 Y97.250 E4.58039 F684.694 G1 X82.750 Y82.750 E4.91945 G1 X97.250 Y82.750 E5.25851 G1 X97.250 Y97.175 E5.59582 G1 X97.750 Y97.750 F7800.000 G1 X82.250 Y97.750 E5.95827 F600.000 G1 X82.250 Y82.250 E6.32071 G1 X97.750 Y82.250 E6.68316 G1 X97.750 Y97.675 E7.04385 G1 X97.317 Y97.500 F7800.000 G1 X96.750 Y96.500 F7800.000 G1 X96.707 Y96.707 E7.04686 F600.000 G1 X96.500 Y96.750 E7.04986 G1 X83.500 Y96.750 E7.23447 G1 X83.293 Y96.707 E7.23747 G1 X83.250 Y96.500 E7.24048 G1 X83.250 Y83.500 E7.42509 G1 X83.293 Y83.293 E7.42809 G1 X83.500 Y83.250 E7.43110 G1 X96.500 Y83.250 E7.61571 G1 X96.707 Y83.293 E7.61871 G1 X96.750 Y83.500 E7.62172 G1 X96.750 Y96.425 E7.80526 G1 F2400.000 E5.80526 G1 Z1.850 F7800.000 G92 E0 G1 X96.250 Y96.250 F7800.000 G1 Z1.650 F7800.000 G1 E2.00000 F2400.000 G1 X83.750 Y96.250 E2.29230 F684.694 G1 X83.750 Y83.750 E2.58459 G1 X96.250 Y83.750 E2.87689 G1 X96.250 Y96.175 E3.16743 G1 X95.750 Y95.750 F7800.000 G1 X84.250 Y95.750 E3.43634 F600.000 G1 X84.250 Y84.250 E3.70525 G1 X95.750 Y84.250 E3.97416 G1 X95.750 Y95.675 E4.24132 G1 X95.750 Y96.250 F7800.000 G1 X97.250 Y97.250 F7800.000 G1 X82.750 Y97.250 E4.58039 F684.694 G1 X82.750 Y82.750 E4.91945 G1 X97.250 Y82.750 E5.25851 G1 X97.250 Y97.175 E5.59582 G1 X97.750 Y97.750 F7800.000 G1 X82.250 Y97.750 E5.95827 F600.000 G1 X82.250 Y82.250 E6.32071 G1 X97.750 Y82.250 E6.68316 G1 X97.750 Y97.675 E7.04385 G1 X97.317 Y97.500 F7800.000 G1 X96.750 Y96.500 F7800.000 G1 X96.707 Y96.707 E7.04686 F600.000 G1 X96.500 Y96.750 E7.04986 G1 X83.500 Y96.750 E7.23447 G1 X83.293 Y96.707 E7.23747 G1 X83.250 Y96.500 E7.24048 G1 X83.250 Y83.500 E7.42509 G1 X83.293 Y83.293 E7.42809 G1 X83.500 Y83.250 E7.43110 G1 X96.500 Y83.250 E7.61571 G1 X96.707 Y83.293 E7.61871 G1 X96.750 Y83.500 E7.62172 G1 X96.750 Y96.425 E7.80526 G1 F2400.000 E5.80526 G1 Z1.950 F7800.000 G92 E0 G1 X96.250 Y96.250 F7800.000 G1 Z1.750 F7800.000 G1 E2.00000 F2400.000 G1 X83.750 Y96.250 E2.29230 F684.694 G1 X83.750 Y83.750 E2.58459 G1 X96.250 Y83.750 E2.87689 G1 X96.250 Y96.175 E3.16743 G1 X95.750 Y95.750 F7800.000 G1 X84.250 Y95.750 E3.43634 F600.000 G1 X84.250 Y84.250 E3.70525 G1 X95.750 Y84.250 E3.97416 G1 X95.750 Y95.675 E4.24132 G1 X95.750 Y96.250 F7800.000 G1 X97.250 Y97.250 F7800.000 G1 X82.750 Y97.250 E4.58039 F684.694 G1 X82.750 Y82.750 E4.91945 G1 X97.250 Y82.750 E5.25851 G1 X97.250 Y97.175 E5.59582 G1 X97.750 Y97.750 F7800.000 G1 X82.250 Y97.750 E5.95827 F600.000 G1 X82.250 Y82.250 E6.32071 G1 X97.750 Y82.250 E6.68316 G1 X97.750 Y97.675 E7.04385 G1 X97.317 Y97.500 F7800.000 G1 X96.750 Y96.500 F7800.000 G1 X96.707 Y96.707 E7.04686 F600.000 G1 X96.500 Y96.750 E7.04986 G1 X83.500 Y96.750 E7.23447 G1 X83.293 Y96.707 E7.23747 G1 X83.250 Y96.500 E7.24048 G1 X83.250 Y83.500 E7.42509 G1 X83.293 Y83.293 E7.42809 G1 X83.500 Y83.250 E7.43110 G1 X96.500 Y83.250 E7.61571 G1 X96.707 Y83.293 E7.61871 G1 X96.750 Y83.500 E7.62172 G1 X96.750 Y96.425 E7.80526 G1 F2400.000 E5.80526 G1 Z2.050 F7800.000 G92 E0 G1 X96.250 Y96.250 F7800.000 G1 Z1.850 F7800.000 G1 E2.00000 F2400.000 G1 X83.750 Y96.250 E2.29230 F684.694 G1 X83.750 Y83.750 E2.58459 G1 X96.250 Y83.750 E2.87689 G1 X96.250 Y96.175 E3.16743 G1 X95.750 Y95.750 F7800.000 G1 X84.250 Y95.750 E3.43634 F600.000 G1 X84.250 Y84.250 E3.70525 G1 X95.750 Y84.250 E3.97416 G1 X95.750 Y95.675 E4.24132 G1 X95.750 Y96.250 F7800.000 G1 X97.250 Y97.250 F7800.000 G1 X82.750 Y97.250 E4.58039 F684.694 G1 X82.750 Y82.750 E4.91945 G1 X97.250 Y82.750 E5.25851 G1 X97.250 Y97.175 E5.59582 G1 X97.750 Y97.750 F7800.000 G1 X82.250 Y97.750 E5.95827 F600.000 G1 X82.250 Y82.250 E6.32071 G1 X97.750 Y82.250 E6.68316 G1 X97.750 Y97.675 E7.04385 G1 X97.317 Y97.500 F7800.000 G1 X96.750 Y96.500 F7800.000 G1 X96.707 Y96.707 E7.04686 F600.000 G1 X96.500 Y96.750 E7.04986 G1 X83.500 Y96.750 E7.23447 G1 X83.293 Y96.707 E7.23747 G1 X83.250 Y96.500 E7.24048 G1 X83.250 Y83.500 E7.42509 G1 X83.293 Y83.293 E7.42809 G1 X83.500 Y83.250 E7.43110 G1 X96.500 Y83.250 E7.61571 G1 X96.707 Y83.293 E7.61871 G1 X96.750 Y83.500 E7.62172 G1 X96.750 Y96.425 E7.80526 G1 F2400.000 E5.80526 G1 Z2.150 F7800.000 G92 E0 G1 X96.250 Y96.250 F7800.000 G1 Z1.950 F7800.000 G1 E2.00000 F2400.000 G1 X83.750 Y96.250 E2.29230 F684.694 G1 X83.750 Y83.750 E2.58459 G1 X96.250 Y83.750 E2.87689 G1 X96.250 Y96.175 E3.16743 G1 X95.750 Y95.750 F7800.000 G1 X84.250 Y95.750 E3.43634 F600.000 G1 X84.250 Y84.250 E3.70525 G1 X95.750 Y84.250 E3.97416 G1 X95.750 Y95.675 E4.24132 G1 X95.750 Y96.250 F7800.000 G1 X97.250 Y97.250 F7800.000 G1 X82.750 Y97.250 E4.58039 F684.694 G1 X82.750 Y82.750 E4.91945 G1 X97.250 Y82.750 E5.25851 G1 X97.250 Y97.175 E5.59582 G1 X97.750 Y97.750 F7800.000 G1 X82.250 Y97.750 E5.95827 F600.000 G1 X82.250 Y82.250 E6.32071 G1 X97.750 Y82.250 E6.68316 G1 X97.750 Y97.675 E7.04385 G1 X97.317 Y97.500 F7800.000 G1 X96.750 Y96.500 F7800.000 G1 X96.707 Y96.707 E7.04686 F600.000 G1 X96.500 Y96.750 E7.04986 G1 X83.500 Y96.750 E7.23447 G1 X83.293 Y96.707 E7.23747 G1 X83.250 Y96.500 E7.24048 G1 X83.250 Y83.500 E7.42509 G1 X83.293 Y83.293 E7.42809 G1 X83.500 Y83.250 E7.43110 G1 X96.500 Y83.250 E7.61571 G1 X96.707 Y83.293 E7.61871 G1 X96.750 Y83.500 E7.62172 G1 X96.750 Y96.425 E7.80526 G1 F2400.000 E5.80526 G1 Z2.250 F7800.000 G92 E0 G1 X96.250 Y96.250 F7800.000 G1 Z2.050 F7800.000 G1 E2.00000 F2400.000 G1 X83.750 Y96.250 E2.29230 F684.694 G1 X83.750 Y83.750 E2.58459 G1 X96.250 Y83.750 E2.87689 G1 X96.250 Y96.175 E3.16743 G1 X95.750 Y95.750 F7800.000 G1 X84.250 Y95.750 E3.43634 F600.000 G1 X84.250 Y84.250 E3.70525 G1 X95.750 Y84.250 E3.97416 G1 X95.750 Y95.675 E4.24132 G1 X95.750 Y96.250 F7800.000 G1 X97.250 Y97.250 F7800.000 G1 X82.750 Y97.250 E4.58039 F684.694 G1 X82.750 Y82.750 E4.91945 G1 X97.250 Y82.750 E5.25851 G1 X97.250 Y97.175 E5.59582 G1 X97.750 Y97.750 F7800.000 G1 X82.250 Y97.750 E5.95827 F600.000 G1 X82.250 Y82.250 E6.32071 G1 X97.750 Y82.250 E6.68316 G1 X97.750 Y97.675 E7.04385 G1 X97.317 Y97.500 F7800.000 G1 X96.750 Y96.500 F7800.000 G1 X96.707 Y96.707 E7.04686 F600.000 G1 X96.500 Y96.750 E7.04986 G1 X83.500 Y96.750 E7.23447 G1 X83.293 Y96.707 E7.23747 G1 X83.250 Y96.500 E7.24048 G1 X83.250 Y83.500 E7.42509 G1 X83.293 Y83.293 E7.42809 G1 X83.500 Y83.250 E7.43110 G1 X96.500 Y83.250 E7.61571 G1 X96.707 Y83.293 E7.61871 G1 X96.750 Y83.500 E7.62172 G1 X96.750 Y96.425 E7.80526 G1 F2400.000 E5.80526 G1 Z2.350 F7800.000 G92 E0 G1 X96.250 Y96.250 F7800.000 G1 Z2.150 F7800.000 G1 E2.00000 F2400.000 G1 X83.750 Y96.250 E2.29230 F684.694 G1 X83.750 Y83.750 E2.58459 G1 X96.250 Y83.750 E2.87689 G1 X96.250 Y96.175 E3.16743 G1 X95.750 Y95.750 F7800.000 G1 X84.250 Y95.750 E3.43634 F600.000 G1 X84.250 Y84.250 E3.70525 G1 X95.750 Y84.250 E3.97416 G1 X95.750 Y95.675 E4.24132 G1 X95.750 Y96.250 F7800.000 G1 X97.250 Y97.250 F7800.000 G1 X82.750 Y97.250 E4.58039 F684.694 G1 X82.750 Y82.750 E4.91945 G1 X97.250 Y82.750 E5.25851 G1 X97.250 Y97.175 E5.59582 G1 X97.750 Y97.750 F7800.000 G1 X82.250 Y97.750 E5.95827 F600.000 G1 X82.250 Y82.250 E6.32071 G1 X97.750 Y82.250 E6.68316 G1 X97.750 Y97.675 E7.04385 G1 X97.317 Y97.500 F7800.000 G1 X96.750 Y96.500 F7800.000 G1 X96.707 Y96.707 E7.04686 F600.000 G1 X96.500 Y96.750 E7.04986 G1 X83.500 Y96.750 E7.23447 G1 X83.293 Y96.707 E7.23747 G1 X83.250 Y96.500 E7.24048 G1 X83.250 Y83.500 E7.42509 G1 X83.293 Y83.293 E7.42809 G1 X83.500 Y83.250 E7.43110 G1 X96.500 Y83.250 E7.61571 G1 X96.707 Y83.293 E7.61871 G1 X96.750 Y83.500 E7.62172 G1 X96.750 Y96.425 E7.80526 G1 F2400.000 E5.80526 G1 Z2.450 F7800.000 G92 E0 G1 X96.250 Y96.250 F7800.000 G1 Z2.250 F7800.000 G1 E2.00000 F2400.000 G1 X83.750 Y96.250 E2.29230 F684.694 G1 X83.750 Y83.750 E2.58459 G1 X96.250 Y83.750 E2.87689 G1 X96.250 Y96.175 E3.16743 G1 X95.750 Y95.750 F7800.000 G1 X84.250 Y95.750 E3.43634 F600.000 G1 X84.250 Y84.250 E3.70525 G1 X95.750 Y84.250 E3.97416 G1 X95.750 Y95.675 E4.24132 G1 X95.750 Y96.250 F7800.000 G1 X97.250 Y97.250 F7800.000 G1 X82.750 Y97.250 E4.58039 F684.694 G1 X82.750 Y82.750 E4.91945 G1 X97.250 Y82.750 E5.25851 G1 X97.250 Y97.175 E5.59582 G1 X97.750 Y97.750 F7800.000 G1 X82.250 Y97.750 E5.95827 F600.000 G1 X82.250 Y82.250 E6.32071 G1 X97.750 Y82.250 E6.68316 G1 X97.750 Y97.675 E7.04385 G1 X97.317 Y97.500 F7800.000 G1 X96.750 Y96.500 F7800.000 G1 X96.707 Y96.707 E7.04686 F600.000 G1 X96.500 Y96.750 E7.04986 G1 X83.500 Y96.750 E7.23447 G1 X83.293 Y96.707 E7.23747 G1 X83.250 Y96.500 E7.24048 G1 X83.250 Y83.500 E7.42509 G1 X83.293 Y83.293 E7.42809 G1 X83.500 Y83.250 E7.43110 G1 X96.500 Y83.250 E7.61571 G1 X96.707 Y83.293 E7.61871 G1 X96.750 Y83.500 E7.62172 G1 X96.750 Y96.425 E7.80526 G1 F2400.000 E5.80526 G1 Z2.550 F7800.000 G92 E0 G1 X96.250 Y96.250 F7800.000 G1 Z2.350 F7800.000 G1 E2.00000 F2400.000 G1 X83.750 Y96.250 E2.29230 F684.694 G1 X83.750 Y83.750 E2.58459 G1 X96.250 Y83.750 E2.87689 G1 X96.250 Y96.175 E3.16743 G1 X95.750 Y95.750 F7800.000 G1 X84.250 Y95.750 E3.43634 F600.000 G1 X84.250 Y84.250 E3.70525 G1 X95.750 Y84.250 E3.97416 G1 X95.750 Y95.675 E4.24132 G1 X95.750 Y96.250 F7800.000 G1 X97.250 Y97.250 F7800.000 G1 X82.750 Y97.250 E4.58039 F684.694 G1 X82.750 Y82.750 E4.91945 G1 X97.250 Y82.750 E5.25851 G1 X97.250 Y97.175 E5.59582 G1 X97.750 Y97.750 F7800.000 G1 X82.250 Y97.750 E5.95827 F600.000 G1 X82.250 Y82.250 E6.32071 G1 X97.750 Y82.250 E6.68316 G1 X97.750 Y97.675 E7.04385 G1 X97.317 Y97.500 F7800.000 G1 X96.750 Y96.500 F7800.000 G1 X96.707 Y96.707 E7.04686 F600.000 G1 X96.500 Y96.750 E7.04986 G1 X83.500 Y96.750 E7.23447 G1 X83.293 Y96.707 E7.23747 G1 X83.250 Y96.500 E7.24048 G1 X83.250 Y83.500 E7.42509 G1 X83.293 Y83.293 E7.42809 G1 X83.500 Y83.250 E7.43110 G1 X96.500 Y83.250 E7.61571 G1 X96.707 Y83.293 E7.61871 G1 X96.750 Y83.500 E7.62172 G1 X96.750 Y96.425 E7.80526 G1 F2400.000 E5.80526 G1 Z2.650 F7800.000 G92 E0 G1 X96.250 Y96.250 F7800.000 G1 Z2.450 F7800.000 G1 E2.00000 F2400.000 G1 X83.750 Y96.250 E2.29230 F684.694 G1 X83.750 Y83.750 E2.58459 G1 X96.250 Y83.750 E2.87689 G1 X96.250 Y96.175 E3.16743 G1 X95.750 Y95.750 F7800.000 G1 X84.250 Y95.750 E3.43634 F600.000 G1 X84.250 Y84.250 E3.70525 G1 X95.750 Y84.250 E3.97416 G1 X95.750 Y95.675 E4.24132 G1 X95.750 Y96.250 F7800.000 G1 X97.250 Y97.250 F7800.000 G1 X82.750 Y97.250 E4.58039 F684.694 G1 X82.750 Y82.750 E4.91945 G1 X97.250 Y82.750 E5.25851 G1 X97.250 Y97.175 E5.59582 G1 X97.750 Y97.750 F7800.000 G1 X82.250 Y97.750 E5.95827 F600.000 G1 X82.250 Y82.250 E6.32071 G1 X97.750 Y82.250 E6.68316 G1 X97.750 Y97.675 E7.04385 G1 X97.317 Y97.500 F7800.000 G1 X96.750 Y96.500 F7800.000 G1 X96.707 Y96.707 E7.04686 F600.000 G1 X96.500 Y96.750 E7.04986 G1 X83.500 Y96.750 E7.23447 G1 X83.293 Y96.707 E7.23747 G1 X83.250 Y96.500 E7.24048 G1 X83.250 Y83.500 E7.42509 G1 X83.293 Y83.293 E7.42809 G1 X83.500 Y83.250 E7.43110 G1 X96.500 Y83.250 E7.61571 G1 X96.707 Y83.293 E7.61871 G1 X96.750 Y83.500 E7.62172 G1 X96.750 Y96.425 E7.80526 G1 F2400.000 E5.80526 G1 Z2.750 F7800.000 G92 E0 G1 X96.250 Y96.250 F7800.000 G1 Z2.550 F7800.000 G1 E2.00000 F2400.000 G1 X83.750 Y96.250 E2.29230 F684.694 G1 X83.750 Y83.750 E2.58459 G1 X96.250 Y83.750 E2.87689 G1 X96.250 Y96.175 E3.16743 G1 X95.750 Y95.750 F7800.000 G1 X84.250 Y95.750 E3.43634 F600.000 G1 X84.250 Y84.250 E3.70525 G1 X95.750 Y84.250 E3.97416 G1 X95.750 Y95.675 E4.24132 G1 X95.750 Y96.250 F7800.000 G1 X97.250 Y97.250 F7800.000 G1 X82.750 Y97.250 E4.58039 F684.694 G1 X82.750 Y82.750 E4.91945 G1 X97.250 Y82.750 E5.25851 G1 X97.250 Y97.175 E5.59582 G1 X97.750 Y97.750 F7800.000 G1 X82.250 Y97.750 E5.95827 F600.000 G1 X82.250 Y82.250 E6.32071 G1 X97.750 Y82.250 E6.68316 G1 X97.750 Y97.675 E7.04385 G1 X97.317 Y97.500 F7800.000 G1 X96.750 Y96.500 F7800.000 G1 X96.707 Y96.707 E7.04686 F600.000 G1 X96.500 Y96.750 E7.04986 G1 X83.500 Y96.750 E7.23447 G1 X83.293 Y96.707 E7.23747 G1 X83.250 Y96.500 E7.24048 G1 X83.250 Y83.500 E7.42509 G1 X83.293 Y83.293 E7.42809 G1 X83.500 Y83.250 E7.43110 G1 X96.500 Y83.250 E7.61571 G1 X96.707 Y83.293 E7.61871 G1 X96.750 Y83.500 E7.62172 G1 X96.750 Y96.425 E7.80526 G1 F2400.000 E5.80526 G1 Z2.850 F7800.000 G92 E0 G1 X96.250 Y96.250 F7800.000 G1 Z2.650 F7800.000 G1 E2.00000 F2400.000 G1 X83.750 Y96.250 E2.29230 F684.694 G1 X83.750 Y83.750 E2.58459 G1 X96.250 Y83.750 E2.87689 G1 X96.250 Y96.175 E3.16743 G1 X95.750 Y95.750 F7800.000 G1 X84.250 Y95.750 E3.43634 F600.000 G1 X84.250 Y84.250 E3.70525 G1 X95.750 Y84.250 E3.97416 G1 X95.750 Y95.675 E4.24132 G1 X95.750 Y96.250 F7800.000 G1 X97.250 Y97.250 F7800.000 G1 X82.750 Y97.250 E4.58039 F684.694 G1 X82.750 Y82.750 E4.91945 G1 X97.250 Y82.750 E5.25851 G1 X97.250 Y97.175 E5.59582 G1 X97.750 Y97.750 F7800.000 G1 X82.250 Y97.750 E5.95827 F600.000 G1 X82.250 Y82.250 E6.32071 G1 X97.750 Y82.250 E6.68316 G1 X97.750 Y97.675 E7.04385 G1 X97.317 Y97.500 F7800.000 G1 X96.750 Y96.500 F7800.000 G1 X96.707 Y96.707 E7.04686 F600.000 G1 X96.500 Y96.750 E7.04986 G1 X83.500 Y96.750 E7.23447 G1 X83.293 Y96.707 E7.23747 G1 X83.250 Y96.500 E7.24048 G1 X83.250 Y83.500 E7.42509 G1 X83.293 Y83.293 E7.42809 G1 X83.500 Y83.250 E7.43110 G1 X96.500 Y83.250 E7.61571 G1 X96.707 Y83.293 E7.61871 G1 X96.750 Y83.500 E7.62172 G1 X96.750 Y96.425 E7.80526 G1 F2400.000 E5.80526 G1 Z2.950 F7800.000 G92 E0 G1 X96.250 Y96.250 F7800.000 G1 Z2.750 F7800.000 G1 E2.00000 F2400.000 G1 X83.750 Y96.250 E2.29230 F684.694 G1 X83.750 Y83.750 E2.58459 G1 X96.250 Y83.750 E2.87689 G1 X96.250 Y96.175 E3.16743 G1 X95.750 Y95.750 F7800.000 G1 X84.250 Y95.750 E3.43634 F600.000 G1 X84.250 Y84.250 E3.70525 G1 X95.750 Y84.250 E3.97416 G1 X95.750 Y95.675 E4.24132 G1 X95.750 Y96.250 F7800.000 G1 X97.250 Y97.250 F7800.000 G1 X82.750 Y97.250 E4.58039 F684.694 G1 X82.750 Y82.750 E4.91945 G1 X97.250 Y82.750 E5.25851 G1 X97.250 Y97.175 E5.59582 G1 X97.750 Y97.750 F7800.000 G1 X82.250 Y97.750 E5.95827 F600.000 G1 X82.250 Y82.250 E6.32071 G1 X97.750 Y82.250 E6.68316 G1 X97.750 Y97.675 E7.04385 G1 X97.317 Y97.500 F7800.000 G1 X96.750 Y96.500 F7800.000 G1 X96.707 Y96.707 E7.04686 F600.000 G1 X96.500 Y96.750 E7.04986 G1 X83.500 Y96.750 E7.23447 G1 X83.293 Y96.707 E7.23747 G1 X83.250 Y96.500 E7.24048 G1 X83.250 Y83.500 E7.42509 G1 X83.293 Y83.293 E7.42809 G1 X83.500 Y83.250 E7.43110 G1 X96.500 Y83.250 E7.61571 G1 X96.707 Y83.293 E7.61871 G1 X96.750 Y83.500 E7.62172 G1 X96.750 Y96.425 E7.80526 G1 F2400.000 E5.80526 G1 Z3.050 F7800.000 G92 E0 G1 X96.250 Y96.250 F7800.000 G1 Z2.850 F7800.000 G1 E2.00000 F2400.000 G1 X83.750 Y96.250 E2.29230 F684.694 G1 X83.750 Y83.750 E2.58459 G1 X96.250 Y83.750 E2.87689 G1 X96.250 Y96.175 E3.16743 G1 X95.750 Y95.750 F7800.000 G1 X84.250 Y95.750 E3.43634 F600.000 G1 X84.250 Y84.250 E3.70525 G1 X95.750 Y84.250 E3.97416 G1 X95.750 Y95.675 E4.24132 G1 X95.750 Y96.250 F7800.000 G1 X97.250 Y97.250 F7800.000 G1 X82.750 Y97.250 E4.58039 F684.694 G1 X82.750 Y82.750 E4.91945 G1 X97.250 Y82.750 E5.25851 G1 X97.250 Y97.175 E5.59582 G1 X97.750 Y97.750 F7800.000 G1 X82.250 Y97.750 E5.95827 F600.000 G1 X82.250 Y82.250 E6.32071 G1 X97.750 Y82.250 E6.68316 G1 X97.750 Y97.675 E7.04385 G1 X97.317 Y97.500 F7800.000 G1 X96.750 Y96.500 F7800.000 G1 X96.707 Y96.707 E7.04686 F600.000 G1 X96.500 Y96.750 E7.04986 G1 X83.500 Y96.750 E7.23447 G1 X83.293 Y96.707 E7.23747 G1 X83.250 Y96.500 E7.24048 G1 X83.250 Y83.500 E7.42509 G1 X83.293 Y83.293 E7.42809 G1 X83.500 Y83.250 E7.43110 G1 X96.500 Y83.250 E7.61571 G1 X96.707 Y83.293 E7.61871 G1 X96.750 Y83.500 E7.62172 G1 X96.750 Y96.425 E7.80526 G1 F2400.000 E5.80526 G1 Z3.150 F7800.000 G92 E0 G1 X96.250 Y96.250 F7800.000 G1 Z2.950 F7800.000 G1 E2.00000 F2400.000 G1 X83.750 Y96.250 E2.29230 F684.694 G1 X83.750 Y83.750 E2.58459 G1 X96.250 Y83.750 E2.87689 G1 X96.250 Y96.175 E3.16743 G1 X95.750 Y95.750 F7800.000 G1 X84.250 Y95.750 E3.43634 F600.000 G1 X84.250 Y84.250 E3.70525 G1 X95.750 Y84.250 E3.97416 G1 X95.750 Y95.675 E4.24132 G1 X95.750 Y96.250 F7800.000 G1 X97.250 Y97.250 F7800.000 G1 X82.750 Y97.250 E4.58039 F684.694 G1 X82.750 Y82.750 E4.91945 G1 X97.250 Y82.750 E5.25851 G1 X97.250 Y97.175 E5.59582 G1 X97.750 Y97.750 F7800.000 G1 X82.250 Y97.750 E5.95827 F600.000 G1 X82.250 Y82.250 E6.32071 G1 X97.750 Y82.250 E6.68316 G1 X97.750 Y97.675 E7.04385 G1 X97.317 Y97.500 F7800.000 G1 X96.750 Y96.500 F7800.000 G1 X96.707 Y96.707 E7.04686 F600.000 G1 X96.500 Y96.750 E7.04986 G1 X83.500 Y96.750 E7.23447 G1 X83.293 Y96.707 E7.23747 G1 X83.250 Y96.500 E7.24048 G1 X83.250 Y83.500 E7.42509 G1 X83.293 Y83.293 E7.42809 G1 X83.500 Y83.250 E7.43110 G1 X96.500 Y83.250 E7.61571 G1 X96.707 Y83.293 E7.61871 G1 X96.750 Y83.500 E7.62172 G1 X96.750 Y96.425 E7.80526 G1 F2400.000 E5.80526 G1 Z3.250 F7800.000 G92 E0 G1 X96.250 Y96.250 F7800.000 G1 Z3.050 F7800.000 G1 E2.00000 F2400.000 G1 X83.750 Y96.250 E2.29230 F684.694 G1 X83.750 Y83.750 E2.58459 G1 X96.250 Y83.750 E2.87689 G1 X96.250 Y96.175 E3.16743 G1 X95.750 Y95.750 F7800.000 G1 X84.250 Y95.750 E3.43634 F600.000 G1 X84.250 Y84.250 E3.70525 G1 X95.750 Y84.250 E3.97416 G1 X95.750 Y95.675 E4.24132 G1 X95.750 Y96.250 F7800.000 G1 X97.250 Y97.250 F7800.000 G1 X82.750 Y97.250 E4.58039 F684.694 G1 X82.750 Y82.750 E4.91945 G1 X97.250 Y82.750 E5.25851 G1 X97.250 Y97.175 E5.59582 G1 X97.750 Y97.750 F7800.000 G1 X82.250 Y97.750 E5.95827 F600.000 G1 X82.250 Y82.250 E6.32071 G1 X97.750 Y82.250 E6.68316 G1 X97.750 Y97.675 E7.04385 G1 X97.317 Y97.500 F7800.000 G1 X96.750 Y96.500 F7800.000 G1 X96.707 Y96.707 E7.04686 F600.000 G1 X96.500 Y96.750 E7.04986 G1 X83.500 Y96.750 E7.23447 G1 X83.293 Y96.707 E7.23747 G1 X83.250 Y96.500 E7.24048 G1 X83.250 Y83.500 E7.42509 G1 X83.293 Y83.293 E7.42809 G1 X83.500 Y83.250 E7.43110 G1 X96.500 Y83.250 E7.61571 G1 X96.707 Y83.293 E7.61871 G1 X96.750 Y83.500 E7.62172 G1 X96.750 Y96.425 E7.80526 G1 F2400.000 E5.80526 G1 Z3.350 F7800.000 G92 E0 G1 X96.250 Y96.250 F7800.000 G1 Z3.150 F7800.000 G1 E2.00000 F2400.000 G1 X83.750 Y96.250 E2.29230 F684.694 G1 X83.750 Y83.750 E2.58459 G1 X96.250 Y83.750 E2.87689 G1 X96.250 Y96.175 E3.16743 G1 X95.750 Y95.750 F7800.000 G1 X84.250 Y95.750 E3.43634 F600.000 G1 X84.250 Y84.250 E3.70525 G1 X95.750 Y84.250 E3.97416 G1 X95.750 Y95.675 E4.24132 G1 X95.750 Y96.250 F7800.000 G1 X97.250 Y97.250 F7800.000 G1 X82.750 Y97.250 E4.58039 F684.694 G1 X82.750 Y82.750 E4.91945 G1 X97.250 Y82.750 E5.25851 G1 X97.250 Y97.175 E5.59582 G1 X97.750 Y97.750 F7800.000 G1 X82.250 Y97.750 E5.95827 F600.000 G1 X82.250 Y82.250 E6.32071 G1 X97.750 Y82.250 E6.68316 G1 X97.750 Y97.675 E7.04385 G1 X97.317 Y97.500 F7800.000 G1 X96.750 Y96.500 F7800.000 G1 X96.707 Y96.707 E7.04686 F600.000 G1 X96.500 Y96.750 E7.04986 G1 X83.500 Y96.750 E7.23447 G1 X83.293 Y96.707 E7.23747 G1 X83.250 Y96.500 E7.24048 G1 X83.250 Y83.500 E7.42509 G1 X83.293 Y83.293 E7.42809 G1 X83.500 Y83.250 E7.43110 G1 X96.500 Y83.250 E7.61571 G1 X96.707 Y83.293 E7.61871 G1 X96.750 Y83.500 E7.62172 G1 X96.750 Y96.425 E7.80526 G1 F2400.000 E5.80526 G1 Z3.450 F7800.000 G92 E0 G1 X96.250 Y96.250 F7800.000 G1 Z3.250 F7800.000 G1 E2.00000 F2400.000 G1 X83.750 Y96.250 E2.29230 F684.694 G1 X83.750 Y83.750 E2.58459 G1 X96.250 Y83.750 E2.87689 G1 X96.250 Y96.175 E3.16743 G1 X95.750 Y95.750 F7800.000 G1 X84.250 Y95.750 E3.43634 F600.000 G1 X84.250 Y84.250 E3.70525 G1 X95.750 Y84.250 E3.97416 G1 X95.750 Y95.675 E4.24132 G1 X95.750 Y96.250 F7800.000 G1 X97.250 Y97.250 F7800.000 G1 X82.750 Y97.250 E4.58039 F684.694 G1 X82.750 Y82.750 E4.91945 G1 X97.250 Y82.750 E5.25851 G1 X97.250 Y97.175 E5.59582 G1 X97.750 Y97.750 F7800.000 G1 X82.250 Y97.750 E5.95827 F600.000 G1 X82.250 Y82.250 E6.32071 G1 X97.750 Y82.250 E6.68316 G1 X97.750 Y97.675 E7.04385 G1 X97.317 Y97.500 F7800.000 G1 X96.750 Y96.500 F7800.000 G1 X96.707 Y96.707 E7.04686 F600.000 G1 X96.500 Y96.750 E7.04986 G1 X83.500 Y96.750 E7.23447 G1 X83.293 Y96.707 E7.23747 G1 X83.250 Y96.500 E7.24048 G1 X83.250 Y83.500 E7.42509 G1 X83.293 Y83.293 E7.42809 G1 X83.500 Y83.250 E7.43110 G1 X96.500 Y83.250 E7.61571 G1 X96.707 Y83.293 E7.61871 G1 X96.750 Y83.500 E7.62172 G1 X96.750 Y96.425 E7.80526 G1 F2400.000 E5.80526 G1 Z3.550 F7800.000 G92 E0 G1 X96.250 Y96.250 F7800.000 G1 Z3.350 F7800.000 G1 E2.00000 F2400.000 G1 X83.750 Y96.250 E2.29230 F684.694 G1 X83.750 Y83.750 E2.58459 G1 X96.250 Y83.750 E2.87689 G1 X96.250 Y96.175 E3.16743 G1 X95.750 Y95.750 F7800.000 G1 X84.250 Y95.750 E3.43634 F600.000 G1 X84.250 Y84.250 E3.70525 G1 X95.750 Y84.250 E3.97416 G1 X95.750 Y95.675 E4.24132 G1 X95.750 Y96.250 F7800.000 G1 X97.250 Y97.250 F7800.000 G1 X82.750 Y97.250 E4.58039 F684.694 G1 X82.750 Y82.750 E4.91945 G1 X97.250 Y82.750 E5.25851 G1 X97.250 Y97.175 E5.59582 G1 X97.750 Y97.750 F7800.000 G1 X82.250 Y97.750 E5.95827 F600.000 G1 X82.250 Y82.250 E6.32071 G1 X97.750 Y82.250 E6.68316 G1 X97.750 Y97.675 E7.04385 G1 X97.317 Y97.500 F7800.000 G1 X96.750 Y96.500 F7800.000 G1 X96.707 Y96.707 E7.04686 F600.000 G1 X96.500 Y96.750 E7.04986 G1 X83.500 Y96.750 E7.23447 G1 X83.293 Y96.707 E7.23747 G1 X83.250 Y96.500 E7.24048 G1 X83.250 Y83.500 E7.42509 G1 X83.293 Y83.293 E7.42809 G1 X83.500 Y83.250 E7.43110 G1 X96.500 Y83.250 E7.61571 G1 X96.707 Y83.293 E7.61871 G1 X96.750 Y83.500 E7.62172 G1 X96.750 Y96.425 E7.80526 G1 F2400.000 E5.80526 G1 Z3.650 F7800.000 G92 E0 G1 X96.250 Y96.250 F7800.000 G1 Z3.450 F7800.000 G1 E2.00000 F2400.000 G1 X83.750 Y96.250 E2.29230 F684.694 G1 X83.750 Y83.750 E2.58459 G1 X96.250 Y83.750 E2.87689 G1 X96.250 Y96.175 E3.16743 G1 X95.750 Y95.750 F7800.000 G1 X84.250 Y95.750 E3.43634 F600.000 G1 X84.250 Y84.250 E3.70525 G1 X95.750 Y84.250 E3.97416 G1 X95.750 Y95.675 E4.24132 G1 X95.750 Y96.250 F7800.000 G1 X97.250 Y97.250 F7800.000 G1 X82.750 Y97.250 E4.58039 F684.694 G1 X82.750 Y82.750 E4.91945 G1 X97.250 Y82.750 E5.25851 G1 X97.250 Y97.175 E5.59582 G1 X97.750 Y97.750 F7800.000 G1 X82.250 Y97.750 E5.95827 F600.000 G1 X82.250 Y82.250 E6.32071 G1 X97.750 Y82.250 E6.68316 G1 X97.750 Y97.675 E7.04385 G1 X97.317 Y97.500 F7800.000 G1 X96.750 Y96.500 F7800.000 G1 X96.707 Y96.707 E7.04686 F600.000 G1 X96.500 Y96.750 E7.04986 G1 X83.500 Y96.750 E7.23447 G1 X83.293 Y96.707 E7.23747 G1 X83.250 Y96.500 E7.24048 G1 X83.250 Y83.500 E7.42509 G1 X83.293 Y83.293 E7.42809 G1 X83.500 Y83.250 E7.43110 G1 X96.500 Y83.250 E7.61571 G1 X96.707 Y83.293 E7.61871 G1 X96.750 Y83.500 E7.62172 G1 X96.750 Y96.425 E7.80526 G1 F2400.000 E5.80526 G1 Z3.750 F7800.000 G92 E0 G1 X96.250 Y96.250 F7800.000 G1 Z3.550 F7800.000 G1 E2.00000 F2400.000 G1 X83.750 Y96.250 E2.29230 F684.694 G1 X83.750 Y83.750 E2.58459 G1 X96.250 Y83.750 E2.87689 G1 X96.250 Y96.175 E3.16743 G1 X95.750 Y95.750 F7800.000 G1 X84.250 Y95.750 E3.43634 F600.000 G1 X84.250 Y84.250 E3.70525 G1 X95.750 Y84.250 E3.97416 G1 X95.750 Y95.675 E4.24132 G1 X95.750 Y96.250 F7800.000 G1 X97.250 Y97.250 F7800.000 G1 X82.750 Y97.250 E4.58039 F684.694 G1 X82.750 Y82.750 E4.91945 G1 X97.250 Y82.750 E5.25851 G1 X97.250 Y97.175 E5.59582 G1 X97.750 Y97.750 F7800.000 G1 X82.250 Y97.750 E5.95827 F600.000 G1 X82.250 Y82.250 E6.32071 G1 X97.750 Y82.250 E6.68316 G1 X97.750 Y97.675 E7.04385 G1 X97.317 Y97.500 F7800.000 G1 X96.750 Y96.500 F7800.000 G1 X96.707 Y96.707 E7.04686 F600.000 G1 X96.500 Y96.750 E7.04986 G1 X83.500 Y96.750 E7.23447 G1 X83.293 Y96.707 E7.23747 G1 X83.250 Y96.500 E7.24048 G1 X83.250 Y83.500 E7.42509 G1 X83.293 Y83.293 E7.42809 G1 X83.500 Y83.250 E7.43110 G1 X96.500 Y83.250 E7.61571 G1 X96.707 Y83.293 E7.61871 G1 X96.750 Y83.500 E7.62172 G1 X96.750 Y96.425 E7.80526 G1 F2400.000 E5.80526 G1 Z3.850 F7800.000 G92 E0 G1 X96.250 Y96.250 F7800.000 G1 Z3.650 F7800.000 G1 E2.00000 F2400.000 G1 X83.750 Y96.250 E2.29230 F684.694 G1 X83.750 Y83.750 E2.58459 G1 X96.250 Y83.750 E2.87689 G1 X96.250 Y96.175 E3.16743 G1 X95.750 Y95.750 F7800.000 G1 X84.250 Y95.750 E3.43634 F600.000 G1 X84.250 Y84.250 E3.70525 G1 X95.750 Y84.250 E3.97416 G1 X95.750 Y95.675 E4.24132 G1 X95.750 Y96.250 F7800.000 G1 X97.250 Y97.250 F7800.000 G1 X82.750 Y97.250 E4.58039 F684.694 G1 X82.750 Y82.750 E4.91945 G1 X97.250 Y82.750 E5.25851 G1 X97.250 Y97.175 E5.59582 G1 X97.750 Y97.750 F7800.000 G1 X82.250 Y97.750 E5.95827 F600.000 G1 X82.250 Y82.250 E6.32071 G1 X97.750 Y82.250 E6.68316 G1 X97.750 Y97.675 E7.04385 G1 X97.317 Y97.500 F7800.000 G1 X96.750 Y96.500 F7800.000 G1 X96.707 Y96.707 E7.04686 F600.000 G1 X96.500 Y96.750 E7.04986 G1 X83.500 Y96.750 E7.23447 G1 X83.293 Y96.707 E7.23747 G1 X83.250 Y96.500 E7.24048 G1 X83.250 Y83.500 E7.42509 G1 X83.293 Y83.293 E7.42809 G1 X83.500 Y83.250 E7.43110 G1 X96.500 Y83.250 E7.61571 G1 X96.707 Y83.293 E7.61871 G1 X96.750 Y83.500 E7.62172 G1 X96.750 Y96.425 E7.80526 G1 F2400.000 E5.80526 G1 Z3.950 F7800.000 G92 E0 G1 X96.250 Y96.250 F7800.000 G1 Z3.750 F7800.000 G1 E2.00000 F2400.000 G1 X83.750 Y96.250 E2.29230 F684.694 G1 X83.750 Y83.750 E2.58459 G1 X96.250 Y83.750 E2.87689 G1 X96.250 Y96.175 E3.16743 G1 X95.750 Y95.750 F7800.000 G1 X84.250 Y95.750 E3.43634 F600.000 G1 X84.250 Y84.250 E3.70525 G1 X95.750 Y84.250 E3.97416 G1 X95.750 Y95.675 E4.24132 G1 X95.750 Y96.250 F7800.000 G1 X97.250 Y97.250 F7800.000 G1 X82.750 Y97.250 E4.58039 F684.694 G1 X82.750 Y82.750 E4.91945 G1 X97.250 Y82.750 E5.25851 G1 X97.250 Y97.175 E5.59582 G1 X97.750 Y97.750 F7800.000 G1 X82.250 Y97.750 E5.95827 F600.000 G1 X82.250 Y82.250 E6.32071 G1 X97.750 Y82.250 E6.68316 G1 X97.750 Y97.675 E7.04385 G1 X97.317 Y97.500 F7800.000 G1 X96.750 Y96.500 F7800.000 G1 X96.707 Y96.707 E7.04686 F600.000 G1 X96.500 Y96.750 E7.04986 G1 X83.500 Y96.750 E7.23447 G1 X83.293 Y96.707 E7.23747 G1 X83.250 Y96.500 E7.24048 G1 X83.250 Y83.500 E7.42509 G1 X83.293 Y83.293 E7.42809 G1 X83.500 Y83.250 E7.43110 G1 X96.500 Y83.250 E7.61571 G1 X96.707 Y83.293 E7.61871 G1 X96.750 Y83.500 E7.62172 G1 X96.750 Y96.425 E7.80526 G1 F2400.000 E5.80526 G1 Z4.050 F7800.000 G92 E0 G1 X96.250 Y96.250 F7800.000 G1 Z3.850 F7800.000 G1 E2.00000 F2400.000 G1 X83.750 Y96.250 E2.29230 F684.694 G1 X83.750 Y83.750 E2.58459 G1 X96.250 Y83.750 E2.87689 G1 X96.250 Y96.175 E3.16743 G1 X95.750 Y95.750 F7800.000 G1 X84.250 Y95.750 E3.43634 F600.000 G1 X84.250 Y84.250 E3.70525 G1 X95.750 Y84.250 E3.97416 G1 X95.750 Y95.675 E4.24132 G1 X95.750 Y96.250 F7800.000 G1 X97.250 Y97.250 F7800.000 G1 X82.750 Y97.250 E4.58039 F684.694 G1 X82.750 Y82.750 E4.91945 G1 X97.250 Y82.750 E5.25851 G1 X97.250 Y97.175 E5.59582 G1 X97.750 Y97.750 F7800.000 G1 X82.250 Y97.750 E5.95827 F600.000 G1 X82.250 Y82.250 E6.32071 G1 X97.750 Y82.250 E6.68316 G1 X97.750 Y97.675 E7.04385 G1 X97.317 Y97.500 F7800.000 G1 X96.750 Y96.500 F7800.000 G1 X96.707 Y96.707 E7.04686 F600.000 G1 X96.500 Y96.750 E7.04986 G1 X83.500 Y96.750 E7.23447 G1 X83.293 Y96.707 E7.23747 G1 X83.250 Y96.500 E7.24048 G1 X83.250 Y83.500 E7.42509 G1 X83.293 Y83.293 E7.42809 G1 X83.500 Y83.250 E7.43110 G1 X96.500 Y83.250 E7.61571 G1 X96.707 Y83.293 E7.61871 G1 X96.750 Y83.500 E7.62172 G1 X96.750 Y96.425 E7.80526 G1 F2400.000 E5.80526 G1 Z4.150 F7800.000 G92 E0 G1 X96.250 Y96.250 F7800.000 G1 Z3.950 F7800.000 G1 E2.00000 F2400.000 G1 X83.750 Y96.250 E2.29230 F684.694 G1 X83.750 Y83.750 E2.58459 G1 X96.250 Y83.750 E2.87689 G1 X96.250 Y96.175 E3.16743 G1 X95.750 Y95.750 F7800.000 G1 X84.250 Y95.750 E3.43634 F600.000 G1 X84.250 Y84.250 E3.70525 G1 X95.750 Y84.250 E3.97416 G1 X95.750 Y95.675 E4.24132 G1 X95.750 Y96.250 F7800.000 G1 X97.250 Y97.250 F7800.000 G1 X82.750 Y97.250 E4.58039 F684.694 G1 X82.750 Y82.750 E4.91945 G1 X97.250 Y82.750 E5.25851 G1 X97.250 Y97.175 E5.59582 G1 X97.750 Y97.750 F7800.000 G1 X82.250 Y97.750 E5.95827 F600.000 G1 X82.250 Y82.250 E6.32071 G1 X97.750 Y82.250 E6.68316 G1 X97.750 Y97.675 E7.04385 G1 X97.317 Y97.500 F7800.000 G1 X96.750 Y96.500 F7800.000 G1 X96.707 Y96.707 E7.04686 F600.000 G1 X96.500 Y96.750 E7.04986 G1 X83.500 Y96.750 E7.23447 G1 X83.293 Y96.707 E7.23747 G1 X83.250 Y96.500 E7.24048 G1 X83.250 Y83.500 E7.42509 G1 X83.293 Y83.293 E7.42809 G1 X83.500 Y83.250 E7.43110 G1 X96.500 Y83.250 E7.61571 G1 X96.707 Y83.293 E7.61871 G1 X96.750 Y83.500 E7.62172 G1 X96.750 Y96.425 E7.80526 G1 F2400.000 E5.80526 G1 Z4.250 F7800.000 G92 E0 G1 X96.250 Y96.250 F7800.000 G1 Z4.050 F7800.000 G1 E2.00000 F2400.000 G1 X83.750 Y96.250 E2.29230 F684.694 G1 X83.750 Y83.750 E2.58459 G1 X96.250 Y83.750 E2.87689 G1 X96.250 Y96.175 E3.16743 G1 X95.750 Y95.750 F7800.000 G1 X84.250 Y95.750 E3.43634 F600.000 G1 X84.250 Y84.250 E3.70525 G1 X95.750 Y84.250 E3.97416 G1 X95.750 Y95.675 E4.24132 G1 X95.750 Y96.250 F7800.000 G1 X97.250 Y97.250 F7800.000 G1 X82.750 Y97.250 E4.58039 F684.694 G1 X82.750 Y82.750 E4.91945 G1 X97.250 Y82.750 E5.25851 G1 X97.250 Y97.175 E5.59582 G1 X97.750 Y97.750 F7800.000 G1 X82.250 Y97.750 E5.95827 F600.000 G1 X82.250 Y82.250 E6.32071 G1 X97.750 Y82.250 E6.68316 G1 X97.750 Y97.675 E7.04385 G1 X97.317 Y97.500 F7800.000 G1 X96.750 Y96.500 F7800.000 G1 X96.707 Y96.707 E7.04686 F600.000 G1 X96.500 Y96.750 E7.04986 G1 X83.500 Y96.750 E7.23447 G1 X83.293 Y96.707 E7.23747 G1 X83.250 Y96.500 E7.24048 G1 X83.250 Y83.500 E7.42509 G1 X83.293 Y83.293 E7.42809 G1 X83.500 Y83.250 E7.43110 G1 X96.500 Y83.250 E7.61571 G1 X96.707 Y83.293 E7.61871 G1 X96.750 Y83.500 E7.62172 G1 X96.750 Y96.425 E7.80526 G1 F2400.000 E5.80526 G1 Z4.350 F7800.000 G92 E0 G1 X96.250 Y96.250 F7800.000 G1 Z4.150 F7800.000 G1 E2.00000 F2400.000 G1 X83.750 Y96.250 E2.29230 F684.694 G1 X83.750 Y83.750 E2.58459 G1 X96.250 Y83.750 E2.87689 G1 X96.250 Y96.175 E3.16743 G1 X95.750 Y95.750 F7800.000 G1 X84.250 Y95.750 E3.43634 F600.000 G1 X84.250 Y84.250 E3.70525 G1 X95.750 Y84.250 E3.97416 G1 X95.750 Y95.675 E4.24132 G1 X95.750 Y96.250 F7800.000 G1 X97.250 Y97.250 F7800.000 G1 X82.750 Y97.250 E4.58039 F684.694 G1 X82.750 Y82.750 E4.91945 G1 X97.250 Y82.750 E5.25851 G1 X97.250 Y97.175 E5.59582 G1 X97.750 Y97.750 F7800.000 G1 X82.250 Y97.750 E5.95827 F600.000 G1 X82.250 Y82.250 E6.32071 G1 X97.750 Y82.250 E6.68316 G1 X97.750 Y97.675 E7.04385 G1 X97.317 Y97.500 F7800.000 G1 X96.750 Y96.500 F7800.000 G1 X96.707 Y96.707 E7.04686 F600.000 G1 X96.500 Y96.750 E7.04986 G1 X83.500 Y96.750 E7.23447 G1 X83.293 Y96.707 E7.23747 G1 X83.250 Y96.500 E7.24048 G1 X83.250 Y83.500 E7.42509 G1 X83.293 Y83.293 E7.42809 G1 X83.500 Y83.250 E7.43110 G1 X96.500 Y83.250 E7.61571 G1 X96.707 Y83.293 E7.61871 G1 X96.750 Y83.500 E7.62172 G1 X96.750 Y96.425 E7.80526 G1 F2400.000 E5.80526 G1 Z4.450 F7800.000 G92 E0 G1 X96.250 Y96.250 F7800.000 G1 Z4.250 F7800.000 G1 E2.00000 F2400.000 G1 X83.750 Y96.250 E2.29230 F684.694 G1 X83.750 Y83.750 E2.58459 G1 X96.250 Y83.750 E2.87689 G1 X96.250 Y96.175 E3.16743 G1 X95.750 Y95.750 F7800.000 G1 X84.250 Y95.750 E3.43634 F600.000 G1 X84.250 Y84.250 E3.70525 G1 X95.750 Y84.250 E3.97416 G1 X95.750 Y95.675 E4.24132 G1 X95.750 Y96.250 F7800.000 G1 X97.250 Y97.250 F7800.000 G1 X82.750 Y97.250 E4.58039 F684.694 G1 X82.750 Y82.750 E4.91945 G1 X97.250 Y82.750 E5.25851 G1 X97.250 Y97.175 E5.59582 G1 X97.750 Y97.750 F7800.000 G1 X82.250 Y97.750 E5.95827 F600.000 G1 X82.250 Y82.250 E6.32071 G1 X97.750 Y82.250 E6.68316 G1 X97.750 Y97.675 E7.04385 G1 X97.317 Y97.500 F7800.000 G1 X96.750 Y96.500 F7800.000 G1 X96.707 Y96.707 E7.04686 F600.000 G1 X96.500 Y96.750 E7.04986 G1 X83.500 Y96.750 E7.23447 G1 X83.293 Y96.707 E7.23747 G1 X83.250 Y96.500 E7.24048 G1 X83.250 Y83.500 E7.42509 G1 X83.293 Y83.293 E7.42809 G1 X83.500 Y83.250 E7.43110 G1 X96.500 Y83.250 E7.61571 G1 X96.707 Y83.293 E7.61871 G1 X96.750 Y83.500 E7.62172 G1 X96.750 Y96.425 E7.80526 G1 F2400.000 E5.80526 G1 Z4.550 F7800.000 G92 E0 G1 X96.250 Y96.250 F7800.000 G1 Z4.350 F7800.000 G1 E2.00000 F2400.000 G1 X83.750 Y96.250 E2.29230 F684.694 G1 X83.750 Y83.750 E2.58459 G1 X96.250 Y83.750 E2.87689 G1 X96.250 Y96.175 E3.16743 G1 X95.750 Y95.750 F7800.000 G1 X84.250 Y95.750 E3.43634 F600.000 G1 X84.250 Y84.250 E3.70525 G1 X95.750 Y84.250 E3.97416 G1 X95.750 Y95.675 E4.24132 G1 X95.750 Y96.250 F7800.000 G1 X97.250 Y97.250 F7800.000 G1 X82.750 Y97.250 E4.58039 F684.694 G1 X82.750 Y82.750 E4.91945 G1 X97.250 Y82.750 E5.25851 G1 X97.250 Y97.175 E5.59582 G1 X97.750 Y97.750 F7800.000 G1 X82.250 Y97.750 E5.95827 F600.000 G1 X82.250 Y82.250 E6.32071 G1 X97.750 Y82.250 E6.68316 G1 X97.750 Y97.675 E7.04385 G1 X97.317 Y97.500 F7800.000 G1 X96.750 Y96.500 F7800.000 G1 X96.707 Y96.707 E7.04686 F600.000 G1 X96.500 Y96.750 E7.04986 G1 X83.500 Y96.750 E7.23447 G1 X83.293 Y96.707 E7.23747 G1 X83.250 Y96.500 E7.24048 G1 X83.250 Y83.500 E7.42509 G1 X83.293 Y83.293 E7.42809 G1 X83.500 Y83.250 E7.43110 G1 X96.500 Y83.250 E7.61571 G1 X96.707 Y83.293 E7.61871 G1 X96.750 Y83.500 E7.62172 G1 X96.750 Y96.425 E7.80526 G1 F2400.000 E5.80526 G1 Z4.650 F7800.000 G92 E0 G1 X96.250 Y96.250 F7800.000 G1 Z4.450 F7800.000 G1 E2.00000 F2400.000 G1 X83.750 Y96.250 E2.29230 F684.694 G1 X83.750 Y83.750 E2.58459 G1 X96.250 Y83.750 E2.87689 G1 X96.250 Y96.175 E3.16743 G1 X95.750 Y95.750 F7800.000 G1 X84.250 Y95.750 E3.43634 F600.000 G1 X84.250 Y84.250 E3.70525 G1 X95.750 Y84.250 E3.97416 G1 X95.750 Y95.675 E4.24132 G1 X95.750 Y96.250 F7800.000 G1 X97.250 Y97.250 F7800.000 G1 X82.750 Y97.250 E4.58039 F684.694 G1 X82.750 Y82.750 E4.91945 G1 X97.250 Y82.750 E5.25851 G1 X97.250 Y97.175 E5.59582 G1 X97.750 Y97.750 F7800.000 G1 X82.250 Y97.750 E5.95827 F600.000 G1 X82.250 Y82.250 E6.32071 G1 X97.750 Y82.250 E6.68316 G1 X97.750 Y97.675 E7.04385 G1 X97.317 Y97.500 F7800.000 G1 X96.750 Y96.500 F7800.000 G1 X96.707 Y96.707 E7.04686 F600.000 G1 X96.500 Y96.750 E7.04986 G1 X83.500 Y96.750 E7.23447 G1 X83.293 Y96.707 E7.23747 G1 X83.250 Y96.500 E7.24048 G1 X83.250 Y83.500 E7.42509 G1 X83.293 Y83.293 E7.42809 G1 X83.500 Y83.250 E7.43110 G1 X96.500 Y83.250 E7.61571 G1 X96.707 Y83.293 E7.61871 G1 X96.750 Y83.500 E7.62172 G1 X96.750 Y96.425 E7.80526 G1 F2400.000 E5.80526 G1 Z4.750 F7800.000 G92 E0 G1 X96.250 Y96.250 F7800.000 G1 Z4.550 F7800.000 G1 E2.00000 F2400.000 G1 X83.750 Y96.250 E2.29230 F684.694 G1 X83.750 Y83.750 E2.58459 G1 X96.250 Y83.750 E2.87689 G1 X96.250 Y96.175 E3.16743 G1 X95.750 Y95.750 F7800.000 G1 X84.250 Y95.750 E3.43634 F600.000 G1 X84.250 Y84.250 E3.70525 G1 X95.750 Y84.250 E3.97416 G1 X95.750 Y95.675 E4.24132 G1 X95.750 Y96.250 F7800.000 G1 X97.250 Y97.250 F7800.000 G1 X82.750 Y97.250 E4.58039 F684.694 G1 X82.750 Y82.750 E4.91945 G1 X97.250 Y82.750 E5.25851 G1 X97.250 Y97.175 E5.59582 G1 X97.750 Y97.750 F7800.000 G1 X82.250 Y97.750 E5.95827 F600.000 G1 X82.250 Y82.250 E6.32071 G1 X97.750 Y82.250 E6.68316 G1 X97.750 Y97.675 E7.04385 G1 X97.317 Y97.500 F7800.000 G1 X96.750 Y96.500 F7800.000 G1 X96.707 Y96.707 E7.04686 F600.000 G1 X96.500 Y96.750 E7.04986 G1 X83.500 Y96.750 E7.23447 G1 X83.293 Y96.707 E7.23747 G1 X83.250 Y96.500 E7.24048 G1 X83.250 Y83.500 E7.42509 G1 X83.293 Y83.293 E7.42809 G1 X83.500 Y83.250 E7.43110 G1 X96.500 Y83.250 E7.61571 G1 X96.707 Y83.293 E7.61871 G1 X96.750 Y83.500 E7.62172 G1 X96.750 Y96.425 E7.80526 G1 F2400.000 E5.80526 G1 Z4.850 F7800.000 G92 E0 G1 X96.250 Y96.250 F7800.000 G1 Z4.650 F7800.000 G1 E2.00000 F2400.000 G1 X83.750 Y96.250 E2.29230 F684.694 G1 X83.750 Y83.750 E2.58459 G1 X96.250 Y83.750 E2.87689 G1 X96.250 Y96.175 E3.16743 G1 X95.750 Y95.750 F7800.000 G1 X84.250 Y95.750 E3.43634 F600.000 G1 X84.250 Y84.250 E3.70525 G1 X95.750 Y84.250 E3.97416 G1 X95.750 Y95.675 E4.24132 G1 X95.750 Y96.250 F7800.000 G1 X97.250 Y97.250 F7800.000 G1 X82.750 Y97.250 E4.58039 F684.694 G1 X82.750 Y82.750 E4.91945 G1 X97.250 Y82.750 E5.25851 G1 X97.250 Y97.175 E5.59582 G1 X97.750 Y97.750 F7800.000 G1 X82.250 Y97.750 E5.95827 F600.000 G1 X82.250 Y82.250 E6.32071 G1 X97.750 Y82.250 E6.68316 G1 X97.750 Y97.675 E7.04385 G1 X97.317 Y97.500 F7800.000 G1 X96.750 Y96.500 F7800.000 G1 X96.707 Y96.707 E7.04686 F600.000 G1 X96.500 Y96.750 E7.04986 G1 X83.500 Y96.750 E7.23447 G1 X83.293 Y96.707 E7.23747 G1 X83.250 Y96.500 E7.24048 G1 X83.250 Y83.500 E7.42509 G1 X83.293 Y83.293 E7.42809 G1 X83.500 Y83.250 E7.43110 G1 X96.500 Y83.250 E7.61571 G1 X96.707 Y83.293 E7.61871 G1 X96.750 Y83.500 E7.62172 G1 X96.750 Y96.425 E7.80526 G1 F2400.000 E5.80526 G1 Z4.850 F7800.000 G92 E0 M107 ; filament used = 297.3mm (0.6cm3) ; avoid_crossing_perimeters = 1 ; bed_size = 180,180 ; bed_temperature = 90 ; bridge_acceleration = 0 ; bridge_fan_speed = 100 ; bridge_flow_ratio = 1 ; brim_width = 0 ; complete_objects = 0 ; cooling = 1 ; default_acceleration = 0 ; disable_fan_first_layers = 1 ; duplicate_distance = 6 ; end_gcode = ; external_perimeters_first = 0 ; extruder_clearance_height = 20 ; extruder_clearance_radius = 20 ; extruder_offset = 0x0 ; extrusion_axis = E ; extrusion_multiplier = 1 ; fan_always_on = 0 ; fan_below_layer_time = 60 ; filament_diameter = 1.65 ; first_layer_acceleration = 0 ; first_layer_bed_temperature = 95 ; first_layer_extrusion_width = 0 ; first_layer_speed = 30% ; first_layer_temperature = 230 ; g0 = 0 ; gcode_arcs = 0 ; gcode_comments = 0 ; gcode_flavor = reprap ; infill_acceleration = 0 ; infill_first = 0 ; layer_gcode = ; max_fan_speed = 100 ; min_fan_speed = 35 ; min_print_speed = 10 ; min_skirt_length = 0 ; notes = ; nozzle_diameter = 0.5 ; only_retract_when_crossing_perimeters = 1 ; ooze_prevention = 0 ; output_filename_format = [input_filename_base].gcode ; perimeter_acceleration = 0 ; post_process = ; print_center = 90,90 ; resolution = 0 ; retract_before_travel = 2 ; retract_layer_change = 1 ; retract_length = 2 ; retract_length_toolchange = 5 ; retract_lift = 0.2 ; retract_restart_extra = 0 ; retract_restart_extra_toolchange = 0 ; retract_speed = 40 ; skirt_distance = 10 ; skirt_height = 1 ; skirts = 1 ; slowdown_below_layer_time = 30 ; spiral_vase = 0 ; standby_temperature_delta = -5 ; start_gcode = ; temperature = 230 ; threads = 2 ; toolchange_gcode = ; travel_speed = 130 ; use_firmware_retraction = 0 ; use_relative_e_distances = 0 ; vibration_limit = 0 ; wipe = 0 ; z_offset = 0 ; dont_support_bridges = 1 ; extrusion_width = 0 ; first_layer_height = 0.3 ; infill_only_where_needed = 1 ; interface_shells = 0 ; layer_height = 0.1 ; raft_layers = 2 ; seam_position = aligned ; support_material = 0 ; support_material_angle = 0 ; support_material_enforce_layers = 0 ; support_material_extruder = 1 ; support_material_extrusion_width = 0 ; support_material_interface_extruder = 1 ; support_material_interface_layers = 2 ; support_material_interface_spacing = 0.15 ; support_material_interface_speed = 100% ; support_material_pattern = honeycomb ; support_material_spacing = 2 ; support_material_speed = 60 ; support_material_threshold = 0 ; bottom_solid_layers = 3 ; bridge_speed = 40 ; external_perimeter_speed = 70% ; extra_perimeters = 1 ; fill_angle = 45 ; fill_density = 40% ; fill_pattern = honeycomb ; gap_fill_speed = 20 ; infill_every_layers = 5 ; infill_extruder = 1 ; infill_extrusion_width = 0 ; infill_speed = 60 ; overhangs = 1 ; perimeter_extruder = 1 ; perimeter_extrusion_width = 0 ; perimeter_speed = 30 ; perimeters = 3 ; small_perimeter_speed = 30 ; solid_fill_pattern = rectilinear ; solid_infill_below_area = 70 ; solid_infill_every_layers = 0 ; solid_infill_extrusion_width = 0 ; solid_infill_speed = 60 ; thin_walls = 1 ; top_infill_extrusion_width = 0 ; top_solid_infill_speed = 50 ; top_solid_layers = 3</code> </pre></div> 
				 	]]>
				</content:encoded>							</item>
					<item>
				<guid>http://smoothieware.org/forum/t-1030415#post-2117911</guid>
				<title>Re: Help me on Z axis 3D printer</title>
				<link>http://smoothieware.org/forum/t-1030415/help-me-on-z-axis-3d-printer#post-2117911</link>
				<description></description>
				<pubDate>Thu, 25 Sep 2014 10:10:24 +0000</pubDate>
				<wikidot:authorName>arthurwolf</wikidot:authorName>				<wikidot:authorUserId>471107</wikidot:authorUserId>				<content:encoded>
					<![CDATA[
						 <p>Slic3r may be causing the problem here, can we see a g-code file ?</p> <p>Cheers.</p> 
				 	]]>
				</content:encoded>							</item>
					<item>
				<guid>http://smoothieware.org/forum/t-1030415#post-2117900</guid>
				<title>Help me on Z axis 3D printer</title>
				<link>http://smoothieware.org/forum/t-1030415/help-me-on-z-axis-3d-printer#post-2117900</link>
				<description></description>
				<pubDate>Thu, 25 Sep 2014 09:48:53 +0000</pubDate>
				<wikidot:authorName>Sang Dth</wikidot:authorName>				<wikidot:authorUserId>1978574</wikidot:authorUserId>				<content:encoded>
					<![CDATA[
						 <p>Hi, I'm using Smoothieboard to control my RepRap 3D printer, everything run well, bed and extruder can heat, temperature is controlable, X-Y-Z is moving right direction, endstop can work!</p> <p>But when I put file to print, the extruder always moves too far from bed (around 1mm), so it can not print. Each layer, seems like it moves too far too, even I set in Slic3r is 0.1mm per layer.</p> <p>I'm sure that I moved the extruder really close to the bed, and set it is home for all axis. Please help!</p> <p>Here are my 3D printer information:</p> <p><strong>Belt driven systems: X and Y axis</strong><br /> Stepper motor: 1.8 degrees.<br /> Belt pitch: 5mm.<br /> Pulley tooth count: 12.</p> <p><strong>Leadscrew driven systems: Z axis</strong><br /> Stepper motor: 1.8 degrees.<br /> Leadscrew pitch: 1.25</p> <p>And here is the config in my board</p> <div class="code"> <pre> <code># NOTE Lines must not exceed 132 characters # Robot module configurations : general handling of movement G-codes and slicing into moves default_feed_rate 4000 # Default rate ( mm/minute ) for G1/G2/G3 moves default_seek_rate 4000 # Default rate ( mm/minute ) for G0 moves mm_per_arc_segment 0.5 # Arcs are cut into segments ( lines ), this is the length for # these segments. Smaller values mean more resolution, # higher values mean faster computation mm_per_line_segment 5 # Lines can be cut into segments ( not usefull with cartesian # coordinates robots ). # Arm solution configuration : Cartesian robot. Translates mm positions into stepper positions alpha_steps_per_mm 53.33 # Steps per mm for alpha stepper 80 beta_steps_per_mm 53.33 # Steps per mm for beta stepper 80 gamma_steps_per_mm 2560 # Steps per mm for gamma stepper 1600 # Planner module configuration : Look-ahead and acceleration configuration planner_queue_size 32 # DO NOT CHANGE THIS UNLESS YOU KNOW EXACTLY WHAT YOU ARE DOING acceleration 3000 # Acceleration in mm/second/second. #z_acceleration 500 # Acceleration for Z only moves in mm/s^2, 0 disables it, disabled by default. DO NOT SET ON A DELTA acceleration_ticks_per_second 1000 # Number of times per second the speed is updated junction_deviation 0.05 # Similar to the old &quot;max_jerk&quot;, in millimeters, # see --- # and --- # Lower values mean being more careful, higher values means being # faster and have more jerk #minimum_planner_speed 0.0 # sets the minimum planner speed in mm/sec # Stepper module configuration microseconds_per_step_pulse 1 # Duration of step pulses to stepper drivers, in microseconds minimum_steps_per_minute 1200 # Never step slower than this base_stepping_frequency 100000 # Base frequency for stepping, higher gives smoother movement # Cartesian axis speed limits x_axis_max_speed 30000 # mm/min y_axis_max_speed 30000 # mm/min z_axis_max_speed 300 # mm/min # Stepper module pins ( ports, and pin numbers, appending &quot;!&quot; to the number will invert a pin ) alpha_step_pin 2.0 # Pin for alpha stepper step signal alpha_dir_pin 0.5! # Pin for alpha stepper direction alpha_en_pin 0.4 # Pin for alpha enable pin alpha_current 1.2 # X stepper motor current alpha_max_rate 30000.0 # mm/min beta_step_pin 2.1 # Pin for beta stepper step signal beta_dir_pin 0.11! # Pin for beta stepper direction beta_en_pin 0.10 # Pin for beta enable beta_current 1.2 # Y stepper motor current beta_max_rate 30000.0 # mm/min gamma_step_pin 2.2 # Pin for gamma stepper step signal gamma_dir_pin 0.20 # Pin for gamma stepper direction gamma_en_pin 0.19 # Pin for gamma enable gamma_current 1.2 # Z stepper motor current gamma_max_rate 300.0 # mm/min # Serial communications configuration ( baud rate default to 9600 if undefined ) uart0.baud_rate 115200 # Baud rate for the default hardware serial port second_usb_serial_enable false # This enables a second usb serial port (to have both pronterface # and a terminal connected) #leds_disable true # disable using leds after config loaded #play_led_disable true # disable the play led #msd_disable false # disable the MSD (USB SDCARD) when set to true # Extruder module configuration extruder.hotend.enable true # Whether to activate the extruder module at all. All configuration is ignored if false extruder.hotend.steps_per_mm 140 # Steps per mm for extruder stepper extruder.hotend.default_feed_rate 600 # Default rate ( mm/minute ) for moves where only the extruder moves extruder.hotend.acceleration 500 # Acceleration for the stepper motor, as of 0.6, arbitrary ratio extruder.hotend.max_speed 50 # mm/s extruder.hotend.step_pin 2.3 # Pin for extruder step signal extruder.hotend.dir_pin 0.22! # Pin for extruder dir signal extruder.hotend.en_pin 0.21 # Pin for extruder enable signal # extruder offset #extruder.hotend.x_offset 0 # x offset from origin in mm #extruder.hotend.y_offset 0 # y offset from origin in mm #extruder.hotend.z_offset 0 # z offset from origin in mm # firmware retract settings when using G10/G11, these are the defaults if not defined, must be defined for each extruder if not using the defaults #extruder.hotend.retract_length 3 # retract length in mm #extruder.hotend.retract_feedrate 45 # retract feedrate in mm/sec #extruder.hotend.retract_recover_length 0 # additional length for recover #extruder.hotend.retract_recover_feedrate 8 # recover feedrate in mm/sec (should be less than retract feedrate) #extruder.hotend.retract_zlift_length 0 # zlift on retract in mm, 0 disables #extruder.hotend.retract_zlift_feedrate 6000 # zlift feedrate in mm/min (Note mm/min NOT mm/sec) delta_current 1.2 # First extruder stepper motor current # Second extruder module configuration #extruder.hotend2.enable true # Whether to activate the extruder module at all. All configuration is ignored if false #extruder.hotend2.steps_per_mm 140 # Steps per mm for extruder stepper #extruder.hotend2.default_feed_rate 600 # Default rate ( mm/minute ) for moves where only the extruder moves #extruder.hotend2.acceleration 500 # Acceleration for the stepper motor, as of 0.6, arbitrary ratio #extruder.hotend2.max_speed 50 # mm/s #extruder.hotend2.step_pin 2.8 # Pin for extruder step signal #extruder.hotend2.dir_pin 2.13 # Pin for extruder dir signal #extruder.hotend2.en_pin 4.29 # Pin for extruder enable signal #extruder.hotend2.x_offset 0 # x offset from origin in mm #extruder.hotend2.y_offset 25.0 # y offset from origin in mm #extruder.hotend2.z_offset 0 # z offset from origin in mm #epsilon_current 1.5 # Second extruder stepper motor current # Laser module configuration laser_module_enable false # Whether to activate the laser module at all. All configuration is # ignored if false. #laser_module_pin 2.5 # this pin will be PWMed to control the laser. Only P2.0 - P2.5 # can be used since laser requires hardware PWM #laser_module_max_power 0.8 # this is the maximum duty cycle that will be applied to the laser #laser_module_tickle_power 0.0 # this duty cycle will be used for travel moves to keep the laser # active without actually burning #laser_module_pwm_period 20 # this sets the pwm frequency as the period in microseconds # Hotend temperature control configuration temperature_control.hotend.enable true # Whether to activate this ( &quot;hotend&quot; ) module at all. # All configuration is ignored if false. temperature_control.hotend.thermistor_pin 0.23 # Pin for the thermistor to read temperature_control.hotend.heater_pin 2.7 # Pin that controls the heater, set to nc if a readonly thermistor is being defined temperature_control.hotend.thermistor EPCOS100K # see src/modules/tools/temperaturecontrol/TemperatureControl.cpp:64 # for a list of valid thermistor names temperature_control.hotend.set_m_code 104 # temperature_control.hotend.set_and_wait_m_code 109 # temperature_control.hotend.designator T # #temperature_control.hotend.p_factor 13.7 # permanently set the PID values after an auto pid #temperature_control.hotend.i_factor 0.097 # #temperature_control.hotend.d_factor 24 # #temperature_control.hotend.max_pwm 64 # max pwm, 64 is a good value if driving a 12v resistor with 24v. # Hotend2 temperature control configuration #temperature_control.hotend2.enable true # Whether to activate this ( &quot;hotend&quot; ) module at all. # All configuration is ignored if false. #temperature_control.hotend2.thermistor_pin 0.25 # Pin for the thermistor to read #temperature_control.hotend2.heater_pin 1.23 # Pin that controls the heater #temperature_control.hotend2.thermistor EPCOS100K # see src/modules/tools/temperaturecontrol/TemperatureControl.cpp:64 # for a list of valid thermistor names #temperature_control.hotend2.set_m_code 884 # #temperature_control.hotend2.set_and_wait_m_code 889 # #temperature_control.hotend2.designator T1 # #temperature_control.hotend2.p_factor 13.7 # permanently set the PID values after an auto pid #temperature_control.hotend2.i_factor 0.097 # #temperature_control.hotend2.d_factor 24 # #temperature_control.hotend2.max_pwm 64 # max pwm, 64 is a good value if driving a 12v resistor with 24v. temperature_control.bed.enable true # temperature_control.bed.thermistor_pin 0.24 # temperature_control.bed.heater_pin 2.5 # temperature_control.bed.thermistor Honeywell100K # see src/modules/tools/temperaturecontrol/TemperatureControl.cpp:64 # for a list of valid thermistor names temperature_control.bed.set_m_code 140 # temperature_control.bed.set_and_wait_m_code 190 # temperature_control.bed.designator B # #temperature_control.bed.bang_bang false # set to true to use bang bang control rather than PID #temperature_control.bed.hysteresis 2.0 # set to the temperature in degrees C to use as hysteresis # when using bang bang # Switch module for fan control switch.fan.enable true # switch.fan.input_on_command M106 # switch.fan.input_off_command M107 # switch.fan.output_pin 2.6 # switch.fan.output_type pwm # pwm output settable with S parameter in the input_on_comand #switch.fan.max_pwm 255 # set max pwm for the pin default is 255 #switch.misc.enable true # #switch.misc.input_on_command M42 # #switch.misc.input_off_command M43 # #switch.misc.output_pin 2.4 # #switch.misc.output_type digital # just an on or off pin # automatically toggle a switch at a specified temperature. Different ones of these may be defined to monitor different temperatures and switch different swithxes # useful to turn on a fan or water pump to cool the hotend #temperatureswitch.hotend.enable true # #temperatureswitch.hotend.designator T # first character of the temperature control designator to use as the temperature sensor to monitor #temperatureswitch.hotend.switch misc # select which switch to use, matches the name of the defined switch #temperatureswitch.hotend.threshold_temp 60.0 # temperature to turn on (if rising) or off the switch #temperatureswitch.hotend.heatup_poll 15 # poll heatup at 15 sec intervals #temperatureswitch.hotend.cooldown_poll 60 # poll cooldown at 60 sec intervals # Switch module for spindle control #switch.spindle.enable false # # Endstops endstops_enable true # the endstop module is enabled by default and can be disabled here #corexy_homing false # set to true if homing on a hbit or corexy alpha_min_endstop 1.24^ # add a ! to invert if endstop is NO connected to ground alpha_max_endstop 1.25^ # NOTE set to nc if this is not installed alpha_homing_direction home_to_min # or set to home_to_max and set alpha_max alpha_min 0 # this gets loaded after homing when home_to_min is set alpha_max 200 # this gets loaded after homing when home_to_max is set beta_min_endstop 1.26^ # beta_max_endstop 1.27^ # beta_homing_direction home_to_min # beta_min 0 # beta_max 200 # gamma_min_endstop 1.28^ # gamma_max_endstop 1.29^ # gamma_homing_direction home_to_min # gamma_min 0 # gamma_max 200 # # optional order in which axis will home, default is they all home at the same time, # if this is set it will force each axis to home one at a time in the specified order #homing_order XYZ # x axis followed by y then z last # optional enable limit switches, actions will stop if any enabled limit switch is triggered #alpha_limit_enable false # set to true to enable X min and max limit switches #beta_limit_enable false # set to true to enable Y min and max limit switches #gamma_limit_enable false # set to true to enable Z min and max limit switches alpha_fast_homing_rate_mm_s 50 # feedrates in mm/second beta_fast_homing_rate_mm_s 50 # &quot; gamma_fast_homing_rate_mm_s 4 # &quot; alpha_slow_homing_rate_mm_s 25 # &quot; beta_slow_homing_rate_mm_s 25 # &quot; gamma_slow_homing_rate_mm_s 2 # &quot; alpha_homing_retract_mm 5 # distance in mm beta_homing_retract_mm 5 # &quot; gamma_homing_retract_mm 1 # &quot; #endstop_debounce_count 100 # uncomment if you get noise on your endstops, default is 100 # optional Z probe zprobe.enable false # set to true to enable a zprobe zprobe.probe_pin 1.28!^ # pin probe is attached to if NC remove the ! zprobe.slow_feedrate 5 # mm/sec probe feed rate #zprobe.debounce_count 100 # set if noisy zprobe.fast_feedrate 100 # move feedrate mm/sec zprobe.probe_height 5 # how much above bed to start probe #gamma_min_endstop nc # normally 1.28. Change to nc to prevent conflict, # associated with zprobe the leveling strategy to use #leveling-strategy.three-point-leveling.enable true # a leveling strategy that probes three points to define a plane and keeps the Z parallel to that plane #leveling-strategy.three-point-leveling.point1 100.0,0.0 # the first probe point (x,y) optional may be defined with M557 #leveling-strategy.three-point-leveling.point2 200.0,200.0 # the second probe point (x,y) #leveling-strategy.three-point-leveling.point3 0.0,200.0 # the third probe point (x,y) #leveling-strategy.three-point-leveling.home_first true # home the XY axis before probing #leveling-strategy.three-point-leveling.tolerance 0.03 # the probe tolerance in mm, anything less that this will be ignored, default is 0.03mm #leveling-strategy.three-point-leveling.probe_offsets 0,0,0 # the probe offsets from nozzle, must be x,y,z, default is no offset #leveling-strategy.three-point-leveling.save_plane false # set to true to allow the bed plane to be saved with M500 default is false # Pause button pause_button_enable true # # Panel panel.enable false # set to true to enable the panel code panel.lcd smoothiepanel # set type of panel panel.encoder_a_pin 3.25!^ # encoder pin panel.encoder_b_pin 3.26!^ # encoder pin # Example for reprap discount GLCD # on glcd EXP1 is to left and EXP2 is to right, pin 1 is bottom left, pin 2 is top left etc. # +5v is EXP1 pin 10, Gnd is EXP1 pin 9 #panel.lcd reprap_discount_glcd # #panel.spi_channel 0 # spi channel to use ; GLCD EXP1 Pins 3,5 (MOSI, SCLK) #panel.spi_cs_pin 0.16 # spi chip select ; GLCD EXP1 Pin 4 #panel.encoder_a_pin 3.25!^ # encoder pin ; GLCD EXP2 Pin 3 #panel.encoder_b_pin 3.26!^ # encoder pin ; GLCD EXP2 Pin 5 #panel.click_button_pin 1.30!^ # click button ; GLCD EXP1 Pin 2 #panel.buzz_pin 1.31 # pin for buzzer ; GLCD EXP1 Pin 1 #panel.button_pause_pin 2.11^ # kill/pause ; GLCD EXP2 Pin 8 either #panel.back_button_pin 2.11!^ # back button ; GLCD EXP2 Pin 8 or # pins used with other panels #panel.up_button_pin 0.1! # up button if used #panel.down_button_pin 0.0! # down button if used #panel.click_button_pin 0.18! # click button if used panel.menu_offset 0 # some panels will need 1 here panel.alpha_jog_feedrate 6000 # x jogging feedrate in mm/min panel.beta_jog_feedrate 6000 # y jogging feedrate in mm/min panel.gamma_jog_feedrate 200 # z jogging feedrate in mm/min panel.hotend_temperature 185 # temp to set hotend when preheat is selected panel.bed_temperature 60 # temp to set bed when preheat is selected # Example of a custom menu entry, which will show up in the Custom entry. # NOTE _ gets converted to space in the menu and commands, | is used to separate multiple commands custom_menu.power_on.enable true # custom_menu.power_on.name Power_on # custom_menu.power_on.command M80 # custom_menu.power_off.enable true # custom_menu.power_off.name Power_off # custom_menu.power_off.command M81 # # Only needed on a smoothieboard currentcontrol_module_enable true # return_error_on_unhandled_gcode false # # network settings network.enable false # enable the ethernet network services network.webserver.enable true # enable the webserver network.telnet.enable true # enable the telnet server network.ip_address auto # use dhcp to get ip address # uncomment the 3 below to manually setup ip address #network.ip_address 192.168.3.222 # the IP address #network.ip_mask 255.255.255.0 # the ip mask #network.ip_gateway 192.168.3.1 # the gateway address #network.mac_override xx.xx.xx.xx.xx.xx # override the mac address, only do this if you have a conflict</code> </pre></div> 
				 	]]>
				</content:encoded>							</item>
				</channel>
</rss>