<?xml version="1.0" encoding="UTF-8" ?>
<rss version="2.0" xmlns:content="http://purl.org/rss/1.0/modules/content/" xmlns:wikidot="http://www.wikidot.com/rss-namespace">

	<channel>
		<title>Raster engraving with laser cutter</title>
		<link>http://smoothieware.org/forum/t-1042618/raster-engraving-with-laser-cutter</link>
		<description>Posts in the discussion thread &quot;Raster engraving with laser cutter&quot; - What is the current state of raster etching on the smoothie board</description>
				<copyright></copyright>
		<lastBuildDate>Thu, 30 Oct 2014 09:26:59 +0000</lastBuildDate>
		
					<item>
				<guid>http://smoothieware.org/forum/t-1042618#post-2142565</guid>
				<title>Re: Raster engraving with laser cutter</title>
				<link>http://smoothieware.org/forum/t-1042618/raster-engraving-with-laser-cutter#post-2142565</link>
				<description></description>
				<pubDate>Tue, 28 Oct 2014 10:07:31 +0000</pubDate>
				<wikidot:authorName>BarkEngMad</wikidot:authorName>				<wikidot:authorUserId>1982013</wikidot:authorUserId>				<content:encoded>
					<![CDATA[
						 <p>I have just ordered the last SB 3XC from robotseed. I have an old laser cutter that I am replacing the control board and motors with. I plan to blog about the whole process, then once all working, I can then can investigate rastering&#8230; :)</p> 
				 	]]>
				</content:encoded>							</item>
					<item>
				<guid>http://smoothieware.org/forum/t-1042618#post-2139875</guid>
				<title>Re: Raster engraving with laser cutter</title>
				<link>http://smoothieware.org/forum/t-1042618/raster-engraving-with-laser-cutter#post-2139875</link>
				<description></description>
				<pubDate>Sat, 25 Oct 2014 10:22:06 +0000</pubDate>
				<wikidot:authorName>Mdustan</wikidot:authorName>				<wikidot:authorUserId>1992237</wikidot:authorUserId>				<content:encoded>
					<![CDATA[
						 <p>Hi Phillip</p> <p>Good news that there are lots of us keen to push this forwards smoothie is a very capable platform.</p> <p>What laser are you using and how are you planning to control it's intensity?</p> <p>I have a 3w 9mm 445nm blue laser diode which I can control the intensity of using a flexmod p3 laser driver which receives an analogue input 0 to 5v. To me this seemed the simplest arrangement as long as I could get the DAC working on smoothie.</p> 
				 	]]>
				</content:encoded>							</item>
					<item>
				<guid>http://smoothieware.org/forum/t-1042618#post-2139738</guid>
				<title>Re: Raster engraving with laser cutter</title>
				<link>http://smoothieware.org/forum/t-1042618/raster-engraving-with-laser-cutter#post-2139738</link>
				<description></description>
				<pubDate>Sat, 25 Oct 2014 02:57:30 +0000</pubDate>
				<wikidot:authorName>Phillip Aaron</wikidot:authorName>				<wikidot:authorUserId>2002033</wikidot:authorUserId>				<content:encoded>
					<![CDATA[
						 <p>I'd like to help out where able. I'm working on a laser engraver and I'm very interested in using the smoothie board (just found it yesterday). I've already wrote a program that will convert images to Gcode like the picengrave software, however, have yet been able to test it. I do intend to release it as Open Source and will check later for Mono compatibility so it will also run on Mac/Linux. I'm building the circuit to control the laser intensity via GCode tonight. If that goes well then I can begin real world testing. I'm anxious to get my smoothie board and start playing with things. Anyone feel free to email me at <span class="wiki-email">moc.noraapillihp|lihp#moc.noraapillihp|lihp</span> if you want to collaborate. I'll also be in touch w/ arthurwolf.</p> 
				 	]]>
				</content:encoded>							</item>
					<item>
				<guid>http://smoothieware.org/forum/t-1042618#post-2139502</guid>
				<title>Re: Raster engraving with laser cutter</title>
				<link>http://smoothieware.org/forum/t-1042618/raster-engraving-with-laser-cutter#post-2139502</link>
				<description></description>
				<pubDate>Fri, 24 Oct 2014 17:16:11 +0000</pubDate>
				<wikidot:authorName>Mdustan</wikidot:authorName>				<wikidot:authorUserId>1992237</wikidot:authorUserId>				<content:encoded>
					<![CDATA[
						 <p>Hi Arthur</p> <p>Yes logxen kindly added the code after a discussion we had however I have not been able to get the Code to work.</p> <p>I am running an azteeg x5 which luckily has the Analogue out broken out onto the header so I don't have to mess around with ripping up the resistor network if I had gone the smoothie board route.</p> <p>The code initialises the pin ok.</p> <p>The pin is pulled up to 2.3v as default according to the lpc1769 documentation. Which I have confirmed with a DVM. When I configure laser module to true the analogue out outputs 0v. So the correct pin is being initialised.</p> <p>But G1 X10 S0.5 has no effect on the DAC out. It is always 0v.</p> <p>Unfortunately my C++ knowledge is slim to none so I haven't made much progress in figuring out what in the code might need tweaking.</p> 
				 	]]>
				</content:encoded>							</item>
					<item>
				<guid>http://smoothieware.org/forum/t-1042618#post-2139447</guid>
				<title>Re: Raster engraving with laser cutter</title>
				<link>http://smoothieware.org/forum/t-1042618/raster-engraving-with-laser-cutter#post-2139447</link>
				<description></description>
				<pubDate>Fri, 24 Oct 2014 15:46:13 +0000</pubDate>
				<wikidot:authorName>arthurwolf</wikidot:authorName>				<wikidot:authorUserId>471107</wikidot:authorUserId>				<content:encoded>
					<![CDATA[
						 <p>Hey !</p> <p>Thanks for the link to picengrave, I did not know about it and it shows some pretty impressive results for g-code based engraving.</p> <p>DAC output for lasers was recently added to smoothie, have you looked at that ?</p> <p>Cheers.</p> 
				 	]]>
				</content:encoded>							</item>
					<item>
				<guid>http://smoothieware.org/forum/t-1042618#post-2139119</guid>
				<title>Re: Raster engraving with laser cutter</title>
				<link>http://smoothieware.org/forum/t-1042618/raster-engraving-with-laser-cutter#post-2139119</link>
				<description></description>
				<pubDate>Fri, 24 Oct 2014 07:35:22 +0000</pubDate>
				<wikidot:authorName>Mdustan</wikidot:authorName>				<wikidot:authorUserId>1992237</wikidot:authorUserId>				<content:encoded>
					<![CDATA[
						 <p>Hi</p> <p>I am interested in getting the DAC out working to achieve analogue laser modulation for this very reason (currently I believe there is a bug in the code but I am not up to speed on C++ to find it). Pic Engrave software will generate very nice G Code not sure if it is strictly raster but very good results are achieved.</p> <p>Check out their website there is a nice article on analogue modulation and laser engraving on hobbyist machines.</p> <p>Cheers</p> 
				 	]]>
				</content:encoded>							</item>
					<item>
				<guid>http://smoothieware.org/forum/t-1042618#post-2137014</guid>
				<title>Re: Raster engraving with laser cutter</title>
				<link>http://smoothieware.org/forum/t-1042618/raster-engraving-with-laser-cutter#post-2137014</link>
				<description></description>
				<pubDate>Wed, 22 Oct 2014 07:05:19 +0000</pubDate>
				<wikidot:authorName>arthurwolf</wikidot:authorName>				<wikidot:authorUserId>471107</wikidot:authorUserId>				<content:encoded>
					<![CDATA[
						 <p>Hey.</p> <p>You can email me at <span class="wiki-email">moc.liamg|ruhtra.flow#moc.liamg|ruhtra.flow</span> and we can talk more about the specifics of implementing laser engraving.<br /> I can also help with the process ( I'll soon be coding something similar ).</p> <p>Cheers.</p> 
				 	]]>
				</content:encoded>							</item>
					<item>
				<guid>http://smoothieware.org/forum/t-1042618#post-2136750</guid>
				<title>Re: Raster engraving with laser cutter</title>
				<link>http://smoothieware.org/forum/t-1042618/raster-engraving-with-laser-cutter#post-2136750</link>
				<description></description>
				<pubDate>Tue, 21 Oct 2014 22:41:02 +0000</pubDate>
				<wikidot:authorName>BarkEngMad</wikidot:authorName>				<wikidot:authorUserId>1982013</wikidot:authorUserId>				<content:encoded>
					<![CDATA[
						 <p>Thanks guys.</p> <p>I will take a look at both sets of codes to get my head around what is involved.</p> <p>It might be in a month or so, before I can dive in head first with this, as I am close to launching my own Kickstarter campaign.</p> <p>Cheers, Morgan.</p> 
				 	]]>
				</content:encoded>							</item>
					<item>
				<guid>http://smoothieware.org/forum/t-1042618#post-2136258</guid>
				<title>Re: Raster engraving with laser cutter</title>
				<link>http://smoothieware.org/forum/t-1042618/raster-engraving-with-laser-cutter#post-2136258</link>
				<description></description>
				<pubDate>Tue, 21 Oct 2014 11:34:26 +0000</pubDate>
				<wikidot:authorName>arthurwolf</wikidot:authorName>				<wikidot:authorUserId>471107</wikidot:authorUserId>				<content:encoded>
					<![CDATA[
						 <p>Hi there Morgan !</p> <p>There is no raster support in Smoothie right now.</p> <p>A while back Logxen coded support for it in a separate branch : <a href="https://github.com/logxen/Smoothie/tree/laser_engrave">https://github.com/logxen/Smoothie/tree/laser_engrave</a><br /> It did give some promising results. However, that branch is too old now and wouldn't work with the modern Smoothie ( and it was missing things ).</p> <p>I intend to start coding laser engraving, starting a few months from now.</p> <p>If you want to implement this, there is a clear path to doing it, with an order of things to implement etc &#8230;<br /> If you want to get into that, don't hesitate to contact me at <span class="wiki-email">moc.liamg|ruhtra.flow#moc.liamg|ruhtra.flow</span></p> <p>Also, about two weeks from now, we'll start a contest for Smoothie.<br /> We'll be taking in propositions for contributions as contest entries, then choose 30 contributions, and give each a 5XC Smoothieboard !<br /> Implementing laser engraving is actually in the list of contribution ideas we'll be listing for that contest :)<br /> Contact me if you want to be entering the contest early.</p> <p>Cheers !</p> 
				 	]]>
				</content:encoded>							</item>
					<item>
				<guid>http://smoothieware.org/forum/t-1042618#post-2136210</guid>
				<title>Re: Raster engraving with laser cutter</title>
				<link>http://smoothieware.org/forum/t-1042618/raster-engraving-with-laser-cutter#post-2136210</link>
				<description></description>
				<pubDate>Tue, 21 Oct 2014 09:40:37 +0000</pubDate>
				<wikidot:authorName>dandumit</wikidot:authorName>				<wikidot:authorUserId>1201850</wikidot:authorUserId>				<content:encoded>
					<![CDATA[
						 <p>Well , you have to think about SmoothieBoard like a Gcode interpeter and executer. You have to generate somehow desired G-Code.<br /> MAy be helpfull to have a look on instructables and search for Shapeoko-2-Arduino-UNO-R3-grbl-9g-8bit-Raster-Phot<br /> (I'm not allowed to publish web links &#8230; :(( )</p> <p>BR,<br /> Daniel</p> 
				 	]]>
				</content:encoded>							</item>
					<item>
				<guid>http://smoothieware.org/forum/t-1042618#post-2136189</guid>
				<title>Raster engraving with laser cutter</title>
				<link>http://smoothieware.org/forum/t-1042618/raster-engraving-with-laser-cutter#post-2136189</link>
				<description></description>
				<pubDate>Tue, 21 Oct 2014 09:00:57 +0000</pubDate>
				<wikidot:authorName>BarkEngMad</wikidot:authorName>				<wikidot:authorUserId>1982013</wikidot:authorUserId>				<content:encoded>
					<![CDATA[
						 <p>I have not been able to find any information on the progress of the ability of raster engraving using the smoothieboard. I have spoke to other laser cutter operators and they can't consider smoothie board as it does not offer raster etching, so they keep to their proprietary control boards, OS and software :(</p> <p>I would like to know where the community is at with this functionality. Is there a work around, using other open source software to create suitable g-codes, compatiable with smoothieboard.</p> <p>If not, then what are the best next steps I can take, to enable this functionality? I will be ordering a 4XC as soon as they are available, I can code a little and have an appitite to develop my skills.</p> <p>Cheers, Morgan</p> 
				 	]]>
				</content:encoded>							</item>
				</channel>
</rss>