<?xml version="1.0" encoding="UTF-8" ?>
<rss version="2.0" xmlns:content="http://purl.org/rss/1.0/modules/content/" xmlns:wikidot="http://www.wikidot.com/rss-namespace">

	<channel>
		<title>Question about PWM pins.</title>
		<link>http://smoothieware.org/forum/t-1010583/question-about-pwm-pins</link>
		<description>Posts in the discussion thread &quot;Question about PWM pins.&quot;</description>
				<copyright></copyright>
		<lastBuildDate>Thu, 30 Oct 2014 09:29:21 +0000</lastBuildDate>
		
					<item>
				<guid>http://smoothieware.org/forum/t-1010583#post-2104607</guid>
				<title>Re: Question about PWM pins.</title>
				<link>http://smoothieware.org/forum/t-1010583/question-about-pwm-pins#post-2104607</link>
				<description></description>
				<pubDate>Sun, 07 Sep 2014 20:45:16 +0000</pubDate>
				<wikidot:authorName>761834</wikidot:authorName>				<wikidot:authorUserId>1931385</wikidot:authorUserId>				<content:encoded>
					<![CDATA[
						 <p>Figured it out. For future reference, the answers are yes, and 3.3v.</p> 
				 	]]>
				</content:encoded>							</item>
					<item>
				<guid>http://smoothieware.org/forum/t-1010583#post-2100673</guid>
				<title>Question about PWM pins.</title>
				<link>http://smoothieware.org/forum/t-1010583/question-about-pwm-pins#post-2100673</link>
				<description></description>
				<pubDate>Mon, 01 Sep 2014 06:43:54 +0000</pubDate>
				<wikidot:authorName>761834</wikidot:authorName>				<wikidot:authorUserId>1931385</wikidot:authorUserId>				<content:encoded>
					<![CDATA[
						 <p>Which MOSFET pins support PWM? On the documentation pictures it only mentions PWM for pin 2.4 and 2.5 while under the Switch module in the documentation it suggests PWM for pin 2.7.</p> <p>Similarly can I use 1.18 to 1.21 (led1-led4) for PWM after I set #leds_disable = true in the firmware? If so what voltage do the pins give at 255? 3.3v or 5v?</p> 
				 	]]>
				</content:encoded>							</item>
				</channel>
</rss>