<?xml version="1.0" encoding="UTF-8" ?>
<rss version="2.0" xmlns:content="http://purl.org/rss/1.0/modules/content/" xmlns:wikidot="http://www.wikidot.com/rss-namespace">

	<channel>
		<title>Controlling an auto focus on a laser cutter</title>
		<link>http://smoothieware.org/forum/t-1029152/controlling-an-auto-focus-on-a-laser-cutter</link>
		<description>Posts in the discussion thread &quot;Controlling an auto focus on a laser cutter&quot; - Using the smoothieboard to control the auto focus on a laser cutter, via the z axiz.</description>
				<copyright></copyright>
		<lastBuildDate>Thu, 30 Oct 2014 09:27:09 +0000</lastBuildDate>
		
					<item>
				<guid>http://smoothieware.org/forum/t-1029152#post-2139743</guid>
				<title>Re: Controlling an auto focus on a laser cutter</title>
				<link>http://smoothieware.org/forum/t-1029152/controlling-an-auto-focus-on-a-laser-cutter#post-2139743</link>
				<description></description>
				<pubDate>Sat, 25 Oct 2014 03:11:58 +0000</pubDate>
				<wikidot:authorName>Phillip Aaron</wikidot:authorName>				<wikidot:authorUserId>2002033</wikidot:authorUserId>				<content:encoded>
					<![CDATA[
						 <p>What kind of Laser? Do you have a link to the machine? I'm very interested. I've built a laser engraver/cutter and considering the smoothie to run my machine also.</p> 
				 	]]>
				</content:encoded>							</item>
					<item>
				<guid>http://smoothieware.org/forum/t-1029152#post-2136746</guid>
				<title>Re: Controlling an auto focus on a laser cutter</title>
				<link>http://smoothieware.org/forum/t-1029152/controlling-an-auto-focus-on-a-laser-cutter#post-2136746</link>
				<description></description>
				<pubDate>Tue, 21 Oct 2014 22:30:07 +0000</pubDate>
				<wikidot:authorName>BarkEngMad</wikidot:authorName>				<wikidot:authorUserId>1982013</wikidot:authorUserId>				<content:encoded>
					<![CDATA[
						 <p>That sounds like a plan. I will let you know when I am ready and I will be sure to ask your help!</p> 
				 	]]>
				</content:encoded>							</item>
					<item>
				<guid>http://smoothieware.org/forum/t-1029152#post-2136291</guid>
				<title>Re: Controlling an auto focus on a laser cutter</title>
				<link>http://smoothieware.org/forum/t-1029152/controlling-an-auto-focus-on-a-laser-cutter#post-2136291</link>
				<description></description>
				<pubDate>Tue, 21 Oct 2014 12:21:51 +0000</pubDate>
				<wikidot:authorName>arthurwolf</wikidot:authorName>				<wikidot:authorUserId>471107</wikidot:authorUserId>				<content:encoded>
					<![CDATA[
						 <p>Hi !</p> <p>You can wire the smoothieboard and the leetro board in parralel, and use a switch to select which one is active.<br /> I&nbsp;can help you setting that up, and it should make the transition very easy.</p> <p>Cheers</p> 
				 	]]>
				</content:encoded>							</item>
					<item>
				<guid>http://smoothieware.org/forum/t-1029152#post-2136288</guid>
				<title>Re: Controlling an auto focus on a laser cutter</title>
				<link>http://smoothieware.org/forum/t-1029152/controlling-an-auto-focus-on-a-laser-cutter#post-2136288</link>
				<description></description>
				<pubDate>Tue, 21 Oct 2014 12:19:26 +0000</pubDate>
				<wikidot:authorName>arthurwolf</wikidot:authorName>				<wikidot:authorUserId>471107</wikidot:authorUserId>				<content:encoded>
					<![CDATA[
						 <p>Hi !</p> <p>You can wire the smoothieboard and the leetro board in parralel, and use a switch to select which one is active.<br /> I&nbsp;can help you setting that up, and it should make the transition very easy.</p> <p>Cheers</p> 
				 	]]>
				</content:encoded>							</item>
					<item>
				<guid>http://smoothieware.org/forum/t-1029152#post-2136182</guid>
				<title>Re: Controlling an auto focus on a laser cutter</title>
				<link>http://smoothieware.org/forum/t-1029152/controlling-an-auto-focus-on-a-laser-cutter#post-2136182</link>
				<description></description>
				<pubDate>Tue, 21 Oct 2014 08:41:22 +0000</pubDate>
				<wikidot:authorName>BarkEngMad</wikidot:authorName>				<wikidot:authorUserId>1982013</wikidot:authorUserId>				<content:encoded>
					<![CDATA[
						 <p>I have not been able to find any more information about the auto focus. My plan is now to get the machine with the Leetro control board and then replace it with a smoothieboard, bit by bit. When I have the autofocus in frount of me I will be able to work out how it actually works and how best to interface it with the smoothieboard.</p> 
				 	]]>
				</content:encoded>							</item>
					<item>
				<guid>http://smoothieware.org/forum/t-1029152#post-2116812</guid>
				<title>Re: Controlling an auto focus on a laser cutter</title>
				<link>http://smoothieware.org/forum/t-1029152/controlling-an-auto-focus-on-a-laser-cutter#post-2116812</link>
				<description></description>
				<pubDate>Tue, 23 Sep 2014 21:12:50 +0000</pubDate>
				<wikidot:authorName>BarkEngMad</wikidot:authorName>				<wikidot:authorUserId>1982013</wikidot:authorUserId>				<content:encoded>
					<![CDATA[
						 <p>I don't know about that yet.<br /> The smoothie board is to replace a Leetro board.<br /> I will see if I can find out which one and get a manual.</p> 
				 	]]>
				</content:encoded>							</item>
					<item>
				<guid>http://smoothieware.org/forum/t-1029152#post-2116800</guid>
				<title>Re: Controlling an auto focus on a laser cutter</title>
				<link>http://smoothieware.org/forum/t-1029152/controlling-an-auto-focus-on-a-laser-cutter#post-2116800</link>
				<description></description>
				<pubDate>Tue, 23 Sep 2014 20:40:09 +0000</pubDate>
				<wikidot:authorName>arthurwolf</wikidot:authorName>				<wikidot:authorUserId>471107</wikidot:authorUserId>				<content:encoded>
					<![CDATA[
						 <p>Hey.</p> <p>Can you tell us more about how that autofocus works and any information you may have about it ?</p> <p>Cheers.</p> 
				 	]]>
				</content:encoded>							</item>
					<item>
				<guid>http://smoothieware.org/forum/t-1029152#post-2116685</guid>
				<title>Re: Controlling an auto focus on a laser cutter</title>
				<link>http://smoothieware.org/forum/t-1029152/controlling-an-auto-focus-on-a-laser-cutter#post-2116685</link>
				<description></description>
				<pubDate>Tue, 23 Sep 2014 17:47:11 +0000</pubDate>
				<wikidot:authorName>761834</wikidot:authorName>				<wikidot:authorUserId>1931385</wikidot:authorUserId>				<content:encoded>
					<![CDATA[
						 <p>What kind of signal is required for the laser autofocus?</p> 
				 	]]>
				</content:encoded>							</item>
					<item>
				<guid>http://smoothieware.org/forum/t-1029152#post-2116414</guid>
				<title>Controlling an auto focus on a laser cutter</title>
				<link>http://smoothieware.org/forum/t-1029152/controlling-an-auto-focus-on-a-laser-cutter#post-2116414</link>
				<description></description>
				<pubDate>Tue, 23 Sep 2014 09:56:32 +0000</pubDate>
				<wikidot:authorName>BarkEngMad</wikidot:authorName>				<wikidot:authorUserId>1982013</wikidot:authorUserId>				<content:encoded>
					<![CDATA[
						 <p>I am looking to buy a laser cutter from china, but I need to control it via linux, so will be replacing the control board with the smoothieboard. One of the projects I will be focusing on is laser etched skateboards, so with the kicks of the deck I need to be able to auto focus. The model I will be buying has autofocus, but I am unsure how this will work with the smoothieboard.</p> <p>Has anyone had any experience of using auto focus with the smoothieboard?</p> 
				 	]]>
				</content:encoded>							</item>
				</channel>
</rss>