<?xml version="1.0" encoding="UTF-8" ?>
<rss version="2.0" xmlns:content="http://purl.org/rss/1.0/modules/content/" xmlns:wikidot="http://www.wikidot.com/rss-namespace">

	<channel>
		<title>M303 is always only 4 cycles?</title>
		<link>http://smoothieware.org/forum/t-1019123/m303-is-always-only-4-cycles</link>
		<description>Posts in the discussion thread &quot;M303 is always only 4 cycles?&quot;</description>
				<copyright></copyright>
		<lastBuildDate>Thu, 30 Oct 2014 09:27:50 +0000</lastBuildDate>
		
					<item>
				<guid>http://smoothieware.org/forum/t-1019123#post-2108848</guid>
				<title>Re: M303 is always only 4 cycles?</title>
				<link>http://smoothieware.org/forum/t-1019123/m303-is-always-only-4-cycles#post-2108848</link>
				<description></description>
				<pubDate>Sat, 13 Sep 2014 07:25:18 +0000</pubDate>
				<wikidot:authorName>wolfmanjm</wikidot:authorName>				<wikidot:authorUserId>1543179</wikidot:authorUserId>				<content:encoded>
					<![CDATA[
						 <p>This is not a bug at all this is how it now works, the cycle count is irrelevant now or sets the maximum cycles.</p> 
				 	]]>
				</content:encoded>							</item>
					<item>
				<guid>http://smoothieware.org/forum/t-1019123#post-2108456</guid>
				<title>M303 is always only 4 cycles?</title>
				<link>http://smoothieware.org/forum/t-1019123/m303-is-always-only-4-cycles#post-2108456</link>
				<description></description>
				<pubDate>Fri, 12 Sep 2014 17:27:35 +0000</pubDate>
				<wikidot:authorName>761834</wikidot:authorName>				<wikidot:authorUserId>1931385</wikidot:authorUserId>				<content:encoded>
					<![CDATA[
						 <p>Is this a (known) bug or am I missing something? Whenever I run an M303 it is always done after the 4th cycle. Even if I set the # of cycles to something bigger than 4 with the C command (e.g. M303 E0 S190 C10).</p> 
				 	]]>
				</content:encoded>							</item>
				</channel>
</rss>