<?xml version="1.0" encoding="UTF-8" ?>
<rss version="2.0" xmlns:content="http://purl.org/rss/1.0/modules/content/" xmlns:wikidot="http://www.wikidot.com/rss-namespace">

	<channel>
		<title>Probe offsets relative to nozzle or origin?</title>
		<link>http://smoothieware.org/forum/t-1015707/probe-offsets-relative-to-nozzle-or-origin</link>
		<description>Posts in the discussion thread &quot;Probe offsets relative to nozzle or origin?&quot;</description>
				<copyright></copyright>
		<lastBuildDate>Thu, 30 Oct 2014 09:27:51 +0000</lastBuildDate>
		
					<item>
				<guid>http://smoothieware.org/forum/t-1015707#post-2107979</guid>
				<title>Re: Probe offsets relative to nozzle or origin?</title>
				<link>http://smoothieware.org/forum/t-1015707/probe-offsets-relative-to-nozzle-or-origin#post-2107979</link>
				<description></description>
				<pubDate>Thu, 11 Sep 2014 23:08:00 +0000</pubDate>
				<wikidot:authorName>wolfmanjm</wikidot:authorName>				<wikidot:authorUserId>1543179</wikidot:authorUserId>				<content:encoded>
					<![CDATA[
						 <p>relative to the nozzle that is at 0,0</p> 
				 	]]>
				</content:encoded>							</item>
					<item>
				<guid>http://smoothieware.org/forum/t-1015707#post-2104614</guid>
				<title>Probe offsets relative to nozzle or origin?</title>
				<link>http://smoothieware.org/forum/t-1015707/probe-offsets-relative-to-nozzle-or-origin#post-2104614</link>
				<description></description>
				<pubDate>Sun, 07 Sep 2014 20:57:55 +0000</pubDate>
				<wikidot:authorName>761834</wikidot:authorName>				<wikidot:authorUserId>1931385</wikidot:authorUserId>				<content:encoded>
					<![CDATA[
						 <p>The probe offsets are stated to be the distance from the nozzle. However when only running a single extruder, nozzle = origin. So when switching to two hotends, do the probe offsets become relative to origin or are they still relative to the nozzle (of hotend 1?) ?</p> 
				 	]]>
				</content:encoded>							</item>
				</channel>
</rss>