<?xml version="1.0" encoding="UTF-8" ?>
<rss version="2.0" xmlns:content="http://purl.org/rss/1.0/modules/content/" xmlns:wikidot="http://www.wikidot.com/rss-namespace">

	<channel>
		<title>Connecting RepRapDiacount Panel</title>
		<link>http://smoothieware.org/forum/t-1017175/connecting-reprapdiacount-panel</link>
		<description>Posts in the discussion thread &quot;Connecting RepRapDiacount Panel&quot; - Need help!</description>
				<copyright></copyright>
		<lastBuildDate>Thu, 30 Oct 2014 09:29:03 +0000</lastBuildDate>
		
					<item>
				<guid>http://smoothieware.org/forum/t-1017175#post-2107560</guid>
				<title>Re: Connecting RepRapDiscount Panel</title>
				<link>http://smoothieware.org/forum/t-1017175/connecting-reprapdiacount-panel#post-2107560</link>
				<description></description>
				<pubDate>Thu, 11 Sep 2014 13:27:37 +0000</pubDate>
				<wikidot:authorName>cdndave</wikidot:authorName>				<wikidot:authorUserId>1935809</wikidot:authorUserId>				<content:encoded>
					<![CDATA[
						 <p>Hello all.</p> <p>User error! 2 in fact!</p> <p>1. Flash of newest firmware failed<br /> 2. I had pasted the &quot;required&quot; settings near the top of the config file - the end of the config file set the panel to false :)</p> <p>All is working, a little flaky, but at least I can get my laptop out of the garage.</p> <p>A little info - I purchased the cheapest RepRapDiscount Panel I could find of of eBay, and besides my own human factor, it worked flawlessly.</p> <p>Dave</p> 
				 	]]>
				</content:encoded>							</item>
					<item>
				<guid>http://smoothieware.org/forum/t-1017175#post-2106797</guid>
				<title>Connecting RepRapDiscount Panel</title>
				<link>http://smoothieware.org/forum/t-1017175/connecting-reprapdiacount-panel#post-2106797</link>
				<description></description>
				<pubDate>Wed, 10 Sep 2014 13:27:59 +0000</pubDate>
				<wikidot:authorName>cdndave</wikidot:authorName>				<wikidot:authorUserId>1935809</wikidot:authorUserId>				<content:encoded>
					<![CDATA[
						 <p>Well, what I thought would be an easy task to add the RepRapDiscount Panel is kicking my butt&#8230;</p> <p>I have made the required changes to my config file, hooked everything up according to the instruction and all I get is a brightly lit LCD panel.</p> <p>Does the RepRapDiscount need to be flashed with a firmware of some kind? Does someone have a nice step by step they would be willing to share?</p> <p>Thanks</p> <p>Dave</p> 
				 	]]>
				</content:encoded>							</item>
				</channel>
</rss>