<?xml version="1.0" encoding="UTF-8" ?>
<rss version="2.0" xmlns:content="http://purl.org/rss/1.0/modules/content/" xmlns:wikidot="http://www.wikidot.com/rss-namespace">

	<channel>
		<title>Sell me a 5x smoothieboard  ASAP?</title>
		<link>http://smoothieware.org/forum/t-1044802/sell-me-a-5x-smoothieboard-asap</link>
		<description>Posts in the discussion thread &quot;Sell me a 5x smoothieboard  ASAP?&quot;</description>
				<copyright></copyright>
		<lastBuildDate>Thu, 30 Oct 2014 09:27:06 +0000</lastBuildDate>
		
					<item>
				<guid>http://smoothieware.org/forum/t-1044802#post-2141636</guid>
				<title>Sell me a 5x smoothieboard  ASAP?</title>
				<link>http://smoothieware.org/forum/t-1044802/sell-me-a-5x-smoothieboard-asap#post-2141636</link>
				<description></description>
				<pubDate>Mon, 27 Oct 2014 01:50:15 +0000</pubDate>
				<wikidot:authorName>Andrew McCalip</wikidot:authorName>				<wikidot:authorUserId>2002872</wikidot:authorUserId>				<content:encoded>
					<![CDATA[
						 <p>Does anyone have a 5x smoothieboard that I could purchase asap? It needs to be unassembled. Paypal is standing by. I understand that a new batch is on the way from china but I really need to get it this week.</p> <p>Thanks,<br /> Andrew</p> 
				 	]]>
				</content:encoded>							</item>
				</channel>
</rss>