<?xml version="1.0" encoding="UTF-8" ?>
<rss version="2.0" xmlns:content="http://purl.org/rss/1.0/modules/content/" xmlns:wikidot="http://www.wikidot.com/rss-namespace">

	<channel>
		<title>Voltage regulator</title>
		<link>http://smoothieware.org/forum/t-1010664/voltage-regulator</link>
		<description>Posts in the discussion thread &quot;Voltage regulator&quot;</description>
				<copyright></copyright>
		<lastBuildDate>Thu, 30 Oct 2014 09:29:22 +0000</lastBuildDate>
		
					<item>
				<guid>http://smoothieware.org/forum/t-1010664#post-2104500</guid>
				<title>Re: Voltage regulator</title>
				<link>http://smoothieware.org/forum/t-1010664/voltage-regulator#post-2104500</link>
				<description></description>
				<pubDate>Sun, 07 Sep 2014 18:16:46 +0000</pubDate>
				<wikidot:authorName>761834</wikidot:authorName>				<wikidot:authorUserId>1931385</wikidot:authorUserId>				<content:encoded>
					<![CDATA[
						 <p>Thank you that makes sense. The 7805 will indeed have thermal issues at 24v because of its inefficiency. At 12v the 7805 will suffice.</p> 
				 	]]>
				</content:encoded>							</item>
					<item>
				<guid>http://smoothieware.org/forum/t-1010664#post-2103083</guid>
				<title>Re: Voltage regulator</title>
				<link>http://smoothieware.org/forum/t-1010664/voltage-regulator#post-2103083</link>
				<description></description>
				<pubDate>Fri, 05 Sep 2014 10:02:29 +0000</pubDate>
				<wikidot:authorName>arthurwolf</wikidot:authorName>				<wikidot:authorUserId>471107</wikidot:authorUserId>				<content:encoded>
					<![CDATA[
						 <p>I think you can try it if you are sure about what you are doing, but we only support adding the R-78E5.0-0.5. I'm not the more knowledgeable about it but I think it will handle 24v input better.</p> 
				 	]]>
				</content:encoded>							</item>
					<item>
				<guid>http://smoothieware.org/forum/t-1010664#post-2100696</guid>
				<title>Voltage regulator</title>
				<link>http://smoothieware.org/forum/t-1010664/voltage-regulator#post-2100696</link>
				<description></description>
				<pubDate>Mon, 01 Sep 2014 07:49:54 +0000</pubDate>
				<wikidot:authorName>761834</wikidot:authorName>				<wikidot:authorUserId>1931385</wikidot:authorUserId>				<content:encoded>
					<![CDATA[
						 <p>What is the reason that the R-78E5.0-0.5 is sold with the Smoothieboard instead of a LM7805? They are pin compatible and I don't see any big differences comparing the datasheets, so I should be able to just use a LM7805, correct?</p> 
				 	]]>
				</content:encoded>							</item>
				</channel>
</rss>