<?xml version="1.0" encoding="UTF-8" ?>
<rss version="2.0" xmlns:content="http://purl.org/rss/1.0/modules/content/" xmlns:wikidot="http://www.wikidot.com/rss-namespace">

	<channel>
		<title>Compiling SD bootloader</title>
		<link>http://smoothieware.org/forum/t-1039556/compiling-sd-bootloader</link>
		<description>Posts in the discussion thread &quot;Compiling SD bootloader&quot; - Need help compiling SD bootlader</description>
				<copyright></copyright>
		<lastBuildDate>Thu, 30 Oct 2014 09:27:07 +0000</lastBuildDate>
		
					<item>
				<guid>http://smoothieware.org/forum/t-1039556#post-2140597</guid>
				<title>Re: Compiling SD bootloader</title>
				<link>http://smoothieware.org/forum/t-1039556/compiling-sd-bootloader#post-2140597</link>
				<description></description>
				<pubDate>Sun, 26 Oct 2014 02:35:00 +0000</pubDate>
				<wikidot:authorName>wolfmanjm</wikidot:authorName>				<wikidot:authorUserId>1543179</wikidot:authorUserId>				<content:encoded>
					<![CDATA[
						 <p>The bootloader can take very little extra code as it is already preyy much near the maximum size it can be. So I suggest you find an alternative way to do what you want, ot find a way to reduce the size of the bootloader, or make the bootloader use more flash and change the start address of smoothie.</p> 
				 	]]>
				</content:encoded>							</item>
					<item>
				<guid>http://smoothieware.org/forum/t-1039556#post-2131722</guid>
				<title>Compiling SD bootloader</title>
				<link>http://smoothieware.org/forum/t-1039556/compiling-sd-bootloader#post-2131722</link>
				<description></description>
				<pubDate>Tue, 14 Oct 2014 21:31:20 +0000</pubDate>
				<wikidot:authorName>Jittu Singh</wikidot:authorName>				<wikidot:authorUserId>1952835</wikidot:authorUserId>				<content:encoded>
					<![CDATA[
						 <p>I have added a relay to p2_11 which turns on with logic zero to optocoupler input.</p> <p>I added this line to main.c in bootlader</p> <p>GPIO_init(P2_11); GPIO_output(P2_11); GPIO_write(P2_11, 1);</p> <p>to turn off the relay when bootloader starts and not turn on relay accidentally if smoothie fails to start</p> <p>but i dont have any experience in compiling the modified code</p> <p>need help</p> 
				 	]]>
				</content:encoded>							</item>
				</channel>
</rss>