<?xml version="1.0" encoding="UTF-8" ?>
<rss version="2.0" xmlns:content="http://purl.org/rss/1.0/modules/content/" xmlns:wikidot="http://www.wikidot.com/rss-namespace">

	<channel>
		<title>PID for hotend</title>
		<link>http://smoothieware.org/forum/t-1044604/pid-for-hotend</link>
		<description>Posts in the discussion thread &quot;PID for hotend&quot; - Big and unpredictable swings in temperature</description>
				<copyright></copyright>
		<lastBuildDate>Thu, 30 Oct 2014 09:27:05 +0000</lastBuildDate>
		
					<item>
				<guid>http://smoothieware.org/forum/t-1044604#post-2141697</guid>
				<title>Re: PID for hotend</title>
				<link>http://smoothieware.org/forum/t-1044604/pid-for-hotend#post-2141697</link>
				<description></description>
				<pubDate>Mon, 27 Oct 2014 04:03:49 +0000</pubDate>
				<wikidot:authorName>wolfmanjm</wikidot:authorName>				<wikidot:authorUserId>1543179</wikidot:authorUserId>				<content:encoded>
					<![CDATA[
						 <p>try reducing the max_pwm especially if it is a 24v cartridge heater</p> 
				 	]]>
				</content:encoded>							</item>
					<item>
				<guid>http://smoothieware.org/forum/t-1044604#post-2140867</guid>
				<title>PID for hotend</title>
				<link>http://smoothieware.org/forum/t-1044604/pid-for-hotend#post-2140867</link>
				<description></description>
				<pubDate>Sun, 26 Oct 2014 08:24:51 +0000</pubDate>
				<wikidot:authorName>vnem</wikidot:authorName>				<wikidot:authorUserId>2002517</wikidot:authorUserId>				<content:encoded>
					<![CDATA[
						 <p>Hello,<br /> I'm using an E3D v6 hotend. I followed the procedure for calibrating the PID from the wiki (several times). The temperature I'm aiming for is 240C (I'm printing ABS). My current values, as given by the last PID autocalibration procedure are:</p> <p>temperature_control.hotend.p_factor 43.3<br /> temperature_control.hotend.i_factor 3.429<br /> temperature_control.hotend.d_factor 137</p> <p>The problem is I'm getting these large swings in temperature, no matter how many times I tried to auto-calibrate the PID.<br /> <span style="text-decoration: line-through;">- Can't post links</span>-</p> <p>Any idea what might be the cause/how can I fix this?</p> 
				 	]]>
				</content:encoded>							</item>
				</channel>
</rss>