<?xml version="1.0" encoding="UTF-8" ?>
<rss version="2.0" xmlns:content="http://purl.org/rss/1.0/modules/content/" xmlns:wikidot="http://www.wikidot.com/rss-namespace">

	<channel>
		<title>Z probe with FSR</title>
		<link>http://smoothieware.org/forum/t-1034591/z-probe-with-fsr</link>
		<description>Posts in the discussion thread &quot;Z probe with FSR&quot;</description>
				<copyright></copyright>
		<lastBuildDate>Thu, 30 Oct 2014 09:27:24 +0000</lastBuildDate>
		
					<item>
				<guid>http://smoothieware.org/forum/t-1034591#post-2126300</guid>
				<title>Re: Z probe with FSR</title>
				<link>http://smoothieware.org/forum/t-1034591/z-probe-with-fsr#post-2126300</link>
				<description></description>
				<pubDate>Tue, 07 Oct 2014 13:00:45 +0000</pubDate>
				<wikidot:authorName>mitchdes</wikidot:authorName>				<wikidot:authorUserId>1992259</wikidot:authorUserId>				<content:encoded>
					<![CDATA[
						 <p>Have a look over at the delta printer google group. There's lots of information about using FSR for calibration.</p> <p>Some people seem to be using an ATtiny85 to process the analog signal from the FSR and then output a digital signal to the Z-Probe connection. The ATtiny also runs software which works to calibrate the FSR at startup so as to avoid false readings.</p> <p>Hope this is of some help.</p> 
				 	]]>
				</content:encoded>							</item>
					<item>
				<guid>http://smoothieware.org/forum/t-1034591#post-2122972</guid>
				<title>Z probe with FSR</title>
				<link>http://smoothieware.org/forum/t-1034591/z-probe-with-fsr#post-2122972</link>
				<description></description>
				<pubDate>Thu, 02 Oct 2014 09:50:54 +0000</pubDate>
				<wikidot:authorName>nevarore</wikidot:authorName>				<wikidot:authorUserId>1907178</wikidot:authorUserId>				<content:encoded>
					<![CDATA[
						 <p>Hello,</p> <p>I tried to implement a Z Probe with FSR. But FSRs have analogical signals. Do you think I could use Thermistor Pin ( Hotend 2-Pin 0.23 ) to get the signal ?</p> <p>If not how to implement FSR for an endstop pin ?<br /> Thanks a lot.</p> 
				 	]]>
				</content:encoded>							</item>
				</channel>
</rss>