<?xml version="1.0" encoding="UTF-8" ?>
<rss version="2.0" xmlns:content="http://purl.org/rss/1.0/modules/content/" xmlns:wikidot="http://www.wikidot.com/rss-namespace">

	<channel>
		<title>Can someone try out chilipeppr with your smoothieboard?</title>
		<link>http://smoothieware.org/forum/t-1014921/can-someone-try-out-chilipeppr-with-your-smoothieboard</link>
		<description>Posts in the discussion thread &quot;Can someone try out chilipeppr with your smoothieboard?&quot; - Invite to try out chilipeppr</description>
				<copyright></copyright>
		<lastBuildDate>Thu, 30 Oct 2014 09:27:25 +0000</lastBuildDate>
		
					<item>
				<guid>http://smoothieware.org/forum/t-1014921#post-2124429</guid>
				<title>Re: Can someone try out chilipeppr with your smoothieboard?</title>
				<link>http://smoothieware.org/forum/t-1014921/can-someone-try-out-chilipeppr-with-your-smoothieboard#post-2124429</link>
				<description></description>
				<pubDate>Sat, 04 Oct 2014 17:14:17 +0000</pubDate>
				<wikidot:authorName>Logxen</wikidot:authorName>				<wikidot:authorUserId>1349488</wikidot:authorUserId>				<content:encoded>
					<![CDATA[
						 <p>The serial port, tinyglaser, and grbl workspaces appear to be compatible with Smoothie. The tinyg workspace seems kinda different. :)</p> <p>May I recommend that you add links to the source somewhere on the site? Looking at the chilipeppr.com site it's not actually apparent that it even is open source.</p> 
				 	]]>
				</content:encoded>							</item>
					<item>
				<guid>http://smoothieware.org/forum/t-1014921#post-2103292</guid>
				<title>Can someone try out chilipeppr with your smoothieboard?</title>
				<link>http://smoothieware.org/forum/t-1014921/can-someone-try-out-chilipeppr-with-your-smoothieboard#post-2103292</link>
				<description></description>
				<pubDate>Fri, 05 Sep 2014 16:55:35 +0000</pubDate>
				<wikidot:authorName>Dat Chu</wikidot:authorName>				<wikidot:authorUserId>1970609</wikidot:authorUserId>				<content:encoded>
					<![CDATA[
						 <p>Hi guys,</p> <p>I don't have access to a smoothieboard but we are trying to provide an awesome web-based controller for all types of controller board. It has awesome looking interface, real time visualization, webcam support, buffering, dual controls for multiple smoothieboards or smoothieboard and arduino, &#8230; Everything is free and open source of course :)</p> <p>If we can get someone with a smoothieboard to give it a try and perhaps provide some feedback, it would be fantastic. With more users that have smoothieboard, I hope to add support for it in chilipeppr as well.</p> <p>You can get support for it via the Google+ community called Chilipeppr.</p> <p>You can start using the web-based controller simply by going to chilipeppr dot com.</p> 
				 	]]>
				</content:encoded>							</item>
				</channel>
</rss>