<?xml version="1.0" encoding="UTF-8" ?>
<rss version="2.0" xmlns:content="http://purl.org/rss/1.0/modules/content/" xmlns:wikidot="http://www.wikidot.com/rss-namespace">

	<channel>
		<title>SD card on panel</title>
		<link>http://smoothieware.org/forum/t-1016643/sd-card-on-panel</link>
		<description>Posts in the discussion thread &quot;SD card on panel&quot; - How do I use the SD card on a  Reprap Discount GLCD - what pins do I use on the smoothieboard?</description>
				<copyright></copyright>
		<lastBuildDate>Thu, 30 Oct 2014 09:29:04 +0000</lastBuildDate>
		
					<item>
				<guid>http://smoothieware.org/forum/t-1016643#post-2107977</guid>
				<title>Re: SD card on panel</title>
				<link>http://smoothieware.org/forum/t-1016643/sd-card-on-panel#post-2107977</link>
				<description></description>
				<pubDate>Thu, 11 Sep 2014 23:04:20 +0000</pubDate>
				<wikidot:authorName>wolfmanjm</wikidot:authorName>				<wikidot:authorUserId>1543179</wikidot:authorUserId>				<content:encoded>
					<![CDATA[
						 <p>That is not supported. You can try to follow the guide here, but YMMV&#8230; <a href="http://smoothieware.org/panel#toc3">http://smoothieware.org/panel#toc3</a><br /> Remember only one card can be inserted and the cables MUST be very short.</p> 
				 	]]>
				</content:encoded>							</item>
					<item>
				<guid>http://smoothieware.org/forum/t-1016643#post-2106217</guid>
				<title>SD card on panel</title>
				<link>http://smoothieware.org/forum/t-1016643/sd-card-on-panel#post-2106217</link>
				<description></description>
				<pubDate>Tue, 09 Sep 2014 19:47:10 +0000</pubDate>
				<wikidot:authorName>cdndave</wikidot:authorName>				<wikidot:authorUserId>1935809</wikidot:authorUserId>				<content:encoded>
					<![CDATA[
						 <p>I have a Reprap Discount GLCD that I want to connect to my smoothie. I want to use the SD card reader on the GLCD to avoid having to open the encloses to pull the microSD out of the smoothie.</p> <p>Can anyone tell me where I can connect an external SD card into the smoothie?</p> <p>Thanks</p> <p>Dave</p> 
				 	]]>
				</content:encoded>							</item>
				</channel>
</rss>