<?xml version="1.0" encoding="UTF-8" ?>
<rss version="2.0" xmlns:content="http://purl.org/rss/1.0/modules/content/" xmlns:wikidot="http://www.wikidot.com/rss-namespace">

	<channel>
		<title>Bluetooth serial adapter</title>
		<link>http://smoothieware.org/forum/t-1036727/bluetooth-serial-adapter</link>
		<description>Posts in the discussion thread &quot;Bluetooth serial adapter&quot; - Using a serial or spi to bluetooth adapter on the SmoothieBoard</description>
				<copyright></copyright>
		<lastBuildDate>Thu, 30 Oct 2014 09:27:13 +0000</lastBuildDate>
		
					<item>
				<guid>http://smoothieware.org/forum/t-1036727#post-2135607</guid>
				<title>Re: Bluetooth serial adapter</title>
				<link>http://smoothieware.org/forum/t-1036727/bluetooth-serial-adapter#post-2135607</link>
				<description></description>
				<pubDate>Mon, 20 Oct 2014 14:44:40 +0000</pubDate>
				<wikidot:authorName>David Ness</wikidot:authorName>				<wikidot:authorUserId>1885263</wikidot:authorUserId>				<content:encoded>
					<![CDATA[
						 <p>Hi Arthur,<br /> Thanks for replying.</p> <p>I looked at the schematic and yes I see the jumper that needs soldered to switch between 3.3 and 5v for the V+ line on the UART pins. Just waiting on my Recom R-78E and I'll get the whole lot soldered at once.</p> <p>Yup, I was thinking that even if the Smoothieboard did take commands over SPI like the UART port it still would't work&#8230; the Adafruit Bluetooth module needs special drivers and also a spare interrupt pin&#8230; making it all very complicated, so I think I'll just stick with the TinySine UART adapter.</p> <p>Babakmanafi - Yes you could, and its quite easy. I've kind of done it. I've used an FTDI chip like this www.sparkfun.com / products / 9873 hooked up to the UART pins and it worked&#8230; UARTs quite simple and most Microcontrollers have hardware to do it. INFACT that gives me an idea if I wanted to use the Adafruit adapter&#8230; get an arduino to receive the commands off the adapter and then send them over UART. Brilliant!</p> <p>David.</p> 
				 	]]>
				</content:encoded>							</item>
					<item>
				<guid>http://smoothieware.org/forum/t-1036727#post-2133894</guid>
				<title>Re: Bluetooth serial adapter</title>
				<link>http://smoothieware.org/forum/t-1036727/bluetooth-serial-adapter#post-2133894</link>
				<description></description>
				<pubDate>Fri, 17 Oct 2014 23:12:42 +0000</pubDate>
				<wikidot:authorName>babakmanafi</wikidot:authorName>				<wikidot:authorUserId>1998260</wikidot:authorUserId>				<content:encoded>
					<![CDATA[
						 <p>Hello<br /> Can I use another microcontroller (like Arduino) to send commands (GCodes) to my smoothie board throgh those<br /> Serial pins close to USB port, and run it?</p> <p>Thank you</p> 
				 	]]>
				</content:encoded>							</item>
					<item>
				<guid>http://smoothieware.org/forum/t-1036727#post-2129480</guid>
				<title>Re: Bluetooth serial adapter</title>
				<link>http://smoothieware.org/forum/t-1036727/bluetooth-serial-adapter#post-2129480</link>
				<description></description>
				<pubDate>Sat, 11 Oct 2014 15:31:41 +0000</pubDate>
				<wikidot:authorName>arthurwolf</wikidot:authorName>				<wikidot:authorUserId>471107</wikidot:authorUserId>				<content:encoded>
					<![CDATA[
						 <p>Hi there !&nbsp;</p> <p>The SPI port is close to the microcontroller ( you can read MISO and MOSI etc there ), but it won't work like a serial port ( unless you do some modifications in the code ).</p> <p>You need to use the UART ( close to the USB&nbsp;port, labelled &quot;Serial&quot;, indeed ).</p> <p>The TX/RX&nbsp;pins will work at 5V and 3.3V.</p> <p>Cheers.</p> 
				 	]]>
				</content:encoded>							</item>
					<item>
				<guid>http://smoothieware.org/forum/t-1036727#post-2126430</guid>
				<title>Bluetooth serial adapter</title>
				<link>http://smoothieware.org/forum/t-1036727/bluetooth-serial-adapter#post-2126430</link>
				<description></description>
				<pubDate>Tue, 07 Oct 2014 16:29:05 +0000</pubDate>
				<wikidot:authorName>David Ness</wikidot:authorName>				<wikidot:authorUserId>1885263</wikidot:authorUserId>				<content:encoded>
					<![CDATA[
						 <p>Hi there,<br /> I was wondering if anyone has tried using a bluetooth serial adapter on the Smoothie Board? I have both the Adafruit board based on the nrf8001 chip that communicates over SPI and a TinySine which is a cheap UART &gt; bluetooth 4.0 adapter.</p> <p>I'd like to get one hooked up to my Smoothieboard with the intention that I'd be able to have some GCode on the SD card and have the bluetooth start / stop things from an iPad.</p> <p>Couple of questions relating to that&#8230;<br /> Where are the SPI pins on the smoothie board and does the firmware receive commands over SPI like it does the UART?</p> <p>This may seem like a stupid question, but just to make sure&#8230; the UART connection is the one next to the usb connector labeled &quot;Serial&quot; and it has 6 pins but only four are labeled&#8230; TX/RX/ V+ and GND, correct? Simple enough&#8230;. what voltage is V+ and what voltages are TX / RX?</p> <p>Any ideas on which would be the better adapter?</p> <p>Many thanks,<br /> David.</p> 
				 	]]>
				</content:encoded>							</item>
				</channel>
</rss>