<?xml version="1.0" encoding="UTF-8" ?>
<rss version="2.0" xmlns:content="http://purl.org/rss/1.0/modules/content/" xmlns:wikidot="http://www.wikidot.com/rss-namespace">

	<channel>
		<title>Any users here ?</title>
		<link>http://smoothieware.org/forum/t-406478/any-users-here</link>
		<description>Posts in the discussion thread &quot;Any users here ?&quot;</description>
				<copyright></copyright>
		<lastBuildDate>Thu, 30 Oct 2014 09:33:09 +0000</lastBuildDate>
		
					<item>
				<guid>http://smoothieware.org/forum/t-406478#post-1349801</guid>
				<title>Re: Any users here ?</title>
				<link>http://smoothieware.org/forum/t-406478/any-users-here#post-1349801</link>
				<description></description>
				<pubDate>Fri, 13 Jan 2012 14:32:22 +0000</pubDate>
				<wikidot:authorName>arthurwolf</wikidot:authorName>				<wikidot:authorUserId>471107</wikidot:authorUserId>				<content:encoded>
					<![CDATA[
						 <p>Oh ok, yes indeed, to control it via spi dac you'll have to code a new Stepper module.<br /> Should be quite similar to the normal Stepper module.</p> <p>You'll also need to make a new ArmSolution module, to translate xy positions into rotational positions, the structure for that is already inside, you just need to customomize.</p> <p>Cheers !</p> 
				 	]]>
				</content:encoded>							</item>
					<item>
				<guid>http://smoothieware.org/forum/t-406478#post-1349799</guid>
				<title>Re: Any users here ?</title>
				<link>http://smoothieware.org/forum/t-406478/any-users-here#post-1349799</link>
				<description></description>
				<pubDate>Fri, 13 Jan 2012 14:25:51 +0000</pubDate>
				<wikidot:authorName>gyurma</wikidot:authorName>				<wikidot:authorUserId>1282890</wikidot:authorUserId>				<content:encoded>
					<![CDATA[
						 <p>This is a galvo scanner:</p> <p>www.zamisel.com/galvanometer.jpg</p> <p>And yes, I already saw that pillow shape :D</p> 
				 	]]>
				</content:encoded>							</item>
					<item>
				<guid>http://smoothieware.org/forum/t-406478#post-1349720</guid>
				<title>Re: Any users here ?</title>
				<link>http://smoothieware.org/forum/t-406478/any-users-here#post-1349720</link>
				<description></description>
				<pubDate>Fri, 13 Jan 2012 10:52:28 +0000</pubDate>
				<wikidot:authorName>arthurwolf</wikidot:authorName>				<wikidot:authorUserId>471107</wikidot:authorUserId>				<content:encoded>
					<![CDATA[
						 <blockquote> <p>I already ran into trouble.</p> </blockquote> <p>That's to be expected, smoothie is quite young, and while it's attracting interrest fast, I'm still mostly alone to code it and use it right now.</p> <blockquote> <p>I also tried to compile the code on the online compiler, but there it makes problems with the FATFilesystem. No solution found.</p> </blockquote> <p>I did not try to compile using the online compiler since the very early stages.</p> <blockquote> <p>it now compiles. with hundreds of warnings of unused parameters, variable shadowing etc.</p> </blockquote> <p>That's quite normal for code in this stage :) The important thing right now is that it works.</p> <blockquote> <p>I want to use your grbl port to steer a galvo scanner which has analog voltage inputs. So I don't need the stepper module, but some kind of similar module that outputs a given voltage at given time on an SPI based DAC.<br /> Where should I start? Delete and write from scratch? Actually I don't really understand the functioning of the Stepper, where the ticks come from, etc…</p> </blockquote> <p>This may be of help to you : <a href="http://smoothieware.org/howitworks">http://smoothieware.org/howitworks</a><br /> Can you tell more about what a galvo scanner is ? That would help :)</p> <p>But indeed, it seems what you want is a modified Stepper module.<br /> The way to do this is :&nbsp;<br /> 1) Disable the Stepper module by having it return right at the beginning of the on_module_loaded callback<br /> 2) Code a tool module ( like extruder or laser ) that takes Stepper's place in the flow ( take()s and release()s blocks with movement in them ) and outputs to your SPI thing in the meanwhile.</p> <p>If you need any help, don't hesitate : here or at <span class="wiki-email">moc.liamg|ruhtra.flow#moc.liamg|ruhtra.flow</span></p> <p>Cheers !</p> 
				 	]]>
				</content:encoded>							</item>
					<item>
				<guid>http://smoothieware.org/forum/t-406478#post-1349714</guid>
				<title>Re: Any users here ?</title>
				<link>http://smoothieware.org/forum/t-406478/any-users-here#post-1349714</link>
				<description></description>
				<pubDate>Fri, 13 Jan 2012 10:42:10 +0000</pubDate>
				<wikidot:authorName>arthurwolf</wikidot:authorName>				<wikidot:authorUserId>471107</wikidot:authorUserId>				<content:encoded>
					<![CDATA[
						 <p>All of the code for that one is in the .h, there are a few purely utilitarian files that are this way.</p> 
				 	]]>
				</content:encoded>							</item>
					<item>
				<guid>http://smoothieware.org/forum/t-406478#post-1349711</guid>
				<title>Re: Any users here ?</title>
				<link>http://smoothieware.org/forum/t-406478/any-users-here#post-1349711</link>
				<description></description>
				<pubDate>Fri, 13 Jan 2012 10:32:21 +0000</pubDate>
				<wikidot:authorName>gyurma</wikidot:authorName>				<wikidot:authorUserId>1282890</wikidot:authorUserId>				<content:encoded>
					<![CDATA[
						 <p>Where is the .cpp code of the ring buffer? you committed the .o file :D</p> 
				 	]]>
				</content:encoded>							</item>
					<item>
				<guid>http://smoothieware.org/forum/t-406478#post-1349710</guid>
				<title>Re: Any users here ?</title>
				<link>http://smoothieware.org/forum/t-406478/any-users-here#post-1349710</link>
				<description></description>
				<pubDate>Fri, 13 Jan 2012 10:30:42 +0000</pubDate>
				<wikidot:authorName>gyurma</wikidot:authorName>				<wikidot:authorUserId>1282890</wikidot:authorUserId>				<content:encoded>
					<![CDATA[
						 <p>I already ran into trouble.</p> <p>I also tried to compile the code on the online compiler, but there it makes problems with the FATFilesystem. No solution found.</p> <p>Then I wanted to compile the stuff on windows platform, and it didn't like it, complaining about not findable include files etc.<br /> Long story short, in the makefile there was the</p> <div class="code"> <pre> <code>SRC=./src/</code> </pre></div> <p>line, which prevented correct compiling. After changing it to</p> <div class="code"> <pre> <code>SRC=./src</code> </pre></div> <p>it now compiles. with hundreds of warnings of unused parameters, variable shadowing etc.</p> <p>I want to use your grbl port to steer a galvo scanner which has analog voltage inputs. So I don't need the stepper module, but some kind of similar module that outputs a given voltage at given time on an SPI based DAC.</p> <p>Where should I start? Delete and write from scratch? Actually I don't really understand the functioning of the Stepper, where the ticks come from, etc&#8230;</p> 
				 	]]>
				</content:encoded>							</item>
					<item>
				<guid>http://smoothieware.org/forum/t-406478#post-1348802</guid>
				<title>Re: Any users here ?</title>
				<link>http://smoothieware.org/forum/t-406478/any-users-here#post-1348802</link>
				<description></description>
				<pubDate>Thu, 12 Jan 2012 11:29:39 +0000</pubDate>
				<wikidot:authorName>dandumit</wikidot:authorName>				<wikidot:authorUserId>1201850</wikidot:authorUserId>				<content:encoded>
					<![CDATA[
						 <p>What kind of laser ? Power ? What are you looking to burn/cut ?</p> 
				 	]]>
				</content:encoded>							</item>
					<item>
				<guid>http://smoothieware.org/forum/t-406478#post-1348782</guid>
				<title>Re: Any users here ?</title>
				<link>http://smoothieware.org/forum/t-406478/any-users-here#post-1348782</link>
				<description></description>
				<pubDate>Thu, 12 Jan 2012 10:42:17 +0000</pubDate>
				<wikidot:authorName>arthurwolf</wikidot:authorName>				<wikidot:authorUserId>471107</wikidot:authorUserId>				<content:encoded>
					<![CDATA[
						 <p>Hi and welcome !</p> <p>There is documentation ( very basic right now ) on the project's main page: <a href="http://smoothieware.org/">http://smoothieware.org/</a><br /> If you have any kind of question/run into any trouble please don't hesistate to ask.</p> 
				 	]]>
				</content:encoded>							</item>
					<item>
				<guid>http://smoothieware.org/forum/t-406478#post-1348780</guid>
				<title>Re: Any users here ?</title>
				<link>http://smoothieware.org/forum/t-406478/any-users-here#post-1348780</link>
				<description></description>
				<pubDate>Thu, 12 Jan 2012 10:38:13 +0000</pubDate>
				<wikidot:authorName>gyurma</wikidot:authorName>				<wikidot:authorUserId>1282890</wikidot:authorUserId>				<content:encoded>
					<![CDATA[
						 <p>Yes I am here&#8230; :D</p> <p>And I would like to use this nice grbl port on my mbed, which will be moving a laser beam&#8230;</p> 
				 	]]>
				</content:encoded>							</item>
					<item>
				<guid>http://smoothieware.org/forum/t-406478#post-1295142</guid>
				<title>Any users here ?</title>
				<link>http://smoothieware.org/forum/t-406478/any-users-here#post-1295142</link>
				<description></description>
				<pubDate>Tue, 01 Nov 2011 08:46:56 +0000</pubDate>
				<wikidot:authorName>dandumit</wikidot:authorName>				<wikidot:authorUserId>1201850</wikidot:authorUserId>				<content:encoded>
					<![CDATA[
						 <p>I have downloaded compiled and tested the controller (of course with a great help of Arthur).<br /> Did someone else did the same ?</p> 
				 	]]>
				</content:encoded>							</item>
				</channel>
</rss>