<?xml version="1.0" encoding="UTF-8" ?>
<rss version="2.0" xmlns:content="http://purl.org/rss/1.0/modules/content/" xmlns:wikidot="http://www.wikidot.com/rss-namespace">

	<channel>
		<title>can this be ported to the LPC2294?</title>
		<link>http://smoothieware.org/forum/t-434344/can-this-be-ported-to-the-lpc2294</link>
		<description>Posts in the discussion thread &quot;can this be ported to the LPC2294?&quot;</description>
				<copyright></copyright>
		<lastBuildDate>Thu, 30 Oct 2014 09:33:08 +0000</lastBuildDate>
		
					<item>
				<guid>http://smoothieware.org/forum/t-434344#post-1353223</guid>
				<title>can this be ported to the LPC2294?</title>
				<link>http://smoothieware.org/forum/t-434344/can-this-be-ported-to-the-lpc2294#post-1353223</link>
				<description></description>
				<pubDate>Wed, 18 Jan 2012 07:25:16 +0000</pubDate>
				<wikidot:authorName>sirus20x6</wikidot:authorName>				<wikidot:authorUserId>1287373</wikidot:authorUserId>				<content:encoded>
					<![CDATA[
						 <p>I have a board with 8 megs of ram and was wondering if it would be an easy port</p> 
				 	]]>
				</content:encoded>							</item>
				</channel>
</rss>