<?xml version="1.0" encoding="UTF-8" ?>
<rss version="2.0" xmlns:content="http://purl.org/rss/1.0/modules/content/" xmlns:wikidot="http://www.wikidot.com/rss-namespace">

	<channel>
		<title>home sensors?</title>
		<link>http://smoothieware.org/forum/t-438299/home-sensors</link>
		<description>Posts in the discussion thread &quot;home sensors?&quot; - Thought about using home sensors in it?</description>
				<copyright></copyright>
		<lastBuildDate>Thu, 30 Oct 2014 09:32:51 +0000</lastBuildDate>
		
					<item>
				<guid>http://smoothieware.org/forum/t-438299#post-1495933</guid>
				<title>Re: home sensors?</title>
				<link>http://smoothieware.org/forum/t-438299/home-sensors#post-1495933</link>
				<description></description>
				<pubDate>Sun, 01 Jul 2012 21:33:37 +0000</pubDate>
				<wikidot:authorName>arthurwolf</wikidot:authorName>				<wikidot:authorUserId>471107</wikidot:authorUserId>				<content:encoded>
					<![CDATA[
						 <p>I'm working on the refactoring that'll allow to code homing.<br /> So I'm working on this soon, and I'll be coming back here to check on how to implement it :)<br /> If you want to make sure I do it right, hang out on the IRC channel and shout at me if I screw up :)</p> 
				 	]]>
				</content:encoded>							</item>
					<item>
				<guid>http://smoothieware.org/forum/t-438299#post-1495929</guid>
				<title>Re: home sensors?</title>
				<link>http://smoothieware.org/forum/t-438299/home-sensors#post-1495929</link>
				<description></description>
				<pubDate>Sun, 01 Jul 2012 21:31:35 +0000</pubDate>
				<wikidot:authorName>hoeken</wikidot:authorName>				<wikidot:authorUserId>145711</wikidot:authorUserId>				<content:encoded>
					<![CDATA[
						 <p>that's how i'd do it. :)</p> 
				 	]]>
				</content:encoded>							</item>
					<item>
				<guid>http://smoothieware.org/forum/t-438299#post-1495927</guid>
				<title>Re: home sensors?</title>
				<link>http://smoothieware.org/forum/t-438299/home-sensors#post-1495927</link>
				<description></description>
				<pubDate>Sun, 01 Jul 2012 21:30:39 +0000</pubDate>
				<wikidot:authorName>hoeken</wikidot:authorName>				<wikidot:authorUserId>145711</wikidot:authorUserId>				<content:encoded>
					<![CDATA[
						 <p>A couple requests regarding homing, coming from a guy who has spent 5 or so years on RepRap and MakerBot code.</p> <p>1. Please allow homing operations to use a feedrate. It's very useful to home at different speeds (for example, a fast home, backoff, then slow home is much more accurate than a single fast home).</p> <p>2. Please make homing simple. Homing should move towards the switch at the desired speed and then stop when it hits it. More complicated stuff can be handled higher up. :)</p> <p>3. Please use the same codes as MakerBot for homing: G161 - Home negative, G162 - Home positive (XYZ codes are which axis, and F code for speed)</p> <p>4. Please count steps during homing! Assuming there is a way to query the current position after a homing operation, this is very useful for doing things like automated testing of maximum speeds. You can do something like this:</p> <p>1. Initial home at slow speed. (to get system to a known state)<br /> 2. Move XXXmm to maximum axis travel at fast speed.<br /> 3. Home at slow speed.<br /> 4. Compare the start and end positions. If there is a significant deviation, you can assume some sort of motor skipping issue.</p> <p>Keeping a step count is also super useful for doing things like calculating backlash, etc. Lots of good potential there.</p> 
				 	]]>
				</content:encoded>							</item>
					<item>
				<guid>http://smoothieware.org/forum/t-438299#post-1374607</guid>
				<title>Re: home sensors?</title>
				<link>http://smoothieware.org/forum/t-438299/home-sensors#post-1374607</link>
				<description></description>
				<pubDate>Wed, 15 Feb 2012 15:38:37 +0000</pubDate>
				<wikidot:authorName>arthurwolf</wikidot:authorName>				<wikidot:authorUserId>471107</wikidot:authorUserId>				<content:encoded>
					<![CDATA[
						 <p>Indeed, as more and more ppl get into Smoothie, that's the thing I'm the most asked to implement.<br /> It's next in the todo list :)</p> 
				 	]]>
				</content:encoded>							</item>
					<item>
				<guid>http://smoothieware.org/forum/t-438299#post-1374605</guid>
				<title>Re: home sensors?</title>
				<link>http://smoothieware.org/forum/t-438299/home-sensors#post-1374605</link>
				<description></description>
				<pubDate>Wed, 15 Feb 2012 15:36:27 +0000</pubDate>
				<wikidot:authorName>kapcampbell</wikidot:authorName>				<wikidot:authorUserId>1308466</wikidot:authorUserId>				<content:encoded>
					<![CDATA[
						 <p>Homing and +/- limits are something we'd like use with Smoothie.</p> <p>Cheers,<br /> Ken</p> 
				 	]]>
				</content:encoded>							</item>
					<item>
				<guid>http://smoothieware.org/forum/t-438299#post-1362889</guid>
				<title>Re: home sensors?</title>
				<link>http://smoothieware.org/forum/t-438299/home-sensors#post-1362889</link>
				<description></description>
				<pubDate>Wed, 01 Feb 2012 07:52:14 +0000</pubDate>
				<wikidot:authorName>dandumit</wikidot:authorName>				<wikidot:authorUserId>1201850</wikidot:authorUserId>				<content:encoded>
					<![CDATA[
						 <p>When you start to implement them please let us know .<br /> A very useful would be the probe sensor too. However depending on implementation would be the same as a limit/home sensor.</p> 
				 	]]>
				</content:encoded>							</item>
					<item>
				<guid>http://smoothieware.org/forum/t-438299#post-1362634</guid>
				<title>Re: home sensors?</title>
				<link>http://smoothieware.org/forum/t-438299/home-sensors#post-1362634</link>
				<description></description>
				<pubDate>Tue, 31 Jan 2012 22:46:47 +0000</pubDate>
				<wikidot:authorName>arthurwolf</wikidot:authorName>				<wikidot:authorUserId>471107</wikidot:authorUserId>				<content:encoded>
					<![CDATA[
						 <p>Hi !</p> <p>Homing, and all endstop stuff ( including various options for failing elegantly on contact ) are not present, but very high on the todo list, except them to get in soon.<br /> I have not completely decided how to implement them yet, but it will certainly be via events indeed, and they'll probably span accross several modules.</p> 
				 	]]>
				</content:encoded>							</item>
					<item>
				<guid>http://smoothieware.org/forum/t-438299#post-1362630</guid>
				<title>home sensors?</title>
				<link>http://smoothieware.org/forum/t-438299/home-sensors#post-1362630</link>
				<description></description>
				<pubDate>Tue, 31 Jan 2012 22:44:00 +0000</pubDate>
				<wikidot:authorName>gyurma</wikidot:authorName>				<wikidot:authorUserId>1282890</wikidot:authorUserId>				<content:encoded>
					<![CDATA[
						 <p>Hi! I thought about using this stuff also for a CNC, but I did not find any homing sensor input handling in your code&#8230;<br /> Did you think about it? What event should a home switch trigger? etc&#8230;</p> 
				 	]]>
				</content:encoded>							</item>
				</channel>
</rss>