<?xml version="1.0" encoding="UTF-8" ?>
<rss version="2.0" xmlns:content="http://purl.org/rss/1.0/modules/content/" xmlns:wikidot="http://www.wikidot.com/rss-namespace">

	<channel>
		<title>compile? not even close</title>
		<link>http://smoothieware.org/forum/t-434306/compile-not-even-close</link>
		<description>Posts in the discussion thread &quot;compile? not even close&quot; - the toolchain you guys list doesn&#039;t have make</description>
				<copyright></copyright>
		<lastBuildDate>Thu, 30 Oct 2014 09:33:05 +0000</lastBuildDate>
		
					<item>
				<guid>http://smoothieware.org/forum/t-434306#post-1353254</guid>
				<title>Re: compile? not even close</title>
				<link>http://smoothieware.org/forum/t-434306/compile-not-even-close#post-1353254</link>
				<description></description>
				<pubDate>Wed, 18 Jan 2012 09:27:12 +0000</pubDate>
				<wikidot:authorName>dandumit</wikidot:authorName>				<wikidot:authorUserId>1201850</wikidot:authorUserId>				<content:encoded>
					<![CDATA[
						 <p>This is my makefile</p> <div class="code"> <pre> <code>PROJECT=main GCC4MBED_DIR=./gcc4mbed INCDIRS= LIBS_PREFIX= LIBS_SUFFIX= SRC=./src include ./gcc4mbed/build/gcc4mbed.mk flash: lpc21isp $(PROJECT).hex /dev/ttyUSB0 115200 14746</code> </pre></div> <p>Also please have a look on : ./gcc4mbed/build/gcc4mbed.mk</p> 
				 	]]>
				</content:encoded>							</item>
					<item>
				<guid>http://smoothieware.org/forum/t-434306#post-1353202</guid>
				<title>Re: compile? not even close</title>
				<link>http://smoothieware.org/forum/t-434306/compile-not-even-close#post-1353202</link>
				<description></description>
				<pubDate>Wed, 18 Jan 2012 06:04:12 +0000</pubDate>
				<wikidot:authorName>sirus20x6</wikidot:authorName>				<wikidot:authorUserId>1287373</wikidot:authorUserId>				<content:encoded>
					<![CDATA[
						 <p>yeah i was helped in irc.<br /> it's<br /> cs-make clean<br /> cs-make</p> <p>but only after you edit the '/' out of the line that says something about the src directory</p> 
				 	]]>
				</content:encoded>							</item>
					<item>
				<guid>http://smoothieware.org/forum/t-434306#post-1353186</guid>
				<title>Re: compile? not even close</title>
				<link>http://smoothieware.org/forum/t-434306/compile-not-even-close#post-1353186</link>
				<description></description>
				<pubDate>Wed, 18 Jan 2012 05:15:33 +0000</pubDate>
				<wikidot:authorName>dandumit</wikidot:authorName>				<wikidot:authorUserId>1201850</wikidot:authorUserId>				<content:encoded>
					<![CDATA[
						 <p>indeed codesourcery brings a set of executable with prefix &quot;cs-&quot;.<br /> I have compiled the sourcecode (it's true few months ago).<br /> Please note that I have slightly modified makefile to reflect the paths.</p> 
				 	]]>
				</content:encoded>							</item>
					<item>
				<guid>http://smoothieware.org/forum/t-434306#post-1353092</guid>
				<title>Re: compile? not even close</title>
				<link>http://smoothieware.org/forum/t-434306/compile-not-even-close#post-1353092</link>
				<description></description>
				<pubDate>Wed, 18 Jan 2012 01:32:45 +0000</pubDate>
				<wikidot:authorName>arthurwolf</wikidot:authorName>				<wikidot:authorUserId>471107</wikidot:authorUserId>				<content:encoded>
					<![CDATA[
						 <p>I am not familiar with windows, but have you installed codesourcery gcc toolchain ?</p> 
				 	]]>
				</content:encoded>							</item>
					<item>
				<guid>http://smoothieware.org/forum/t-434306#post-1353091</guid>
				<title>compile? not even close</title>
				<link>http://smoothieware.org/forum/t-434306/compile-not-even-close#post-1353091</link>
				<description></description>
				<pubDate>Wed, 18 Jan 2012 01:30:10 +0000</pubDate>
				<wikidot:authorName>sirus20x6</wikidot:authorName>				<wikidot:authorUserId>1287373</wikidot:authorUserId>				<content:encoded>
					<![CDATA[
						 <p>I can't run make or make clean if there is no make. did you guys miss a step?<br /> CodeSourcey GCC Toolchain for EABI does not come with make</p> <p>it does come with cs-make and I tried<br /> cs-make clean<br /> cs-make</p> <p>and it complained that there was no kernel.h</p> 
				 	]]>
				</content:encoded>							</item>
				</channel>
</rss>