<?xml version="1.0" encoding="UTF-8" ?>
<rss version="2.0" xmlns:content="http://purl.org/rss/1.0/modules/content/" xmlns:wikidot="http://www.wikidot.com/rss-namespace">

	<channel>
		<title>Connector suggestion</title>
		<link>http://smoothieware.org/forum/t-456546/connector-suggestion</link>
		<description>Posts in the discussion thread &quot;Connector suggestion&quot; - Different endstop connectors.</description>
				<copyright></copyright>
		<lastBuildDate>Thu, 30 Oct 2014 09:33:02 +0000</lastBuildDate>
		
					<item>
				<guid>http://smoothieware.org/forum/t-456546#post-1402850</guid>
				<title>Re: Connector suggestion</title>
				<link>http://smoothieware.org/forum/t-456546/connector-suggestion#post-1402850</link>
				<description></description>
				<pubDate>Mon, 26 Mar 2012 21:19:44 +0000</pubDate>
				<wikidot:authorName>arthurwolf</wikidot:authorName>				<wikidot:authorUserId>471107</wikidot:authorUserId>				<content:encoded>
					<![CDATA[
						 <p>Well, smoothieboard will use 2.54mm pin spacing because it's more &quot;tinker friendly&quot; :&nbsp;it allows you to solder whatever connector you want, that can be bare pins, like on lots of reprap boards, connectors, like on some others, or screw terminals, which is also pretty neat.<br /> RJ25 connectors are neat, but offer less options : if I put those there, then you have no other option but RJ25.</p> <p>What do you think about the board otherwise ?</p> 
				 	]]>
				</content:encoded>							</item>
					<item>
				<guid>http://smoothieware.org/forum/t-456546#post-1402848</guid>
				<title>Re: Connector suggestion</title>
				<link>http://smoothieware.org/forum/t-456546/connector-suggestion#post-1402848</link>
				<description></description>
				<pubDate>Mon, 26 Mar 2012 21:17:45 +0000</pubDate>
				<wikidot:authorName>annodomini2</wikidot:authorName>				<wikidot:authorUserId>1328042</wikidot:authorUserId>				<content:encoded>
					<![CDATA[
						 <p>Trying to post links, but I don't have enough posts on the site yet.</p> 
				 	]]>
				</content:encoded>							</item>
					<item>
				<guid>http://smoothieware.org/forum/t-456546#post-1402841</guid>
				<title>Re: Connector suggestion</title>
				<link>http://smoothieware.org/forum/t-456546/connector-suggestion#post-1402841</link>
				<description></description>
				<pubDate>Mon, 26 Mar 2012 21:11:56 +0000</pubDate>
				<wikidot:authorName>annodomini2</wikidot:authorName>				<wikidot:authorUserId>1328042</wikidot:authorUserId>				<content:encoded>
					<![CDATA[
						 <p>2.54mm, molex invented that style of connector.</p> 
				 	]]>
				</content:encoded>							</item>
					<item>
				<guid>http://smoothieware.org/forum/t-456546#post-1402776</guid>
				<title>Re: Connector suggestion</title>
				<link>http://smoothieware.org/forum/t-456546/connector-suggestion#post-1402776</link>
				<description></description>
				<pubDate>Mon, 26 Mar 2012 20:18:43 +0000</pubDate>
				<wikidot:authorName>arthurwolf</wikidot:authorName>				<wikidot:authorUserId>471107</wikidot:authorUserId>				<content:encoded>
					<![CDATA[
						 <p>Hi !</p> <p>Smoothieboard has 2.54mm pin headers for the endstops. The same kind other boards use.<br /> It will come unsoldered in the base version, so you'll be able to solder either 2.54mm pins, or 2.54mm screw terminals.</p> <p>I'm not exactly sure what you mean for molex, do you have a link/reference ?</p> <p>Cheers !</p> 
				 	]]>
				</content:encoded>							</item>
					<item>
				<guid>http://smoothieware.org/forum/t-456546#post-1402768</guid>
				<title>Connector suggestion</title>
				<link>http://smoothieware.org/forum/t-456546/connector-suggestion#post-1402768</link>
				<description></description>
				<pubDate>Mon, 26 Mar 2012 20:14:41 +0000</pubDate>
				<wikidot:authorName>annodomini2</wikidot:authorName>				<wikidot:authorUserId>1328042</wikidot:authorUserId>				<content:encoded>
					<![CDATA[
						 <p>Arthur, just a suggestion, but would it not be better to use RJ25 style connectors for the endstops?</p> <p>Molex are cheap and readily available, however the crimp tooling can be expensive.</p> <p>The RJ25 connectors are readily available as well, but the crimp tooling and even pre-assembled cables are also readily available and cheap.</p> <p>Something to consider.</p> <p>Anno</p> 
				 	]]>
				</content:encoded>							</item>
				</channel>
</rss>