<?xml version="1.0" encoding="UTF-8" ?>
<rss version="2.0" xmlns:content="http://purl.org/rss/1.0/modules/content/" xmlns:wikidot="http://www.wikidot.com/rss-namespace">

	<channel>
		<title>New User</title>
		<link>http://smoothieware.org/forum/t-459166/new-user</link>
		<description>Posts in the discussion thread &quot;New User&quot; - Dear Friends,
I am new user of Linus and using Mbed with with Loas laser board I want to use smoothei software and firmware but I have no idea how to install it I have downloaded it but I read the file under smoothei/Document/install.creole.
Please help me hiw can I use smothei software(G code) before that how can I install firmware (Easy and simple way).

Regards
Talib Hussain</description>
				<copyright></copyright>
		<lastBuildDate>Thu, 30 Oct 2014 09:31:58 +0000</lastBuildDate>
		
					<item>
				<guid>http://smoothieware.org/forum/t-459166#post-1874633</guid>
				<title>Re: New User, another</title>
				<link>http://smoothieware.org/forum/t-459166/new-user#post-1874633</link>
				<description></description>
				<pubDate>Sun, 20 Oct 2013 20:04:55 +0000</pubDate>
				<wikidot:authorName>dmytro_lviv</wikidot:authorName>				<wikidot:authorUserId>1750751</wikidot:authorUserId>				<content:encoded>
					<![CDATA[
						 <p>Solved!</p> <p>Problem was the next: my Ubuntu is 64-bit. So for the correct work need to install &quot;libc6-dev-i386&quot;.<br /> Now it works!</p> 
				 	]]>
				</content:encoded>							</item>
					<item>
				<guid>http://smoothieware.org/forum/t-459166#post-1873912</guid>
				<title>Re: New User, another</title>
				<link>http://smoothieware.org/forum/t-459166/new-user#post-1873912</link>
				<description></description>
				<pubDate>Sat, 19 Oct 2013 13:55:07 +0000</pubDate>
				<wikidot:authorName>dmytro_lviv</wikidot:authorName>				<wikidot:authorUserId>1750751</wikidot:authorUserId>				<content:encoded>
					<![CDATA[
						 <p>Hi,</p> <p>I want to improve my skills on the embedded development area.<br /> For this purpose I started to search some open source projects.<br /> And one day I read about smoothie - and I understood that it is exactly what I want.<br /> But, after downloading source code from Git, I try to build and get error message.<br /> I am sure, that all must works fine, but on my machine appears problem.</p> <p>So, I have run &quot;linux_install&quot;, as result in working directory was installed toolchain.<br /> After that I ran script &quot;BuildShall&quot;.<br /> But, when I try to build a project (make clean all), I receive next error:</p> <p>arm-none-eabi-gcc -g3 -mcpu=cortex-m3 -mthumb -mthumb-interwork -ffunction-sections -fdata-sections -fno-exceptions -fno-delete-null-pointer-checks -Wall -Wextra -Wno-unused-parameter -Wcast-align -Wpointer-arith -Wredundant-decls -Wcast-qual -Wcast-align -I./capi -I./vendor/NXP/capi/LPC1768 -I./vendor/NXP/cmsis/LPC1768 -DTARGET_LPC1768 -DTOOLCHAIN_GCC_ARM -MMD -MP -std=c99 -O2 -DNDEBUG -c vendor/NXP/capi/analogin_api.c -o Release/LPC1768/./vendor/NXP/capi/analogin_api.o<br /> make[3]: arm-none-eabi-gcc: Command not found</p> <p>The output from command: echo $PATH:</p> <p>/mnt/Smoothie-master/gcc-arm-none-eabi/bin:/usr/lib/lightdm/lightdm:/usr/local/sbin:/usr/local/bin:/usr/sbin:/usr/bin:/sbin:/bin:/usr/games</p> <p>Small specification: &quot;Smoothie-master/&quot; directory placed on disk, which must be mounted each time before start work (shared with Windows).</p> <p>I know that it question can be not for you, and must be asked on some Linux forums.<br /> But, may you have some ideas?</p> <p>Thanks!</p> 
				 	]]>
				</content:encoded>							</item>
					<item>
				<guid>http://smoothieware.org/forum/t-459166#post-1410432</guid>
				<title>Re: New User</title>
				<link>http://smoothieware.org/forum/t-459166/new-user#post-1410432</link>
				<description></description>
				<pubDate>Thu, 05 Apr 2012 14:35:23 +0000</pubDate>
				<wikidot:authorName>arthurwolf</wikidot:authorName>				<wikidot:authorUserId>471107</wikidot:authorUserId>				<content:encoded>
					<![CDATA[
						 <p>Hey there !</p> <p>There is not smoothie software as-is ( that's planned though, but is a completely separate project ), it's just the firmware.<br /> So, for the firmware.</p> <p>You want to follow the documentation on the main page :<br /> First, install the Codesourcery Toolchain.<br /> Then get Smoothie from the github.<br /> Then compile it.</p> <p>Please go along and do this, and come here when/if you run into any kind of trouble.</p> <p>Thanks a lot for testing smoothie :)<br /> Cheers !</p> 
				 	]]>
				</content:encoded>							</item>
					<item>
				<guid>http://smoothieware.org/forum/t-459166#post-1410364</guid>
				<title>New User</title>
				<link>http://smoothieware.org/forum/t-459166/new-user#post-1410364</link>
				<description></description>
				<pubDate>Thu, 05 Apr 2012 12:31:15 +0000</pubDate>
				<wikidot:authorName>talib</wikidot:authorName>				<wikidot:authorUserId>1339591</wikidot:authorUserId>				<content:encoded>
					<![CDATA[
						 <p>In summy I gave all details</p> 
				 	]]>
				</content:encoded>							</item>
				</channel>
</rss>