<?xml version="1.0" encoding="UTF-8" ?>
<rss version="2.0" xmlns:content="http://purl.org/rss/1.0/modules/content/" xmlns:wikidot="http://www.wikidot.com/rss-namespace">

	<channel>
		<title>Want to change the PIN configration</title>
		<link>http://smoothieware.org/forum/t-460181/want-to-change-the-pin-configration</link>
		<description>Posts in the discussion thread &quot;Want to change the PIN configration&quot; - Pin config.</description>
				<copyright></copyright>
		<lastBuildDate>Thu, 30 Oct 2014 09:33:00 +0000</lastBuildDate>
		
					<item>
				<guid>http://smoothieware.org/forum/t-460181#post-1413480</guid>
				<title>Re: Want to change the PIN configration</title>
				<link>http://smoothieware.org/forum/t-460181/want-to-change-the-pin-configration#post-1413480</link>
				<description></description>
				<pubDate>Tue, 10 Apr 2012 11:20:38 +0000</pubDate>
				<wikidot:authorName>arthurwolf</wikidot:authorName>				<wikidot:authorUserId>471107</wikidot:authorUserId>				<content:encoded>
					<![CDATA[
						 <p>You can use the config file in the wiki page, just change the pins for your configuration.</p> 
				 	]]>
				</content:encoded>							</item>
					<item>
				<guid>http://smoothieware.org/forum/t-460181#post-1413479</guid>
				<title>Re: Want to change the PIN configration</title>
				<link>http://smoothieware.org/forum/t-460181/want-to-change-the-pin-configration#post-1413479</link>
				<description></description>
				<pubDate>Tue, 10 Apr 2012 11:19:46 +0000</pubDate>
				<wikidot:authorName>talib</wikidot:authorName>				<wikidot:authorUserId>1339591</wikidot:authorUserId>				<content:encoded>
					<![CDATA[
						 <p>Hi,<br /> Is it already existing file(config. file) or I have to make it completely from scrach.</p> <p>Regards<br /> Talib Hussain</p> 
				 	]]>
				</content:encoded>							</item>
					<item>
				<guid>http://smoothieware.org/forum/t-460181#post-1413456</guid>
				<title>Re: Want to change the PIN configration</title>
				<link>http://smoothieware.org/forum/t-460181/want-to-change-the-pin-configration#post-1413456</link>
				<description></description>
				<pubDate>Tue, 10 Apr 2012 10:02:47 +0000</pubDate>
				<wikidot:authorName>arthurwolf</wikidot:authorName>				<wikidot:authorUserId>471107</wikidot:authorUserId>				<content:encoded>
					<![CDATA[
						 <p>Hi !</p> <p>You need to use a configuration file on the SD card, like here : <a href="http://smoothieware.org/configuring-smoothie">http://smoothieware.org/configuring-smoothie</a></p> <p>Regards !</p> 
				 	]]>
				</content:encoded>							</item>
					<item>
				<guid>http://smoothieware.org/forum/t-460181#post-1413455</guid>
				<title>Want to change the PIN configration</title>
				<link>http://smoothieware.org/forum/t-460181/want-to-change-the-pin-configration#post-1413455</link>
				<description></description>
				<pubDate>Tue, 10 Apr 2012 10:00:56 +0000</pubDate>
				<wikidot:authorName>talib</wikidot:authorName>				<wikidot:authorUserId>1339591</wikidot:authorUserId>				<content:encoded>
					<![CDATA[
						 <p>Dear Sir,</p> <p>Thanks for quick response for previous question<br /> I want to change the PIN configration because I am using MBed with different Board so I have different PIN configration. After installation I found PINS for Extruder and SD Card under (main.Cpp) but could not find PINS for X,Y,Z and end switches, where could I find them please guide me.<br /> please guide me.<br /> Hope to hear you soon.<br /> Regards<br /> Talib Hussain</p> 
				 	]]>
				</content:encoded>							</item>
				</channel>
</rss>