<?xml version="1.0" encoding="UTF-8" ?>
<rss version="2.0" xmlns:content="http://purl.org/rss/1.0/modules/content/" xmlns:wikidot="http://www.wikidot.com/rss-namespace">

	<channel>
		<title>Checksum problems...</title>
		<link>http://smoothieware.org/forum/t-487284/checksum-problems</link>
		<description>Posts in the discussion thread &quot;Checksum problems...&quot; - Checksum problems???</description>
				<copyright></copyright>
		<lastBuildDate>Thu, 30 Oct 2014 09:32:56 +0000</lastBuildDate>
		
					<item>
				<guid>http://smoothieware.org/forum/t-487284#post-1476465</guid>
				<title>Re: Checksum problems...</title>
				<link>http://smoothieware.org/forum/t-487284/checksum-problems#post-1476465</link>
				<description></description>
				<pubDate>Sun, 10 Jun 2012 19:48:47 +0000</pubDate>
				<wikidot:authorName>arthurwolf</wikidot:authorName>				<wikidot:authorUserId>471107</wikidot:authorUserId>				<content:encoded>
					<![CDATA[
						 <p>There are some comments in the code itself.</p> <p>If you need any help about anything specific, you can ask here or on IRC. I can help you, and so can many others now.</p> 
				 	]]>
				</content:encoded>							</item>
					<item>
				<guid>http://smoothieware.org/forum/t-487284#post-1476455</guid>
				<title>Re: Checksum problems...</title>
				<link>http://smoothieware.org/forum/t-487284/checksum-problems#post-1476455</link>
				<description></description>
				<pubDate>Sun, 10 Jun 2012 19:38:56 +0000</pubDate>
				<wikidot:authorName>gyurma</wikidot:authorName>				<wikidot:authorUserId>1282890</wikidot:authorUserId>				<content:encoded>
					<![CDATA[
						 <p><strong>Thanks!</strong><br /> That made the trick!<br /> Pretty long booting time&#8230;<br /> So the skeleton works&#8230; Now i only need to understand all your ticker stuff&#8230;<br /> Is there any updated description of your code? (ADC, temperature, extruder, laser etc&#8230;)</p> 
				 	]]>
				</content:encoded>							</item>
					<item>
				<guid>http://smoothieware.org/forum/t-487284#post-1476432</guid>
				<title>Re: Checksum problems...</title>
				<link>http://smoothieware.org/forum/t-487284/checksum-problems#post-1476432</link>
				<description></description>
				<pubDate>Sun, 10 Jun 2012 19:08:06 +0000</pubDate>
				<wikidot:authorName>arthurwolf</wikidot:authorName>				<wikidot:authorUserId>471107</wikidot:authorUserId>				<content:encoded>
					<![CDATA[
						 <p>Are you using the bootloader for flashing ?<br /> If you are using a mbed board, and the default mbed upload method, you have to make a small modification to the .ld file.</p> <p>Help at the bottom of this page : <a href="http://smoothieware.org/flashing-the-bootloader">http://smoothieware.org/flashing-the-bootloader</a></p> 
				 	]]>
				</content:encoded>							</item>
					<item>
				<guid>http://smoothieware.org/forum/t-487284#post-1476431</guid>
				<title>Re: Checksum problems...</title>
				<link>http://smoothieware.org/forum/t-487284/checksum-problems#post-1476431</link>
				<description></description>
				<pubDate>Sun, 10 Jun 2012 19:05:57 +0000</pubDate>
				<wikidot:authorName>gyurma</wikidot:authorName>				<wikidot:authorUserId>1282890</wikidot:authorUserId>				<content:encoded>
					<![CDATA[
						 <p>I don't know what I am doing wrong.<br /> I use the edge now.<br /> Edge branch compiles, downloading works, but I get no communication with the MBED.<br /> Nothing.<br /> Not even the greeting message. Still default baud rate 9600 ?</p> 
				 	]]>
				</content:encoded>							</item>
					<item>
				<guid>http://smoothieware.org/forum/t-487284#post-1475488</guid>
				<title>Re: Checksum problems...</title>
				<link>http://smoothieware.org/forum/t-487284/checksum-problems#post-1475488</link>
				<description></description>
				<pubDate>Sat, 09 Jun 2012 14:35:34 +0000</pubDate>
				<wikidot:authorName>arthurwolf</wikidot:authorName>				<wikidot:authorUserId>471107</wikidot:authorUserId>				<content:encoded>
					<![CDATA[
						 <p>Hi !</p> <p>You should use the edge branch on github instead of master. master is quite old.<br /> <a href="https://github.com/arthurwolf/Smoothie/tree/edge">https://github.com/arthurwolf/Smoothie/tree/edge</a></p> <p>That should fix that kind of problem.</p> <blockquote> <p>Is there anyone who succeded to port the project back to the online compiler?</p> </blockquote> <p>Not that I know of, and I would recommend against it.</p> <blockquote> <p>Why did you need to compile the project offline?</p> </blockquote> <p>This is an opensource project, it would be very complicated to rely on a closed, proprietary online compiler.</p> <blockquote> <p>mbed library has built in interrupt and ticker handling stuff…</p> </blockquote> <p>The mbed libs are closed-source too.<br /> They helped prototyping in the very beginning, be now we use very little from them, and soon we will not use anything from them.</p> <p>The timer stuff in those libs is also very buggy, and not adapted to what Smoothie does.</p> <p>Please tell us if you get better results with the edge branch.</p> <p>Cheers !</p> 
				 	]]>
				</content:encoded>							</item>
					<item>
				<guid>http://smoothieware.org/forum/t-487284#post-1475376</guid>
				<title>Re: Checksum problems...</title>
				<link>http://smoothieware.org/forum/t-487284/checksum-problems#post-1475376</link>
				<description></description>
				<pubDate>Sat, 09 Jun 2012 08:27:07 +0000</pubDate>
				<wikidot:authorName>gyurma</wikidot:authorName>				<wikidot:authorUserId>1282890</wikidot:authorUserId>				<content:encoded>
					<![CDATA[
						 <p>Also:<br /> default_seek_rate == 47357 //not 6633<br /> default_feed_rate == 6633 //not 47357</p> 
				 	]]>
				</content:encoded>							</item>
					<item>
				<guid>http://smoothieware.org/forum/t-487284#post-1475371</guid>
				<title>Checksum problems...</title>
				<link>http://smoothieware.org/forum/t-487284/checksum-problems#post-1475371</link>
				<description></description>
				<pubDate>Sat, 09 Jun 2012 08:17:32 +0000</pubDate>
				<wikidot:authorName>gyurma</wikidot:authorName>				<wikidot:authorUserId>1282890</wikidot:authorUserId>				<content:encoded>
					<![CDATA[
						 <p>Hi!</p> <p>I tried to use your code, but I have problems. It seems as if some of your checkusm-s :D are incorrect&#8230;<br /> laser_module_enable should be 35529 instead of 42111 and<br /> uart0.baud_rate == 33990 instead of 10922.<br /> Actually 10922 is the checksum of baud_rate.</p> <p>Is there anyone who succeded to port the project back to the online compiler? Why did you need to compile the project offline? mbed library has built in interrupt and ticker handling stuff&#8230;</p> 
				 	]]>
				</content:encoded>							</item>
				</channel>
</rss>