<?xml version="1.0" encoding="UTF-8" ?>
<rss version="2.0" xmlns:content="http://purl.org/rss/1.0/modules/content/" xmlns:wikidot="http://www.wikidot.com/rss-namespace">

	<channel>
		<title>LPCXpresso in Fritzing</title>
		<link>http://smoothieware.org/forum/t-517971/lpcxpresso-in-fritzing</link>
		<description>Posts in the discussion thread &quot;LPCXpresso in Fritzing&quot;</description>
				<copyright></copyright>
		<lastBuildDate>Thu, 30 Oct 2014 09:32:50 +0000</lastBuildDate>
		
					<item>
				<guid>http://smoothieware.org/forum/t-517971#post-1500678</guid>
				<title>Re: LPCXpresso in Fritzing</title>
				<link>http://smoothieware.org/forum/t-517971/lpcxpresso-in-fritzing#post-1500678</link>
				<description></description>
				<pubDate>Fri, 06 Jul 2012 20:38:06 +0000</pubDate>
				<wikidot:authorName>arthurwolf</wikidot:authorName>				<wikidot:authorUserId>471107</wikidot:authorUserId>				<content:encoded>
					<![CDATA[
						 <p>You are not the first to ask.<br /> I had to make it by hand, it was an absolute pain, and I can't find for a way to export it, the exported files always come out empty &#8230;<br /> If you contact me by email ( <span class="wiki-email">moc.liamg|ruhtra.flow#moc.liamg|ruhtra.flow</span> ) I can send you all the files I have, and you can see if you can do something with them.</p> 
				 	]]>
				</content:encoded>							</item>
					<item>
				<guid>http://smoothieware.org/forum/t-517971#post-1500673</guid>
				<title>LPCXpresso in Fritzing</title>
				<link>http://smoothieware.org/forum/t-517971/lpcxpresso-in-fritzing#post-1500673</link>
				<description></description>
				<pubDate>Fri, 06 Jul 2012 20:34:33 +0000</pubDate>
				<wikidot:authorName>Vmtr</wikidot:authorName>				<wikidot:authorUserId>1395210</wikidot:authorUserId>				<content:encoded>
					<![CDATA[
						 <p>Where did you get the LPCXpresso part in your Fritzing picture? If it's online, can you supply the link?</p> 
				 	]]>
				</content:encoded>							</item>
				</channel>
</rss>