<?xml version="1.0" encoding="UTF-8" ?>
<rss version="2.0" xmlns:content="http://purl.org/rss/1.0/modules/content/" xmlns:wikidot="http://www.wikidot.com/rss-namespace">

	<channel>
		<title>planner understanding</title>
		<link>http://smoothieware.org/forum/t-513445/planner-understanding</link>
		<description>Posts in the discussion thread &quot;planner understanding&quot; - syncronisation of multiple planners</description>
				<copyright></copyright>
		<lastBuildDate>Thu, 30 Oct 2014 09:32:55 +0000</lastBuildDate>
		
					<item>
				<guid>http://smoothieware.org/forum/t-513445#post-1492754</guid>
				<title>Re: planner understanding</title>
				<link>http://smoothieware.org/forum/t-513445/planner-understanding#post-1492754</link>
				<description></description>
				<pubDate>Thu, 28 Jun 2012 08:26:08 +0000</pubDate>
				<wikidot:authorName>arthurwolf</wikidot:authorName>				<wikidot:authorUserId>471107</wikidot:authorUserId>				<content:encoded>
					<![CDATA[
						 <p>Hi !</p> <p>There is only one planner for all axes. It computes acceleration/deceleration curves for blocks in advance, those blocks are put into the queue ( there is only one ) and then the Stepper/Player modules read from that queue and execute it on all axes at once.</p> <p>Cheers !</p> 
				 	]]>
				</content:encoded>							</item>
					<item>
				<guid>http://smoothieware.org/forum/t-513445#post-1492750</guid>
				<title>planner understanding</title>
				<link>http://smoothieware.org/forum/t-513445/planner-understanding#post-1492750</link>
				<description></description>
				<pubDate>Thu, 28 Jun 2012 08:22:37 +0000</pubDate>
				<wikidot:authorName>xblades</wikidot:authorName>				<wikidot:authorUserId>1390239</wikidot:authorUserId>				<content:encoded>
					<![CDATA[
						 <p>Hi,<br /> i wanted to use smoothie in a 3d printer and wanted to ask, if the planners are syncronised. The steppers all have their own speed and delete the block at different speeds and times. So each planner looks at different parts of the curve. Is the syncronisation done at filling the planner queue ? So the new segment-block enteres the queue if all planner have room left in their queue ? -&gt; The planners have different count of block in the queue and calculate accelleration over this queue ?</p> <p>Stefan</p> 
				 	]]>
				</content:encoded>							</item>
				</channel>
</rss>