<?xml version="1.0" encoding="UTF-8" ?>
<rss version="2.0" xmlns:content="http://purl.org/rss/1.0/modules/content/" xmlns:wikidot="http://www.wikidot.com/rss-namespace">

	<channel>
		<title>New Config Example</title>
		<link>http://smoothieware.org/forum/t-533464/new-config-example</link>
		<description>Posts in the discussion thread &quot;New Config Example&quot; - Need full config example</description>
				<copyright></copyright>
		<lastBuildDate>Thu, 30 Oct 2014 09:32:48 +0000</lastBuildDate>
		
					<item>
				<guid>http://smoothieware.org/forum/t-533464#post-1514832</guid>
				<title>Re: New Config Example</title>
				<link>http://smoothieware.org/forum/t-533464/new-config-example#post-1514832</link>
				<description></description>
				<pubDate>Sun, 22 Jul 2012 12:20:53 +0000</pubDate>
				<wikidot:authorName>arthurwolf</wikidot:authorName>				<wikidot:authorUserId>471107</wikidot:authorUserId>				<content:encoded>
					<![CDATA[
						 <p>Hi !</p> <p>&quot;acceleration_checksum&quot; in the code is for the &quot;acceleration&quot; config option, not the &quot;extruder_acceleration&quot; option ( not implemented right now ).</p> <p>I added switch and other stuff to the example config file, I still need to document all of that, will do soon.</p> <p>If you notice anything else wrong, don't hesitate to tell me.</p> <p>Also if you want anything specific documented, you can create an issue on github : <a href="https://github.com/arthurwolf/Smoothie/issues?direction=desc&amp;sort=created&amp;state=open">https://github.com/arthurwolf/Smoothie/issues?direction=desc&amp;sort=created&amp;state=open</a> , that makes it much easier for me to keep track of what needs to be done</p> <p>+</p> 
				 	]]>
				</content:encoded>							</item>
					<item>
				<guid>http://smoothieware.org/forum/t-533464#post-1514829</guid>
				<title>New Config Example</title>
				<link>http://smoothieware.org/forum/t-533464/new-config-example#post-1514829</link>
				<description></description>
				<pubDate>Sun, 22 Jul 2012 12:00:31 +0000</pubDate>
				<wikidot:authorName>gyurma</wikidot:authorName>				<wikidot:authorUserId>1282890</wikidot:authorUserId>				<content:encoded>
					<![CDATA[
						 <p>Hi Arthur and co!</p> <p>It seems your smoothie is developing and growing big&#8230;</p> <p>I think it is time to make a new config file example with all the knew features included, because some of your config checksums don't match their names.<br /> For example the &quot;extruder_acceleration&quot; in the config is called &quot;acceleration_checksum&quot; in the code. This is not consistent.</p> <p>Also some new introduction to the new code stuff would be great. (exruder, tempereature, switch, ???)</p> 
				 	]]>
				</content:encoded>							</item>
				</channel>
</rss>