<?xml version="1.0" encoding="UTF-8" ?>
<rss version="2.0" xmlns:content="http://purl.org/rss/1.0/modules/content/" xmlns:wikidot="http://www.wikidot.com/rss-namespace">

	<channel>
		<title>features for cnc</title>
		<link>http://smoothieware.org/forum/t-567997/features-for-cnc</link>
		<description>Posts in the discussion thread &quot;features for cnc&quot; - any plan to support more CNC utilisation?
text display+buttons, pendant, XYZA display for coordonates...</description>
				<copyright></copyright>
		<lastBuildDate>Thu, 30 Oct 2014 09:32:47 +0000</lastBuildDate>
		
					<item>
				<guid>http://smoothieware.org/forum/t-567997#post-1571443</guid>
				<title>Re: features for cnc</title>
				<link>http://smoothieware.org/forum/t-567997/features-for-cnc#post-1571443</link>
				<description></description>
				<pubDate>Sun, 23 Sep 2012 08:15:35 +0000</pubDate>
				<wikidot:authorName>arthurwolf</wikidot:authorName>				<wikidot:authorUserId>471107</wikidot:authorUserId>				<content:encoded>
					<![CDATA[
						 <blockquote> <p>I'm really interested by your project for driving my CNC. This is a great work !</p> </blockquote> <p>Thanks !</p> <blockquote> <p>Such implementation seems to me more efficient than a system running Linux who has to problem to deal with realtime treads.</p> </blockquote> <p>I believe it is :)</p> <blockquote> <p>However to become a full replacement of the CNC PC in the workshop, I find usefull to support three more extensions:<br /> - LCD menu system (4 lines x 20 characters) with push button/encoder to control operation (select file, override speed, homing operation, etc…) like reprap firmwares</p> </blockquote> <p>In reprap firmwares ( marlin ) this is panelmax support. We have partial support for this in the &quot;panel&quot; branch of smoothie, for i2c lcds, with encoder and buttons. We plan on having full support for this soon.</p> <blockquote> <p>- wired 3 or 4 axis pendant like &quot;Universal-CNC-4-Axis-MPG-Pendant-Emergency-stop-controller-for-Siemens-FAGOR&quot;</p> </blockquote> <p>You would have to code support for that specific device. Logxen is working on smoothiepanel ( an equivalent of panelmax ) and it will have wii nunchuck support, so that's pretty similar.</p> <blockquote> <p>- CNC Digital Display Panel Board Module For 4 Axis like &quot;Digital-Display-Panel-Board-Module-for-4-Axis-CNC-Stepper-Motor-Driver&quot;</p> </blockquote> <p>That's probably quite easy to implement too.</p> <blockquote> <p>is such proposal matching or compatible with your plans ?</p> </blockquote> <p>Sure !</p> <blockquote> <p>are such features possible to embed in the space constrained memory?</p> </blockquote> <p>Of course. We use 180k of our current 512k flash available on the lpc1769. And such implementations don't use a lot of RAM.<br /> So there is room. And if we run out of space we'll make some of the more exotic interfaces optional ( will have to activate in the makefile ) and everything will be fine.</p> <p>Cheers !</p> <p>( the community hangs around #smoothieware on the freenode IRC server, come and join if you want )</p> <blockquote> <p>Pascal</p> </blockquote> 
				 	]]>
				</content:encoded>							</item>
					<item>
				<guid>http://smoothieware.org/forum/t-567997#post-1571200</guid>
				<title>features for cnc</title>
				<link>http://smoothieware.org/forum/t-567997/features-for-cnc#post-1571200</link>
				<description></description>
				<pubDate>Sat, 22 Sep 2012 22:56:13 +0000</pubDate>
				<wikidot:authorName>paba</wikidot:authorName>				<wikidot:authorUserId>1446437</wikidot:authorUserId>				<content:encoded>
					<![CDATA[
						 <p>I'm really interested by your project for driving my CNC. This is a great work !</p> <p>Such implementation seems to me more efficient than a system running Linux who has to problem to deal with realtime treads.<br /> However to become a full replacement of the CNC PC in the workshop, I find usefull to support three more extensions:<br /> - LCD menu system (4 lines x 20 characters) with push button/encoder to control operation (select file, override speed, homing operation, etc&#8230;) like reprap firmwares<br /> - wired 3 or 4 axis pendant like &quot;Universal-CNC-4-Axis-MPG-Pendant-Emergency-stop-controller-for-Siemens-FAGOR&quot;<br /> - CNC Digital Display Panel Board Module For 4 Axis like &quot;Digital-Display-Panel-Board-Module-for-4-Axis-CNC-Stepper-Motor-Driver&quot;</p> <p>is such proposal matching or compatible with your plans ?<br /> are such features possible to embed in the space constrained memory?</p> <p>Pascal</p> 
				 	]]>
				</content:encoded>							</item>
				</channel>
</rss>