<?xml version="1.0" encoding="UTF-8" ?>
<rss version="2.0" xmlns:content="http://purl.org/rss/1.0/modules/content/" xmlns:wikidot="http://www.wikidot.com/rss-namespace">

	<channel>
		<title>Non-cartesian 3D printer</title>
		<link>http://smoothieware.org/forum/t-574798/non-cartesian-3d-printer</link>
		<description>Posts in the discussion thread &quot;Non-cartesian 3D printer&quot; - Smoothie non-cartesian example needed</description>
				<copyright></copyright>
		<lastBuildDate>Thu, 30 Oct 2014 09:32:05 +0000</lastBuildDate>
		
					<item>
				<guid>http://smoothieware.org/forum/t-574798#post-1861691</guid>
				<title>Re: Non-cartesian 3D printer</title>
				<link>http://smoothieware.org/forum/t-574798/non-cartesian-3d-printer#post-1861691</link>
				<description></description>
				<pubDate>Tue, 01 Oct 2013 10:46:10 +0000</pubDate>
				<wikidot:authorName>dandumit</wikidot:authorName>				<wikidot:authorUserId>1201850</wikidot:authorUserId>				<content:encoded>
					<![CDATA[
						 <p>JPSB - you can do more simple than that : if you have a good quality driver with enough current output, you can also connect 2 stepper mtors to one driver !</p> <p>DAniel</p> 
				 	]]>
				</content:encoded>							</item>
					<item>
				<guid>http://smoothieware.org/forum/t-574798#post-1861688</guid>
				<title>Re: Non-cartesian 3D printer</title>
				<link>http://smoothieware.org/forum/t-574798/non-cartesian-3d-printer#post-1861688</link>
				<description></description>
				<pubDate>Tue, 01 Oct 2013 10:37:25 +0000</pubDate>
				<wikidot:authorName>arthurwolf</wikidot:authorName>				<wikidot:authorUserId>471107</wikidot:authorUserId>				<content:encoded>
					<![CDATA[
						 <p>Thanks for backing !!</p> 
				 	]]>
				</content:encoded>							</item>
					<item>
				<guid>http://smoothieware.org/forum/t-574798#post-1861685</guid>
				<title>Re: Non-cartesian 3D printer</title>
				<link>http://smoothieware.org/forum/t-574798/non-cartesian-3d-printer#post-1861685</link>
				<description></description>
				<pubDate>Tue, 01 Oct 2013 10:34:29 +0000</pubDate>
				<wikidot:authorName>JPSB</wikidot:authorName>				<wikidot:authorUserId>1737250</wikidot:authorUserId>				<content:encoded>
					<![CDATA[
						 <p>Thanks Arthur, just backed on Kickstarter ;)</p> 
				 	]]>
				</content:encoded>							</item>
					<item>
				<guid>http://smoothieware.org/forum/t-574798#post-1861677</guid>
				<title>Re: Non-cartesian 3D printer</title>
				<link>http://smoothieware.org/forum/t-574798/non-cartesian-3d-printer#post-1861677</link>
				<description></description>
				<pubDate>Tue, 01 Oct 2013 10:02:00 +0000</pubDate>
				<wikidot:authorName>arthurwolf</wikidot:authorName>				<wikidot:authorUserId>471107</wikidot:authorUserId>				<content:encoded>
					<![CDATA[
						 <p>Hi !</p> <p>You probably don't even need to code anything. Just choose two stepper drivers on the Smoothieboard, connect their step/dir/enable pins together, and just drive one of them as Z, both will move :)</p> <p>If you don't want to do any wiring, coding something is also possible, we have hooks that make this easy.</p> <p>Cheers !</p> 
				 	]]>
				</content:encoded>							</item>
					<item>
				<guid>http://smoothieware.org/forum/t-574798#post-1861674</guid>
				<title>Re: Non-cartesian 3D printer</title>
				<link>http://smoothieware.org/forum/t-574798/non-cartesian-3d-printer#post-1861674</link>
				<description></description>
				<pubDate>Tue, 01 Oct 2013 09:54:49 +0000</pubDate>
				<wikidot:authorName>JPSB</wikidot:authorName>				<wikidot:authorUserId>1737250</wikidot:authorUserId>				<content:encoded>
					<![CDATA[
						 <p>Hi Arthur</p> <p>Just a follow on from this, I'm planning on building a DLP based 3D printer (z-axis only) but my design uses two motors. Am I right in thinking that I can do something similar to the above and code a new module that copies the Z axis motor?</p> <p>Thanks</p> 
				 	]]>
				</content:encoded>							</item>
					<item>
				<guid>http://smoothieware.org/forum/t-574798#post-1589530</guid>
				<title>Re: Non-cartesian 3D printer</title>
				<link>http://smoothieware.org/forum/t-574798/non-cartesian-3d-printer#post-1589530</link>
				<description></description>
				<pubDate>Tue, 16 Oct 2012 11:50:09 +0000</pubDate>
				<wikidot:authorName>arthurwolf</wikidot:authorName>				<wikidot:authorUserId>471107</wikidot:authorUserId>				<content:encoded>
					<![CDATA[
						 <p>Smoothieboard will be out in 20 days for the folks that are on the reservation list.</p> 
				 	]]>
				</content:encoded>							</item>
					<item>
				<guid>http://smoothieware.org/forum/t-574798#post-1589528</guid>
				<title>Re: Non-cartesian 3D printer</title>
				<link>http://smoothieware.org/forum/t-574798/non-cartesian-3d-printer#post-1589528</link>
				<description></description>
				<pubDate>Tue, 16 Oct 2012 11:48:58 +0000</pubDate>
				<wikidot:authorName>Dipode</wikidot:authorName>				<wikidot:authorUserId>1465759</wikidot:authorUserId>				<content:encoded>
					<![CDATA[
						 <p>Thanks for your fast response. Good news!</p> <p>The 3D printer proto is almost done. I promise a video as soon as possible.<br /> What about SmoothieBoard availability?</p> 
				 	]]>
				</content:encoded>							</item>
					<item>
				<guid>http://smoothieware.org/forum/t-574798#post-1589498</guid>
				<title>Re: Non-cartesian 3D printer</title>
				<link>http://smoothieware.org/forum/t-574798/non-cartesian-3d-printer#post-1589498</link>
				<description></description>
				<pubDate>Tue, 16 Oct 2012 10:29:23 +0000</pubDate>
				<wikidot:authorName>arthurwolf</wikidot:authorName>				<wikidot:authorUserId>471107</wikidot:authorUserId>				<content:encoded>
					<![CDATA[
						 <p>Hi !</p> <p>Do you have any picture/schematic/rendering of your machine(s) ? I'd love to see that :)</p> <p>About your question, smoothie has completely abstracted arm solutions.<br /> This means to add a new arm solution all you have to code is a now module for the arm solution.</p> <p>A good example would be for example Logxen's recent work on a delta robot arm solution :&nbsp;<a href="https://github.com/logxen/Smoothie/compare/arthurwolf:edge...logxen:rostock">https://github.com/logxen/Smoothie/compare/arthurwolf:edge...logxen:rostock</a><br /> It's untested but it gives you a good idea of what is involved : basically you just have to provide a class, with functions that convert millimeters to steps, and smoothie takes care of the rest.</p> <p>Cheers !</p> 
				 	]]>
				</content:encoded>							</item>
					<item>
				<guid>http://smoothieware.org/forum/t-574798#post-1589436</guid>
				<title>Non-cartesian 3D printer</title>
				<link>http://smoothieware.org/forum/t-574798/non-cartesian-3d-printer#post-1589436</link>
				<description></description>
				<pubDate>Tue, 16 Oct 2012 08:07:34 +0000</pubDate>
				<wikidot:authorName>Dipode</wikidot:authorName>				<wikidot:authorUserId>1465759</wikidot:authorUserId>				<content:encoded>
					<![CDATA[
						 <p>Hello !</p> <p>Very interresting work! Thanks for that!</p> <p>I build a small CNC machine whose X and Y axis are replaced by linear arms pushing directly the spindle, in a &quot;bipod&quot; configuration. Stiffness and precision of the prototype are very impressive.</p> <p>I am now working for a repstrap 3D printer declination, called &quot;dipode&quot; (open source project), which should be very simple, cheap, effective and outstandingly fast. I really think that this innovative non-cartesian machine could outperform any current repstrap, according to both cost, speed or precision, but I lack a good stand-alone electronics solution.</p> <p>Today, these machines are drived (quite well) by emc2 / LinuxCNC running on an old laptop. Therefore, the step frequency limits the hardware speed.</p> <p>As you probably know, emc2 uses a single c module to translate from cartesian space to machine's linear drives (direct kinematics and inverse kinematics). You claim that Smoothie is tailored to handle non-cartesian architecture. I am not very comfortable with the software environment, so I need an example to learn how to cope with the relevant module.</p> <p>Thanks for your help!</p> 
				 	]]>
				</content:encoded>							</item>
				</channel>
</rss>