<?xml version="1.0" encoding="UTF-8" ?>
<rss version="2.0" xmlns:content="http://purl.org/rss/1.0/modules/content/" xmlns:wikidot="http://www.wikidot.com/rss-namespace">

	<channel>
		<title>Stepper drive</title>
		<link>http://smoothieware.org/forum/t-597158/stepper-drive</link>
		<description>Posts in the discussion thread &quot;Stepper drive&quot;</description>
				<copyright></copyright>
		<lastBuildDate>Thu, 30 Oct 2014 09:32:41 +0000</lastBuildDate>
		
					<item>
				<guid>http://smoothieware.org/forum/t-597158#post-1633194</guid>
				<title>Re: Stepper drive</title>
				<link>http://smoothieware.org/forum/t-597158/stepper-drive#post-1633194</link>
				<description></description>
				<pubDate>Fri, 30 Nov 2012 16:32:42 +0000</pubDate>
				<wikidot:authorName>arthurwolf</wikidot:authorName>				<wikidot:authorUserId>471107</wikidot:authorUserId>				<content:encoded>
					<![CDATA[
						 <p>StepStick is fine, with one important limitation. I'll get too hot long before you reach 2 Amps, they are designed to go up to approx 1.4A.<br /> If you want to go up to 2A you want to use these : <a href="http://www.panucatt.com/product_p/sd82b.htm">http://www.panucatt.com/product_p/sd82b.htm</a></p> 
				 	]]>
				</content:encoded>							</item>
					<item>
				<guid>http://smoothieware.org/forum/t-597158#post-1633111</guid>
				<title>Re: Stepper drive</title>
				<link>http://smoothieware.org/forum/t-597158/stepper-drive#post-1633111</link>
				<description></description>
				<pubDate>Fri, 30 Nov 2012 15:16:40 +0000</pubDate>
				<wikidot:authorName>Sailing_Nut</wikidot:authorName>				<wikidot:authorUserId>1497775</wikidot:authorUserId>				<content:encoded>
					<![CDATA[
						 <p>I'm going to take this slowly and learn along the way. Thanks for all of your help, you have taught me a lot!</p> <p>FYI, I found a part called the StepStick from Botronicz (would have posted a link but I don't have enough &quot;cred&quot; yet) that looks like a good lower cost option for the Pololu driver. Once I'm ready I'll go with these for my drivers, unless you tell me they are crap! ;-)</p> 
				 	]]>
				</content:encoded>							</item>
					<item>
				<guid>http://smoothieware.org/forum/t-597158#post-1632704</guid>
				<title>Re: Stepper drive</title>
				<link>http://smoothieware.org/forum/t-597158/stepper-drive#post-1632704</link>
				<description></description>
				<pubDate>Fri, 30 Nov 2012 04:27:26 +0000</pubDate>
				<wikidot:authorName>dandumit</wikidot:authorName>				<wikidot:authorUserId>1201850</wikidot:authorUserId>				<content:encoded>
					<![CDATA[
						 <p>Mr. Sailing_Nut , don't get me wrong but this path it's too complicated for your level now.</p> <p>6 lead motors can be driven both bipolar and unipolar.<br /> Indeed most simple method to drive a stepper it's to use unipolar drive with 4 transistors driving to ground.</p> <p>You can obtain fast and simple a driver capable of half step driving.<br /> 100 in-oz would be good for some simple tests.</p> 
				 	]]>
				</content:encoded>							</item>
					<item>
				<guid>http://smoothieware.org/forum/t-597158#post-1631941</guid>
				<title>Re: Stepper drive</title>
				<link>http://smoothieware.org/forum/t-597158/stepper-drive#post-1631941</link>
				<description></description>
				<pubDate>Thu, 29 Nov 2012 19:05:22 +0000</pubDate>
				<wikidot:authorName>Sailing_Nut</wikidot:authorName>				<wikidot:authorUserId>1497775</wikidot:authorUserId>				<content:encoded>
					<![CDATA[
						 <p>I misspoke on the stepper motors. They are 6 lead motors with each winding having a center tap. (not sure if these are classified as unipolar or bipolar)</p> <p><span style="text-decoration: underline;">The ratings are as follows:</span></p> <p><strong>Voltage:</strong> 4V<br /> <strong>Current</strong>: 2A<br /> <strong>Torque @ 800Hz:</strong> 100 in-oz<br /> <strong>Torque @ 1800Hz:</strong> 60 in-oz</p> <p>Do these look to be satisfactory for a CNC machine?</p> 
				 	]]>
				</content:encoded>							</item>
					<item>
				<guid>http://smoothieware.org/forum/t-597158#post-1631843</guid>
				<title>Re: Stepper drive</title>
				<link>http://smoothieware.org/forum/t-597158/stepper-drive#post-1631843</link>
				<description></description>
				<pubDate>Thu, 29 Nov 2012 16:50:07 +0000</pubDate>
				<wikidot:authorName>arthurwolf</wikidot:authorName>				<wikidot:authorUserId>471107</wikidot:authorUserId>				<content:encoded>
					<![CDATA[
						 <p>Not using microstepping is especially problematic on mills, you'll get very high resonnance at some specific speeds and your steppers will block.</p> <p>You *can* get something that will move, but it won't be very useful.<br /> I&nbsp;strongly recommend spending just a few $ more and get bipolar stepper motors and correct stepper drivers.</p> 
				 	]]>
				</content:encoded>							</item>
					<item>
				<guid>http://smoothieware.org/forum/t-597158#post-1631840</guid>
				<title>Re: Stepper drive</title>
				<link>http://smoothieware.org/forum/t-597158/stepper-drive#post-1631840</link>
				<description></description>
				<pubDate>Thu, 29 Nov 2012 16:45:33 +0000</pubDate>
				<wikidot:authorName>Sailing_Nut</wikidot:authorName>				<wikidot:authorUserId>1497775</wikidot:authorUserId>				<content:encoded>
					<![CDATA[
						 <p>What I'm trying to do is to build a very inexpensive mill just for the fun of building it. Not certain I would do much with it other than maybe some very light woodworking.</p> <p>I plan to learn on this project and then decide if I find it useful enough to rebuild a more &quot;proper&quot; version with what I have learned.</p> <p>I have some 4V 1A per coil unipolar steppers that I got from an old piece of equipment that I am going to use. These were directly driven on the original board simply with transisitors. I know that on the proginal piece of equipment they ran quite smoothly with this sort of drive setup. The only thing is that only one stepper at a time was running because of the rather odd drive circuit setup. There are 7 steppers and the common lines from each motor were routed to two transistors (one for each coil pair) and when the transistor was energized the common lines were connected to ground. Then each motor had 4 other transistors that switched power through the coils.</p> 
				 	]]>
				</content:encoded>							</item>
					<item>
				<guid>http://smoothieware.org/forum/t-597158#post-1631807</guid>
				<title>Re: Stepper drive</title>
				<link>http://smoothieware.org/forum/t-597158/stepper-drive#post-1631807</link>
				<description></description>
				<pubDate>Thu, 29 Nov 2012 16:17:14 +0000</pubDate>
				<wikidot:authorName>arthurwolf</wikidot:authorName>				<wikidot:authorUserId>471107</wikidot:authorUserId>				<content:encoded>
					<![CDATA[
						 <p>There are solutions that go to more than 2A, the A4989 is a good example, it's also cheap, and there are opensource designs around it.</p> 
				 	]]>
				</content:encoded>							</item>
					<item>
				<guid>http://smoothieware.org/forum/t-597158#post-1631797</guid>
				<title>Re: Stepper drive</title>
				<link>http://smoothieware.org/forum/t-597158/stepper-drive#post-1631797</link>
				<description></description>
				<pubDate>Thu, 29 Nov 2012 16:12:25 +0000</pubDate>
				<wikidot:authorName>dandumit</wikidot:authorName>				<wikidot:authorUserId>1201850</wikidot:authorUserId>				<content:encoded>
					<![CDATA[
						 <p>I fully agree with you. And believe me I have played a lot with various stepper drivers.<br /> Indeed inside those chips are complex mechanisms.</p> <p>On the other side : it's the fact that all allegro chips are for up to 2A per coil. This is more than enough for a 3D printer. For a bigger milling machine unfortunately it's needed more.</p> <p>On the end as a conclusion I don't see this solution as beeing put in practice.</p> 
				 	]]>
				</content:encoded>							</item>
					<item>
				<guid>http://smoothieware.org/forum/t-597158#post-1631790</guid>
				<title>Re: Stepper drive</title>
				<link>http://smoothieware.org/forum/t-597158/stepper-drive#post-1631790</link>
				<description></description>
				<pubDate>Thu, 29 Nov 2012 16:08:27 +0000</pubDate>
				<wikidot:authorName>arthurwolf</wikidot:authorName>				<wikidot:authorUserId>471107</wikidot:authorUserId>				<content:encoded>
					<![CDATA[
						 <p>There is a lot going into what the allegro chip for example do.<br /> I&nbsp;would strongly using something like the A4989, and external drivers.<br /> Driving the steppers directly is no small task, a lot goes into it, just look at the allegro chip's datasheet.</p> 
				 	]]>
				</content:encoded>							</item>
					<item>
				<guid>http://smoothieware.org/forum/t-597158#post-1631788</guid>
				<title>Re: Stepper drive</title>
				<link>http://smoothieware.org/forum/t-597158/stepper-drive#post-1631788</link>
				<description></description>
				<pubDate>Thu, 29 Nov 2012 16:06:41 +0000</pubDate>
				<wikidot:authorName>dandumit</wikidot:authorName>				<wikidot:authorUserId>1201850</wikidot:authorUserId>				<content:encoded>
					<![CDATA[
						 <p>at a second sought this solution may be improved !!<br /> A SPI DAc and you will get somehow &quot;theoretical&quot; very good and performant drivers !</p> 
				 	]]>
				</content:encoded>							</item>
					<item>
				<guid>http://smoothieware.org/forum/t-597158#post-1631779</guid>
				<title>Re: Stepper drive</title>
				<link>http://smoothieware.org/forum/t-597158/stepper-drive#post-1631779</link>
				<description></description>
				<pubDate>Thu, 29 Nov 2012 16:01:02 +0000</pubDate>
				<wikidot:authorName>dandumit</wikidot:authorName>				<wikidot:authorUserId>1201850</wikidot:authorUserId>				<content:encoded>
					<![CDATA[
						 <p>theoretically would be possible. However free/available output ports from MBED I don't think that it's workable. For a H bridge you need 4 pins or 2 + 1 (enable). For a motor you'll need 2&#160;H-bridges.</p> <p>And at the end what you will obtain ? A Stepper driver able to drive a motor only in full step mode &#8230;.</p> 
				 	]]>
				</content:encoded>							</item>
					<item>
				<guid>http://smoothieware.org/forum/t-597158#post-1631769</guid>
				<title>Re: Stepper drive</title>
				<link>http://smoothieware.org/forum/t-597158/stepper-drive#post-1631769</link>
				<description></description>
				<pubDate>Thu, 29 Nov 2012 15:53:49 +0000</pubDate>
				<wikidot:authorName>arthurwolf</wikidot:authorName>				<wikidot:authorUserId>471107</wikidot:authorUserId>				<content:encoded>
					<![CDATA[
						 <p>Hi !</p> <p>Doing so is possible. You could use smoothie to control directly L298 drivers. Would require some coding though.<br /> It's also a very very bad idea. The stepper drivers are used for a good reason :&nbsp;driver steppers without microstepping or voltage chopping is going to give you absolutely horrible movement ( understand :&nbsp;your machine will wake up the whole block and try to walk off your desk ).<br /> You really really want stepper drivers, there is a reason why everybody uses them. And they are not very expensive &#8230;</p> <p>Cheers !</p> 
				 	]]>
				</content:encoded>							</item>
					<item>
				<guid>http://smoothieware.org/forum/t-597158#post-1631751</guid>
				<title>Stepper drive</title>
				<link>http://smoothieware.org/forum/t-597158/stepper-drive#post-1631751</link>
				<description></description>
				<pubDate>Thu, 29 Nov 2012 15:36:06 +0000</pubDate>
				<wikidot:authorName>Sailing_Nut</wikidot:authorName>				<wikidot:authorUserId>1497775</wikidot:authorUserId>				<content:encoded>
					<![CDATA[
						 <p>Is it possible to modify (or maybe just configure) smoothie to &quot;directly&quot; drive steppers using an h-bridge instead of investing in stepper driver boards?</p> 
				 	]]>
				</content:encoded>							</item>
				</channel>
</rss>