<?xml version="1.0" encoding="UTF-8" ?>
<rss version="2.0" xmlns:content="http://purl.org/rss/1.0/modules/content/" xmlns:wikidot="http://www.wikidot.com/rss-namespace">

	<channel>
		<title>windows install is not working ok.</title>
		<link>http://smoothieware.org/forum/t-621946/windows-install-is-not-working-ok</link>
		<description>Posts in the discussion thread &quot;windows install is not working ok.&quot;</description>
				<copyright></copyright>
		<lastBuildDate>Thu, 30 Oct 2014 09:32:37 +0000</lastBuildDate>
		
					<item>
				<guid>http://smoothieware.org/forum/t-621946#post-1708765</guid>
				<title>Re: windows install is not working ok.</title>
				<link>http://smoothieware.org/forum/t-621946/windows-install-is-not-working-ok#post-1708765</link>
				<description></description>
				<pubDate>Tue, 12 Feb 2013 15:43:43 +0000</pubDate>
				<wikidot:authorName>Michel Pett</wikidot:authorName>				<wikidot:authorUserId>1331987</wikidot:authorUserId>				<content:encoded>
					<![CDATA[
						 <p>i like to now if the reset is working in pronteface and the sd card??<br /> if i ask with LS /SD/ comand i get ok but no info this only works with the serial poort.</p> 
				 	]]>
				</content:encoded>							</item>
					<item>
				<guid>http://smoothieware.org/forum/t-621946#post-1707997</guid>
				<title>Re: temperature update with pronterface</title>
				<link>http://smoothieware.org/forum/t-621946/windows-install-is-not-working-ok#post-1707997</link>
				<description></description>
				<pubDate>Mon, 11 Feb 2013 14:26:33 +0000</pubDate>
				<wikidot:authorName>Michel Pett</wikidot:authorName>				<wikidot:authorUserId>1331987</wikidot:authorUserId>				<content:encoded>
					<![CDATA[
						 <p>usb is working ok now had the wrong driver.<br /> you need to install the driver from the smoothie edge download.<br /> smoothie serial.inf</p> 
				 	]]>
				</content:encoded>							</item>
					<item>
				<guid>http://smoothieware.org/forum/t-621946#post-1707965</guid>
				<title>Re: temperature update with pronterface</title>
				<link>http://smoothieware.org/forum/t-621946/windows-install-is-not-working-ok#post-1707965</link>
				<description></description>
				<pubDate>Mon, 11 Feb 2013 13:30:27 +0000</pubDate>
				<wikidot:authorName>arthurwolf</wikidot:authorName>				<wikidot:authorUserId>471107</wikidot:authorUserId>				<content:encoded>
					<![CDATA[
						 <p>Use Linux for the moment :)</p> 
				 	]]>
				</content:encoded>							</item>
					<item>
				<guid>http://smoothieware.org/forum/t-621946#post-1707960</guid>
				<title>Re: temperature update with pronterface</title>
				<link>http://smoothieware.org/forum/t-621946/windows-install-is-not-working-ok#post-1707960</link>
				<description></description>
				<pubDate>Mon, 11 Feb 2013 13:25:11 +0000</pubDate>
				<wikidot:authorName>Michel Pett</wikidot:authorName>				<wikidot:authorUserId>1331987</wikidot:authorUserId>				<content:encoded>
					<![CDATA[
						 <p>i download the file.<br /> i zip the file and here i have this problem but the software works [ok]</p> <p>! C:\Users\test\Desktop\Smoothie-edge.zip: Kan Smoothie-edge\config-smoothieboard-copy_me_to_sd_card_and_rename_as_&quot;config&quot; niet aanmaken<br /> De syntaxis van de bestandsnaam, mapnaam of volumenaam is onjuist.<br /> ! C:\Users\test\Desktop\Smoothie-edge.zip: Poging tot herstel van ongeldige bestandsnaam<br /> ! C:\Users\test\Desktop\Smoothie-edge.zip: Bezig met wijzigen van naam Smoothie-edge\config-smoothieboard-copy_me_to_sd_card_and_rename_as_&quot;config&quot; naar Smoothie-edge\config-smoothieboard-copy_me_to_sd_card_and_rename_as__config_</p> <p>now i run windows install and get the black screen it runs but ad the end there are some problems.</p> <p>make[2]: Leaving directory &#8216;C:/Users/test/Desktop/Smoothie-edge/gcc4mbed/samples/FileTest&#8217;<br /> make[1]: Leaving directory &#8216;C:/Users/test/Desktop/Smoothie-edge/gcc4mbed/samples&#8217;<br /> ma 11-02-2013&#160;14:11:59,34 Executing C:\Users\test\Desktop\Smoothie-edge\gcc4mbed\external\win32\make.exe<br /> C:/Users/test/Desktop/Smoothie-edge/gcc4mbed/external/win32/make -C samples<br /> make[1]: Entering directory &#8216;C:/Users/test/Desktop/Smoothie-edge/gcc4mbed/samples&#8217;<br /> C:/Users/test/Desktop/Smoothie-edge/gcc4mbed/external/win32/make -C HelloWorld<br /> make[2]: Entering directory &#8216;C:/Users/test/Desktop/Smoothie-edge/gcc4mbed/samples/HelloWorld&#8217;<br /> &quot; CC &quot; main.cpp<br /> &quot; CC &quot; ../../src/gcc4mbed.c<br /> &quot; LD &quot; HelloWorld.elf<br /> text data bss dec hex filename<br /> 20524 1368 124 22016 5600 HelloWorld.elf<br /> &quot; OBJCOPY &quot; HelloWorld.hex<br /> &quot; OBJCOPY &quot; HelloWorld.bin<br /> &quot; DISASM &quot; LPC176x/HelloWorld.disasm<br /> ECHO is off (uit).<br /> $' \033[1;4m SIZE LPC1769 \033[0m'<br /> make[2]: Leaving directory &#8216;C:/Users/test/Desktop/Smoothie-edge/gcc4mbed/samples/HelloWorld&#8217;<br /> make[1]: Leaving directory &#8216;C:/Users/test/Desktop/Smoothie-edge/gcc4mbed/samples&#8217;<br /> Het systeem kan het opgegeven pad niet vinden.<br /> make[2]: <strong>* [size] Error 255<br /> make[1]: *</strong> [HelloWorld] Error 2<br /> make: *** [samples] Error 2<br /> ma 11-02-2013&#160;14:12:00,73 Failure forced early exit<br /> Druk op een toets om door te gaan&#8230;</p> <p>now i run the buildshell.</p> <p>C:\Users\test\Desktop\Smoothie-edge\gcc4mbed&gt;cd..</p> <p>C:\Users\test\Desktop\Smoothie-edge&gt;make clean.<br /> make.<br /> it runs but ad the end i get this.</p> <p>text data bss dec hex filename<br /> 188028 1740 4756 194524 2f7dc main.elf<br /> &quot; OBJCOPY &quot; main.hex<br /> &quot; OBJCOPY &quot; main.bin<br /> &quot; DISASM &quot; LPC176x/main.disasm<br /> ECHO is off (uit).<br /> $' \033[1;4m SIZE LPC1769 \033[0m'<br /> Het systeem kan het opgegeven pad niet vinden.<br /> make: *** [size] Error 255</p> <p>C:\Users\test\Desktop\Smoothie-edge&gt;</p> <p>now i have a main.bin this i copy to the sd card.<br /> now i reset the smoothie but he name is still the same on the sd card and the soft ware is not working.</p> <p>i did the same thing with Linux and it works ok.</p> 
				 	]]>
				</content:encoded>							</item>
					<item>
				<guid>http://smoothieware.org/forum/t-621946#post-1707690</guid>
				<title>Re: windows install is not working ok.</title>
				<link>http://smoothieware.org/forum/t-621946/windows-install-is-not-working-ok#post-1707690</link>
				<description></description>
				<pubDate>Mon, 11 Feb 2013 01:10:24 +0000</pubDate>
				<wikidot:authorName>dandumit</wikidot:authorName>				<wikidot:authorUserId>1201850</wikidot:authorUserId>				<content:encoded>
					<![CDATA[
						 <p>Hello Michel,<br /> Would you please give some more details about what it's not compiling ok under windows ?<br /> Are you referring to Smothie Firmware ?</p> <p>Daniel</p> 
				 	]]>
				</content:encoded>							</item>
					<item>
				<guid>http://smoothieware.org/forum/t-621946#post-1707437</guid>
				<title>Re: windows install is not working ok. </title>
				<link>http://smoothieware.org/forum/t-621946/windows-install-is-not-working-ok#post-1707437</link>
				<description></description>
				<pubDate>Sun, 10 Feb 2013 18:20:36 +0000</pubDate>
				<wikidot:authorName>Michel Pett</wikidot:authorName>				<wikidot:authorUserId>1331987</wikidot:authorUserId>				<content:encoded>
					<![CDATA[
						 <p>ok its working now.<br /> the problem is with windows you cant compile the software i don't no way.<br /> i have installed Linux and now it works ok.<br /> i have the motors working.<br /> the usb is not working so this is the next thing to get working.</p> 
				 	]]>
				</content:encoded>							</item>
					<item>
				<guid>http://smoothieware.org/forum/t-621946#post-1702869</guid>
				<title>windows install is not working  ok.</title>
				<link>http://smoothieware.org/forum/t-621946/windows-install-is-not-working-ok#post-1702869</link>
				<description></description>
				<pubDate>Mon, 04 Feb 2013 19:26:24 +0000</pubDate>
				<wikidot:authorName>Michel Pett</wikidot:authorName>				<wikidot:authorUserId>1331987</wikidot:authorUserId>				<content:encoded>
					<![CDATA[
						 <p>windows install is not working ok.</p> 
				 	]]>
				</content:encoded>							</item>
				</channel>
</rss>