<?xml version="1.0" encoding="UTF-8" ?>
<rss version="2.0" xmlns:content="http://purl.org/rss/1.0/modules/content/" xmlns:wikidot="http://www.wikidot.com/rss-namespace">

	<channel>
		<title>Mbed help</title>
		<link>http://smoothieware.org/forum/t-624720/mbed-help</link>
		<description>Posts in the discussion thread &quot;Mbed help&quot;</description>
				<copyright></copyright>
		<lastBuildDate>Thu, 30 Oct 2014 09:32:35 +0000</lastBuildDate>
		
					<item>
				<guid>http://smoothieware.org/forum/t-624720#post-1710384</guid>
				<title>Re: Mbed help</title>
				<link>http://smoothieware.org/forum/t-624720/mbed-help#post-1710384</link>
				<description></description>
				<pubDate>Thu, 14 Feb 2013 14:18:33 +0000</pubDate>
				<wikidot:authorName>arthurwolf</wikidot:authorName>				<wikidot:authorUserId>471107</wikidot:authorUserId>				<content:encoded>
					<![CDATA[
						 <p>Are you using windows ?</p> 
				 	]]>
				</content:encoded>							</item>
					<item>
				<guid>http://smoothieware.org/forum/t-624720#post-1710377</guid>
				<title>Re: Mbed help</title>
				<link>http://smoothieware.org/forum/t-624720/mbed-help#post-1710377</link>
				<description></description>
				<pubDate>Thu, 14 Feb 2013 14:08:15 +0000</pubDate>
				<wikidot:authorName>matrix11</wikidot:authorName>				<wikidot:authorUserId>1554667</wikidot:authorUserId>				<content:encoded>
					<![CDATA[
						 <p>thanks for the quick reply, I used the edge branch, same results.</p> 
				 	]]>
				</content:encoded>							</item>
					<item>
				<guid>http://smoothieware.org/forum/t-624720#post-1710290</guid>
				<title>Re: Mbed help</title>
				<link>http://smoothieware.org/forum/t-624720/mbed-help#post-1710290</link>
				<description></description>
				<pubDate>Thu, 14 Feb 2013 09:22:02 +0000</pubDate>
				<wikidot:authorName>arthurwolf</wikidot:authorName>				<wikidot:authorUserId>471107</wikidot:authorUserId>				<content:encoded>
					<![CDATA[
						 <p>Hi !</p> <p>0.7.0 sounds old, can you try with the latest edge branch from github ?<br /> Also, hang around the IRC channel, it's a great place to get answer and learn more.</p> <p>Cheers :)</p> 
				 	]]>
				</content:encoded>							</item>
					<item>
				<guid>http://smoothieware.org/forum/t-624720#post-1710173</guid>
				<title>Mbed help</title>
				<link>http://smoothieware.org/forum/t-624720/mbed-help#post-1710173</link>
				<description></description>
				<pubDate>Thu, 14 Feb 2013 04:40:43 +0000</pubDate>
				<wikidot:authorName>matrix11</wikidot:authorName>				<wikidot:authorUserId>1554667</wikidot:authorUserId>				<content:encoded>
					<![CDATA[
						 <p>I'm trying to compile the latest code to run on the mbed. It compiles fine, loads and it seems to run, but it does not send the printf statements over the USB. this is version 0.7.0</p> <p>Is there something else that needs to change with this newer version to make it use the mbed USB interface?<br /> Thanks</p> 
				 	]]>
				</content:encoded>							</item>
				</channel>
</rss>