<?xml version="1.0" encoding="UTF-8" ?>
<rss version="2.0" xmlns:content="http://purl.org/rss/1.0/modules/content/" xmlns:wikidot="http://www.wikidot.com/rss-namespace">

	<channel>
		<title>eg bot.</title>
		<link>http://smoothieware.org/forum/t-625843/eg-bot</link>
		<description>Posts in the discussion thread &quot;eg bot.&quot;</description>
				<copyright></copyright>
		<lastBuildDate>Thu, 30 Oct 2014 09:32:32 +0000</lastBuildDate>
		
					<item>
				<guid>http://smoothieware.org/forum/t-625843#post-1713897</guid>
				<title>Re: eg bot.</title>
				<link>http://smoothieware.org/forum/t-625843/eg-bot#post-1713897</link>
				<description></description>
				<pubDate>Mon, 18 Feb 2013 13:54:44 +0000</pubDate>
				<wikidot:authorName>arthurwolf</wikidot:authorName>				<wikidot:authorUserId>471107</wikidot:authorUserId>				<content:encoded>
					<![CDATA[
						 <p>It shouldn't be too hard to code servo support into smoothie, if you need help with that you can ask in the IRC channel.</p> 
				 	]]>
				</content:encoded>							</item>
					<item>
				<guid>http://smoothieware.org/forum/t-625843#post-1713889</guid>
				<title>Re: eg bot.</title>
				<link>http://smoothieware.org/forum/t-625843/eg-bot#post-1713889</link>
				<description></description>
				<pubDate>Mon, 18 Feb 2013 13:47:06 +0000</pubDate>
				<wikidot:authorName>Michel Pett</wikidot:authorName>				<wikidot:authorUserId>1331987</wikidot:authorUserId>				<content:encoded>
					<![CDATA[
						 <p>if i good yes but we miss the servo module.<br /> the servo lift the marker of the egg.</p> 
				 	]]>
				</content:encoded>							</item>
					<item>
				<guid>http://smoothieware.org/forum/t-625843#post-1713865</guid>
				<title>Re: eg bot.</title>
				<link>http://smoothieware.org/forum/t-625843/eg-bot#post-1713865</link>
				<description></description>
				<pubDate>Mon, 18 Feb 2013 12:49:41 +0000</pubDate>
				<wikidot:authorName>arthurwolf</wikidot:authorName>				<wikidot:authorUserId>471107</wikidot:authorUserId>				<content:encoded>
					<![CDATA[
						 <p>Hey !</p> <p>You want to control an eggbot with smoothie&nbsp;?</p> 
				 	]]>
				</content:encoded>							</item>
					<item>
				<guid>http://smoothieware.org/forum/t-625843#post-1713859</guid>
				<title>eg bot.</title>
				<link>http://smoothieware.org/forum/t-625843/eg-bot#post-1713859</link>
				<description></description>
				<pubDate>Mon, 18 Feb 2013 12:38:57 +0000</pubDate>
				<wikidot:authorName>Michel Pett</wikidot:authorName>				<wikidot:authorUserId>1331987</wikidot:authorUserId>				<content:encoded>
					<![CDATA[
						 <p>egg bot i like this funny thing.<br /> i am looking in the software but good not find a servo file.</p> <p>egg-bot on google.can not place a link.</p> 
				 	]]>
				</content:encoded>							</item>
				</channel>
</rss>