<?xml version="1.0" encoding="UTF-8" ?>
<rss version="2.0" xmlns:content="http://purl.org/rss/1.0/modules/content/" xmlns:wikidot="http://www.wikidot.com/rss-namespace">

	<channel>
		<title>configuration file pin format?</title>
		<link>http://smoothieware.org/forum/t-625440/configuration-file-pin-format</link>
		<description>Posts in the discussion thread &quot;configuration file pin format?&quot; - What does the config pin format x.yy mean?</description>
				<copyright></copyright>
		<lastBuildDate>Thu, 30 Oct 2014 09:32:28 +0000</lastBuildDate>
		
					<item>
				<guid>http://smoothieware.org/forum/t-625440#post-1714855</guid>
				<title>Re: configuration file pin format?</title>
				<link>http://smoothieware.org/forum/t-625440/configuration-file-pin-format#post-1714855</link>
				<description></description>
				<pubDate>Tue, 19 Feb 2013 17:42:40 +0000</pubDate>
				<wikidot:authorName>arthurwolf</wikidot:authorName>				<wikidot:authorUserId>471107</wikidot:authorUserId>				<content:encoded>
					<![CDATA[
						 <p>Hi !</p> <p>The config options are understood by the smoothie firmware. Each module has it's own set of options, you'll have to browse the code to find them all : <a href="https://github.com/arthurwolf/Smoothie">https://github.com/arthurwolf/Smoothie</a><br /> A good starting point to get a list of ( most ) config options is the example config file : <a href="https://github.com/arthurwolf/Smoothie/blob/edge/ConfigSamples/Smoothieboard/config">https://github.com/arthurwolf/Smoothie/blob/edge/ConfigSamples/Smoothieboard/config</a></p> <p>Cheers :)</p> 
				 	]]>
				</content:encoded>							</item>
					<item>
				<guid>http://smoothieware.org/forum/t-625440#post-1714852</guid>
				<title>Re: configuration file pin format?</title>
				<link>http://smoothieware.org/forum/t-625440/configuration-file-pin-format#post-1714852</link>
				<description></description>
				<pubDate>Tue, 19 Feb 2013 17:40:34 +0000</pubDate>
				<wikidot:authorName>Chelmite</wikidot:authorName>				<wikidot:authorUserId>1412237</wikidot:authorUserId>				<content:encoded>
					<![CDATA[
						 <p>In</p> <div class="code"> <pre> <code>alpha_step_pin 2.0 # Pin for alpha stepper step signal</code> </pre></div> <br /> 2.0 is the port.pin on the MCU.<br /> alpha_step_pin (1st column on the line) is a name that I'm guessing that some app, whether it's config or something else, knows about.<br /> I doubt that it's arbitrary text. Maybe, at a low level it is (such as in a program that reads the config file and puts it in a form that other apps can deal with it), but there must be a list of known names that the (some) app of interest knows about.
				 	]]>
				</content:encoded>							</item>
					<item>
				<guid>http://smoothieware.org/forum/t-625440#post-1713799</guid>
				<title>Re: configuration file pin format?</title>
				<link>http://smoothieware.org/forum/t-625440/configuration-file-pin-format#post-1713799</link>
				<description></description>
				<pubDate>Mon, 18 Feb 2013 09:17:02 +0000</pubDate>
				<wikidot:authorName>arthurwolf</wikidot:authorName>				<wikidot:authorUserId>471107</wikidot:authorUserId>				<content:encoded>
					<![CDATA[
						 <blockquote> <p>Okay, I'm starting to get it. They're ports on the processor, not the smoothie board.<br /> The smoothie board has some ports (e.g., JP7) whose individual pins have the port.pin notation.</p> </blockquote> <p>JP7 is just the name on the pcb of a set of pins broken out, yes.</p> <blockquote> <p>Is it true that these correspond to the port.pin on the MCU?</p> </blockquote> <p>Yes.</p> <blockquote> <p>If true, then the port.pin referenced in the config file is constrained to where the port.pin is brought out on the smoothieboard.</p> </blockquote> <p>Yes.</p> <blockquote> <p>The choice of names used in the first column of the config must be constrained to some set of names known to the software.</p> </blockquote> <p>Names in the first column ? Constrained ? I'm not sure I get it.</p> <blockquote> <p>Where is that set of names defined?</p> </blockquote> <p>Not sure what you mean.</p> <p>Cheers !</p> 
				 	]]>
				</content:encoded>							</item>
					<item>
				<guid>http://smoothieware.org/forum/t-625440#post-1713266</guid>
				<title>Re: configuration file pin format?</title>
				<link>http://smoothieware.org/forum/t-625440/configuration-file-pin-format#post-1713266</link>
				<description></description>
				<pubDate>Sun, 17 Feb 2013 23:42:57 +0000</pubDate>
				<wikidot:authorName>Chelmite</wikidot:authorName>				<wikidot:authorUserId>1412237</wikidot:authorUserId>				<content:encoded>
					<![CDATA[
						 <p>Okay, I'm starting to get it. They're ports on the processor, not the smoothie board.<br /> The smoothie board has some ports (<em>e.g.</em>, JP7) whose individual pins have the port.pin notation.<br /> Is it true that these correspond to the port.pin on the MCU?<br /> If true, then the port.pin referenced in the config file is constrained to where the port.pin is brought out on the smoothieboard.<br /> The choice of names used in the first column of the config must be constrained to some set of names known to the software.<br /> Where is <em>that</em> set of names defined?</p> <p>Thanks for your help!<br /> Steve</p> 
				 	]]>
				</content:encoded>							</item>
					<item>
				<guid>http://smoothieware.org/forum/t-625440#post-1712766</guid>
				<title>Re: configuration file pin format?</title>
				<link>http://smoothieware.org/forum/t-625440/configuration-file-pin-format#post-1712766</link>
				<description></description>
				<pubDate>Sun, 17 Feb 2013 11:29:19 +0000</pubDate>
				<wikidot:authorName>arthurwolf</wikidot:authorName>				<wikidot:authorUserId>471107</wikidot:authorUserId>				<content:encoded>
					<![CDATA[
						 <p>Hi !</p> <p>Pins are under the format &quot;port.pin&quot; where port is the port number, and pin is the pin number inside that port.<br /> The LPC1769 has 5 ports, each port has ( up to ) 32 pins.<br /> It's just a way of naming pins, that's internally used by the MCU.<br /> The last page here should help : <a href="http://www.embeddedartists.com/sites/default/files/docs/schematics/LPCXpressoLPC1769revB.pdf">http://www.embeddedartists.com/sites/default/files/docs/schematics/LPCXpressoLPC1769revB.pdf</a><br /> Also, the user manual for the LPC1769.</p> <p>Cheers :)</p> 
				 	]]>
				</content:encoded>							</item>
					<item>
				<guid>http://smoothieware.org/forum/t-625440#post-1712709</guid>
				<title>configuration file pin format?</title>
				<link>http://smoothieware.org/forum/t-625440/configuration-file-pin-format#post-1712709</link>
				<description></description>
				<pubDate>Sun, 17 Feb 2013 07:09:32 +0000</pubDate>
				<wikidot:authorName>Chelmite</wikidot:authorName>				<wikidot:authorUserId>1412237</wikidot:authorUserId>				<content:encoded>
					<![CDATA[
						 <p>I'm trying to hook up a rotary encoder. Arthur suggested using;<br /> <tt>panel.encoder_a_pin 0.15!<br /> panel.encoder_b_pin 0.17!</tt><br /> From smoothieware.org-slash-configuring-smoothie, the exclamation point means an inverted pin,<br /> but what does 0.15 refer to?<br /> I tried looking at other config entries from ConfigSamples-slash-Smoothieboard-slash-config,<br /> in an attempt to try to decipher the numbering convention.<br /> <tt># Stepper module pins ( ports, and pin numbers, appending &quot;!&quot; to the number will invert a pin )<br /> alpha_step_pin 2.0 # Pin for alpha stepper step signal<br /> alpha_dir_pin 0.5 # Pin for alpha stepper direction<br /> alpha_en_pin 0.4 # Pin for alpha enable pin<br /> alpha_current 1.5 # X stepper motor current</tt><br /> Does this mean that 2 of the alpha ports are on port 0, and one each on ports 1 &amp; 2?<br /> When I look at the smoothieboard pinouts, the alpha driver is on JP7, and JP7 has only 4 pins.</p> <p>I don't get it. Any help would be appreciated.</p> <p>Chelmite</p> 
				 	]]>
				</content:encoded>							</item>
				</channel>
</rss>