<?xml version="1.0" encoding="UTF-8" ?>
<rss version="2.0" xmlns:content="http://purl.org/rss/1.0/modules/content/" xmlns:wikidot="http://www.wikidot.com/rss-namespace">

	<channel>
		<title>Schematics</title>
		<link>http://smoothieware.org/forum/t-646682/schematics</link>
		<description>Posts in the discussion thread &quot;Schematics&quot;</description>
				<copyright></copyright>
		<lastBuildDate>Thu, 30 Oct 2014 09:32:26 +0000</lastBuildDate>
		
					<item>
				<guid>http://smoothieware.org/forum/t-646682#post-1758765</guid>
				<title>Re: Schematics</title>
				<link>http://smoothieware.org/forum/t-646682/schematics#post-1758765</link>
				<description></description>
				<pubDate>Tue, 23 Apr 2013 17:35:39 +0000</pubDate>
				<wikidot:authorName>arthurwolf</wikidot:authorName>				<wikidot:authorUserId>471107</wikidot:authorUserId>				<content:encoded>
					<![CDATA[
						 <p>Hi !</p> <p>The free version of Eagle ( make sure you get the latest version ) can open the smoothie schematics and pcb files !<br /> Have fun with it :)</p> <p>Cheers !</p> 
				 	]]>
				</content:encoded>							</item>
					<item>
				<guid>http://smoothieware.org/forum/t-646682#post-1758754</guid>
				<title>Schematics</title>
				<link>http://smoothieware.org/forum/t-646682/schematics#post-1758754</link>
				<description></description>
				<pubDate>Tue, 23 Apr 2013 17:27:16 +0000</pubDate>
				<wikidot:authorName>oldtincup</wikidot:authorName>				<wikidot:authorUserId>1612054</wikidot:authorUserId>				<content:encoded>
					<![CDATA[
						 <p>This project interests me. I would really like to look at the schematics, but I don't have Eagle. Correct me if I am wrong but it doesn't look like the free version has the capablities to open this. Is there a copy available in pdf, png, jpg or someing I can more readily use?</p> 
				 	]]>
				</content:encoded>							</item>
				</channel>
</rss>