<?xml version="1.0" encoding="UTF-8" ?>
<rss version="2.0" xmlns:content="http://purl.org/rss/1.0/modules/content/" xmlns:wikidot="http://www.wikidot.com/rss-namespace">

	<channel>
		<title>No Power to Motors, connected and talking to micro fine</title>
		<link>http://smoothieware.org/forum/t-653311/no-power-to-motors-connected-and-talking-to-micro-fine</link>
		<description>Posts in the discussion thread &quot;No Power to Motors, connected and talking to micro fine&quot; - 24V supplied, and talking to Smoothie, but no Power out to M1-M4</description>
				<copyright></copyright>
		<lastBuildDate>Thu, 30 Oct 2014 09:32:20 +0000</lastBuildDate>
		
					<item>
				<guid>http://smoothieware.org/forum/t-653311#post-1776828</guid>
				<title>Re: No Power to Motors, connected and talking to micro fine</title>
				<link>http://smoothieware.org/forum/t-653311/no-power-to-motors-connected-and-talking-to-micro-fine#post-1776828</link>
				<description></description>
				<pubDate>Thu, 16 May 2013 21:20:55 +0000</pubDate>
				<wikidot:authorName>SuperSmooth</wikidot:authorName>				<wikidot:authorUserId>1629646</wikidot:authorUserId>				<content:encoded>
					<![CDATA[
						 <p>Yep, no power on those points.</p> <p>Okay, when I measure across the diode with my meter on diode, I get overload both directions. Good suggestion to check it.<br /> Thanks for your help. I'll post back when I get it replaced with hopefully jubilation.</p> 
				 	]]>
				</content:encoded>							</item>
					<item>
				<guid>http://smoothieware.org/forum/t-653311#post-1776804</guid>
				<title>Re: No Power to Motors, connected and talking to micro fine</title>
				<link>http://smoothieware.org/forum/t-653311/no-power-to-motors-connected-and-talking-to-micro-fine#post-1776804</link>
				<description></description>
				<pubDate>Thu, 16 May 2013 21:00:32 +0000</pubDate>
				<wikidot:authorName>arthurwolf</wikidot:authorName>				<wikidot:authorUserId>471107</wikidot:authorUserId>				<content:encoded>
					<![CDATA[
						 <p>You can use the VBB and GND pins on the &quot;external driver&quot; connector ( between the stepper drivers ).</p> 
				 	]]>
				</content:encoded>							</item>
					<item>
				<guid>http://smoothieware.org/forum/t-653311#post-1776795</guid>
				<title>Re: No Power to Motors, connected and talking to micro fine</title>
				<link>http://smoothieware.org/forum/t-653311/no-power-to-motors-connected-and-talking-to-micro-fine#post-1776795</link>
				<description></description>
				<pubDate>Thu, 16 May 2013 20:47:01 +0000</pubDate>
				<wikidot:authorName>SuperSmooth</wikidot:authorName>				<wikidot:authorUserId>1629646</wikidot:authorUserId>				<content:encoded>
					<![CDATA[
						 <p>Yes, I am 100% certain the polarity is correct per the smoothieboard page.<br /> GND is next to the diode/mosfet side of board, and Power is next to the 5V connector as I am using the 2-pin hole, not the ATX configuration. I've checked and rechecked that with a meter.</p> <p>With power off, if I turn the motor shaft, it lights up LED10 while turning.</p> <p>Are there 24V test points on this board?</p> 
				 	]]>
				</content:encoded>							</item>
					<item>
				<guid>http://smoothieware.org/forum/t-653311#post-1776788</guid>
				<title>Re: No Power to Motors, connected and talking to micro fine</title>
				<link>http://smoothieware.org/forum/t-653311/no-power-to-motors-connected-and-talking-to-micro-fine#post-1776788</link>
				<description></description>
				<pubDate>Thu, 16 May 2013 20:32:44 +0000</pubDate>
				<wikidot:authorName>arthurwolf</wikidot:authorName>				<wikidot:authorUserId>471107</wikidot:authorUserId>				<content:encoded>
					<![CDATA[
						 <p>Are you absolutely 100% positive that the polarity is correct ?<br /> If it isn't, or if you before connected it in reverse then changed to correct, it is possible the diode died. It can sacrifice itself to save the rest of the board.</p> 
				 	]]>
				</content:encoded>							</item>
					<item>
				<guid>http://smoothieware.org/forum/t-653311#post-1776786</guid>
				<title>Re: No Power to Motors, connected and talking to micro fine</title>
				<link>http://smoothieware.org/forum/t-653311/no-power-to-motors-connected-and-talking-to-micro-fine#post-1776786</link>
				<description></description>
				<pubDate>Thu, 16 May 2013 20:29:34 +0000</pubDate>
				<wikidot:authorName>SuperSmooth</wikidot:authorName>				<wikidot:authorUserId>1629646</wikidot:authorUserId>				<content:encoded>
					<![CDATA[
						 <p>I meant to say a 2-pin connector for 24V (Not ATX Configuration).<br /> and I should have said, Correct, LED10 is not lit.</p> 
				 	]]>
				</content:encoded>							</item>
					<item>
				<guid>http://smoothieware.org/forum/t-653311#post-1776784</guid>
				<title>Re: No Power to Motors, connected and talking to micro fine</title>
				<link>http://smoothieware.org/forum/t-653311/no-power-to-motors-connected-and-talking-to-micro-fine#post-1776784</link>
				<description></description>
				<pubDate>Thu, 16 May 2013 20:28:03 +0000</pubDate>
				<wikidot:authorName>SuperSmooth</wikidot:authorName>				<wikidot:authorUserId>1629646</wikidot:authorUserId>				<content:encoded>
					<![CDATA[
						 <p>Yes, Polarity is correct. I am using a pin Connector, with GND closest to the Mosfet side of the board, then Power.</p> <p>No, LED10 is not lit. (We're getting closer :) ) I do measure 24V across the outside legs of the Recovery Diode.</p> 
				 	]]>
				</content:encoded>							</item>
					<item>
				<guid>http://smoothieware.org/forum/t-653311#post-1776777</guid>
				<title>Re: No Power to Motors, connected and talking to micro fine</title>
				<link>http://smoothieware.org/forum/t-653311/no-power-to-motors-connected-and-talking-to-micro-fine#post-1776777</link>
				<description></description>
				<pubDate>Thu, 16 May 2013 20:19:26 +0000</pubDate>
				<wikidot:authorName>SuperSmooth</wikidot:authorName>				<wikidot:authorUserId>1629646</wikidot:authorUserId>				<content:encoded>
					<![CDATA[
						 <p>It appears to do everything it seems except move a motor.<br /> I can Set Heater Temp, Set Bed Temp, Check Temp. (obviously I don't have the HW hooked up, but the SW is responding to the given requests). The SW even responds to the Home X button, but since there is no power on the motor, nothing physically moves.</p> <p>That's why I wondered if there is something wrong with the power supply circuit on this board.</p> 
				 	]]>
				</content:encoded>							</item>
					<item>
				<guid>http://smoothieware.org/forum/t-653311#post-1776776</guid>
				<title>Re: No Power to Motors, connected and talking to micro fine</title>
				<link>http://smoothieware.org/forum/t-653311/no-power-to-motors-connected-and-talking-to-micro-fine#post-1776776</link>
				<description></description>
				<pubDate>Thu, 16 May 2013 20:19:22 +0000</pubDate>
				<wikidot:authorName>arthurwolf</wikidot:authorName>				<wikidot:authorUserId>471107</wikidot:authorUserId>				<content:encoded>
					<![CDATA[
						 <p>LED10 is the 24 ( VMOT&nbsp;) status indicator led.<br /> Is it lit up ? ( I&nbsp;suppose not ).<br /> Are you sure you have the polarity right ?</p> 
				 	]]>
				</content:encoded>							</item>
					<item>
				<guid>http://smoothieware.org/forum/t-653311#post-1776767</guid>
				<title>Re: No Power to Motors, connected and talking to micro fine</title>
				<link>http://smoothieware.org/forum/t-653311/no-power-to-motors-connected-and-talking-to-micro-fine#post-1776767</link>
				<description></description>
				<pubDate>Thu, 16 May 2013 20:10:47 +0000</pubDate>
				<wikidot:authorName>SuperSmooth</wikidot:authorName>				<wikidot:authorUserId>1629646</wikidot:authorUserId>				<content:encoded>
					<![CDATA[
						 <p>No. Just have 1 Motor plugged into M1<br /> USB to computer<br /> and 24V to VBB.<br /> and 2gb micro sd card in slot with config file on it, and flashed FW.<br /> Nothing else is even hooked up.</p> <p>I can connect to the board with Pronterface and receive &quot;printer is now online&quot;. When I click on the X Motor it does not even enable the motor. The board is not passing the power to the M1 (or any other Mout) connector. Is there somewhere I could probe to determine the board is good.</p> <p>Also, are the LEDs any help for diagnosis? I only have LED 1, LED3, and LED9 lit. (and they are immediately when applying 5V). When 24V is applied no LED on the board lights up. Is there a 24V status light?</p> 
				 	]]>
				</content:encoded>							</item>
					<item>
				<guid>http://smoothieware.org/forum/t-653311#post-1776760</guid>
				<title>Re: No Power to Motors, connected and talking to micro fine</title>
				<link>http://smoothieware.org/forum/t-653311/no-power-to-motors-connected-and-talking-to-micro-fine#post-1776760</link>
				<description></description>
				<pubDate>Thu, 16 May 2013 20:04:16 +0000</pubDate>
				<wikidot:authorName>arthurwolf</wikidot:authorName>				<wikidot:authorUserId>471107</wikidot:authorUserId>				<content:encoded>
					<![CDATA[
						 <p>Your config looks good. Is there anything special about your setup ?</p> 
				 	]]>
				</content:encoded>							</item>
					<item>
				<guid>http://smoothieware.org/forum/t-653311#post-1776747</guid>
				<title>Re: No Power to Motors, connected and talking to micro fine</title>
				<link>http://smoothieware.org/forum/t-653311/no-power-to-motors-connected-and-talking-to-micro-fine#post-1776747</link>
				<description></description>
				<pubDate>Thu, 16 May 2013 19:47:58 +0000</pubDate>
				<wikidot:authorName>SuperSmooth</wikidot:authorName>				<wikidot:authorUserId>1629646</wikidot:authorUserId>				<content:encoded>
					<![CDATA[
						 <p>Yes. It is a new board so I am just using the stock sample config from the edge branch.</p> <ol> <li>Robot module configurations : general handling of movement G-codes and slicing into moves</li> </ol> <p>default_feed_rate 4000 # Default rate ( mm/minute ) for G1/G2/G3 moves<br /> default_seek_rate 4000 # Default rate ( mm/minute ) for G0 moves<br /> mm_per_arc_segment 0.5 # Arcs are cut into segments ( lines )<br /> mm_per_line_segment 5 # Lines can be cut into segments</p> <ol> <li>Arm solution configuration : Cartesian robot. Translates mm positions into stepper positions</li> </ol> <p>alpha_steps_per_mm 80 # Steps per mm for alpha stepper<br /> beta_steps_per_mm 80 # Steps per mm for beta stepper<br /> gamma_steps_per_mm 1600 # Steps per mm for gamma stepper</p> <ol> <li>Planner module configuration : Look-ahead and acceleration configuration</li> </ol> <p>planner_queue_size 64 # Size of the planning queue, must be a power of 2. 128 seems to be the maximum.<br /> acceleration 3000 # Acceleration in mm/second/second.<br /> acceleration_ticks_per_second 1000 # Number of times per second the speed is updated<br /> junction_deviation 0.05 # Similar to the old &quot;max_jerk&quot;</p> <ol> <li>Stepper module configuration</li> </ol> <p>microseconds_per_step_pulse 1 # Duration of step pulses to stepper drivers, in microseconds<br /> minimum_steps_per_minute 1200 # Never step slower than this<br /> base_stepping_frequency 100000 # Base frequency for stepping, higher gives smoother movement</p> <ol> <li>Stepper module pins ( ports, and pin numbers, appending &quot;!&quot; to the number will invert a pin )</li> </ol> <p>alpha_step_pin 2.0 # Pin for alpha stepper step signal<br /> alpha_dir_pin 0.5 # Pin for alpha stepper direction<br /> alpha_en_pin 0.4 # Pin for alpha enable pin<br /> alpha_current 1.5 # X stepper motor current<br /> x_axis_max_speed 30000 # mm/min</p> <p>beta_step_pin 2.1 # Pin for beta stepper step signal<br /> beta_dir_pin 0.11 # Pin for beta stepper direction<br /> beta_en_pin 0.10 # Pin for beta enable<br /> beta_current 1.5 # Y stepper motor current<br /> y_axis_max_speed 30000 # mm/min</p> <p>gamma_step_pin 2.2 # Pin for gamma stepper step signal<br /> gamma_dir_pin 0.20 # Pin for gamma stepper direction<br /> gamma_en_pin 0.19 # Pin for gamma enable<br /> gamma_current 1.5 # Z stepper motor current<br /> z_axis_max_speed 300 # mm/min</p> <ol> <li>Serial communications configuration ( baud rate default to 9600 if undefined )</li> </ol> <p>uart0.baud_rate 115200 # Baud rate for the default hardware serial port<br /> second_usb_serial_enable false # This enables a second usb serial port (to have both pronterface and a terminal connected)</p> <ol> <li>Extruder module configuration</li> </ol> <p>extruder_module_enable true # Whether to activate the extruder module at all. All configuration is ignored if false<br /> extruder_steps_per_mm 140 # Steps per mm for extruder stepper<br /> extruder_default_feed_rate 600 # Default rate ( mm/minute ) for moves where only the extruder moves<br /> extruder_acceleration 50 # Acceleration for the stepper motor, as of 0.6, arbitrary ratio<br /> extruder_max_speed 1000 # mm^3/s</p> <p>extruder_step_pin 2.3 # Pin for extruder step signal<br /> extruder_dir_pin 0.22 # Pin for extruder dir signal<br /> extruder_en_pin 0.21 # Pin for extruder enable signal<br /> delta_current 1.5 # Extruder stepper motor current</p> <ol> <li>Laser module configuration</li> </ol> <p>laser_module_enable false # Whether to activate the laser module at all. All configuration is ignored if false.</p> <ol> <li>Hotend temperature control configuration</li> </ol> <p>temperature_control.hotend.enable true # Whether to activate this ( &quot;hotend&quot; ) module at all. All configuration is ignored if false.<br /> temperature_control.hotend.thermistor_pin 0.23 # Pin for the thermistor to read<br /> temperature_control.hotend.heater_pin 2.7 # Pin that controls the heater<br /> temperature_control.hotend.thermistor EPCOS100K # see src/modules/tools/temperaturecontrol/TemperatureControl.cpp:64 for a list of valid thermistor names<br /> temperature_control.hotend.set_m_code 104 #<br /> temperature_control.hotend.set_and_wait_m_code 109 #<br /> temperature_control.hotend.designator T #</p> <p>temperature_control.bed.enable true #<br /> temperature_control.bed.thermistor_pin 0.24 #<br /> temperature_control.bed.heater_pin 2.5 #<br /> temperature_control.bed.thermistor Honeywell100K # see src/modules/tools/temperaturecontrol/TemperatureControl.cpp:64 for a list of valid thermistor names<br /> temperature_control.bed.set_m_code 140 #<br /> temperature_control.bed.set_and_wait_m_code 190 #<br /> temperature_control.bed.designator B #</p> <ol> <li>Switch module for fan control</li> </ol> <p>switch.fan.enable true #<br /> switch.fan.on_m_code 106 #<br /> switch.fan.off_m_code 107 #<br /> switch.fan.output_pin 2.6 #</p> <p>switch.misc.enable true #<br /> switch.misc.on_m_code 42 #<br /> switch.misc.off_m_code 43 #<br /> switch.misc.output_pin 2.4 #</p> <ol> <li>Switch module for spindle control</li> </ol> <p>switch.spindle.enable false #</p> <ol> <li>Endstops</li> </ol> <p>endstops_enable true # the endstop module is enabled by default and can be disabled here<br /> alpha_min_endstop 1.24^ #<br /> alpha_max_endstop 1.25^ #<br /> alpha_homing_direction home_to_min # or set to home_to_max and set alpha_max<br /> alpha_min 0 # this gets loaded after homing when home_to_min is set<br /> alpha_max 200 # this gets loaded after homing when home_to_max is set<br /> beta_min_endstop 1.26^ #<br /> beta_max_endstop 1.27^ #<br /> beta_homing_direction home_to_min #<br /> beta_min 0 #<br /> beta_max 200 #<br /> gamma_min_endstop 1.28^ #<br /> gamma_max_endstop 1.29^ #<br /> gamma_homing_direction home_to_min #<br /> gamma_min 0 #<br /> gamma_max 200 #</p> <p>alpha_fast_homing_rate 3000 # rates in steps/second<br /> beta_fast_homing_rate 3000 # depends on steps/mm setting above<br /> gamma_fast_homing_rate 30000 # &quot;<br /> alpha_slow_homing_rate 1000 # &quot;<br /> beta_slow_homing_rate 1000 # &quot;<br /> gamma_slow_homing_rate 10000</p> <p>alpha_homing_retract 500 # &quot;<br /> beta_homing_retract 500 # &quot;<br /> gamma_homing_retract 5000 # &quot;</p> <ol> <li>Pause button</li> </ol> <p>pause_button_enable true #</p> <ol> <li>Panel</li> </ol> <p>panel.enable false #<br /> panel.up_button_pin 0.1! #<br /> panel.down_button_pin 0.0! #<br /> panel.click_button_pin 0.18! #<br /> panel.encoder_a_pin 0.15! #<br /> panel.encoder_b_pin 0.17! #</p> <ol> <li>Only needed on a smoothieboard</li> </ol> <p>currentcontrol_module_enable true #</p> <p>return_error_on_unhandled_gcode false #</p> 
				 	]]>
				</content:encoded>							</item>
					<item>
				<guid>http://smoothieware.org/forum/t-653311#post-1776719</guid>
				<title>Re: No Power to Motors, connected and talking to micro fine</title>
				<link>http://smoothieware.org/forum/t-653311/no-power-to-motors-connected-and-talking-to-micro-fine#post-1776719</link>
				<description></description>
				<pubDate>Thu, 16 May 2013 19:22:33 +0000</pubDate>
				<wikidot:authorName>arthurwolf</wikidot:authorName>				<wikidot:authorUserId>471107</wikidot:authorUserId>				<content:encoded>
					<![CDATA[
						 <p>Hi :)</p> <p>Can we see your config ?</p> 
				 	]]>
				</content:encoded>							</item>
					<item>
				<guid>http://smoothieware.org/forum/t-653311#post-1776679</guid>
				<title>Re: No Power to Motors, connected and talking to micro fine</title>
				<link>http://smoothieware.org/forum/t-653311/no-power-to-motors-connected-and-talking-to-micro-fine#post-1776679</link>
				<description></description>
				<pubDate>Thu, 16 May 2013 18:41:02 +0000</pubDate>
				<wikidot:authorName>SuperSmooth</wikidot:authorName>				<wikidot:authorUserId>1629646</wikidot:authorUserId>				<content:encoded>
					<![CDATA[
						 <p>Leds 1, 3, 9 only are lit. Not sure if that helps anyone.</p> 
				 	]]>
				</content:encoded>							</item>
					<item>
				<guid>http://smoothieware.org/forum/t-653311#post-1776674</guid>
				<title>No Power to Motors, connected and talking to micro fine</title>
				<link>http://smoothieware.org/forum/t-653311/no-power-to-motors-connected-and-talking-to-micro-fine#post-1776674</link>
				<description></description>
				<pubDate>Thu, 16 May 2013 18:36:11 +0000</pubDate>
				<wikidot:authorName>SuperSmooth</wikidot:authorName>				<wikidot:authorUserId>1629646</wikidot:authorUserId>				<content:encoded>
					<![CDATA[
						 <p>The instructions worked perfect to get Smoothieboard FW installed, and connected via pronterface. Only problem is, I have supplied 24V to VBB, but no power delivered to Motor Output connectors when trying to move with Pronterface.</p> <p>Suggestions of what to check next, or potentially a bad component?<br /> Thanks</p> 
				 	]]>
				</content:encoded>							</item>
				</channel>
</rss>