<?xml version="1.0" encoding="UTF-8" ?>
<rss version="2.0" xmlns:content="http://purl.org/rss/1.0/modules/content/" xmlns:wikidot="http://www.wikidot.com/rss-namespace">

	<channel>
		<title>Simple module raising error</title>
		<link>http://smoothieware.org/forum/t-658211/simple-module-raising-error</link>
		<description>Posts in the discussion thread &quot;Simple module raising error&quot;</description>
				<copyright></copyright>
		<lastBuildDate>Thu, 30 Oct 2014 09:32:17 +0000</lastBuildDate>
		
					<item>
				<guid>http://smoothieware.org/forum/t-658211#post-1788697</guid>
				<title>Re: Simple module raising error</title>
				<link>http://smoothieware.org/forum/t-658211/simple-module-raising-error#post-1788697</link>
				<description></description>
				<pubDate>Mon, 03 Jun 2013 07:41:08 +0000</pubDate>
				<wikidot:authorName>arthurwolf</wikidot:authorName>				<wikidot:authorUserId>471107</wikidot:authorUserId>				<content:encoded>
					<![CDATA[
						 <p>Hey dandumit !</p> <p>I can't see anything obviously wrong with your code.<br /> It would help a lot if you got MRI debugging to work : <a href="http://smoothieware.org/mri-debugging">http://smoothieware.org/mri-debugging</a></p> <p>Cheers !</p> 
				 	]]>
				</content:encoded>							</item>
					<item>
				<guid>http://smoothieware.org/forum/t-658211#post-1788598</guid>
				<title>Re: Simple module raising error</title>
				<link>http://smoothieware.org/forum/t-658211/simple-module-raising-error#post-1788598</link>
				<description></description>
				<pubDate>Mon, 03 Jun 2013 04:32:18 +0000</pubDate>
				<wikidot:authorName>dandumit</wikidot:authorName>				<wikidot:authorUserId>1201850</wikidot:authorUserId>				<content:encoded>
					<![CDATA[
						 <p>simplekeyboard.h looks like :</p> <div class="code"> <pre> <code>#include &quot;libs/Pin.h&quot; class SimpleKeyboard : public Module { public: SimpleKeyboard(); void on_module_loaded(); uint32_t keyboard_tick(uint32_t dummy); bool send_command; Pin xinc; };</code> </pre></div> 
				 	]]>
				</content:encoded>							</item>
					<item>
				<guid>http://smoothieware.org/forum/t-658211#post-1788597</guid>
				<title>Simple module raising error</title>
				<link>http://smoothieware.org/forum/t-658211/simple-module-raising-error#post-1788597</link>
				<description></description>
				<pubDate>Mon, 03 Jun 2013 04:31:15 +0000</pubDate>
				<wikidot:authorName>dandumit</wikidot:authorName>				<wikidot:authorUserId>1201850</wikidot:authorUserId>				<content:encoded>
					<![CDATA[
						 <p>HI ,<br /> I have tryed a stupid simple module like :</p> <div class="code"> <pre> <code>#include &quot;libs/Module.h&quot; #include &quot;libs/Kernel.h&quot; #include &quot;libs/SerialMessage.h&quot; #include &quot;SimpleKeyboard.h&quot; #include &quot;libs/Pin.h&quot; SimpleKeyboard::SimpleKeyboard(){} void SimpleKeyboard::on_module_loaded(){ this-&gt;xinc.from_string(&quot;0.10v&quot;)-&gt;as_input(); this-&gt;kernel-&gt;slow_ticker-&gt;attach( 100, this, &amp;SimpleKeyboard::keyboard_tick ); } //TODO: Make this use InterruptIn //Check the state of the button and act accordingly uint32_t SimpleKeyboard::keyboard_tick(uint32_t dummy){ this-&gt;send_command=false; if(this-&gt;xinc.get() == true) { //this-&gt;g_code = &quot;G1 X100&quot;; this-&gt;send_command = true; this-&gt;kernel-&gt;streams-&gt;printf(&quot;Trimit comanda \r\n&quot;); } return 0; }</code> </pre></div> <p>But when I push that button I got an error like :</p> <div class="code"> <pre> <code>$T050c:884f0010;0d:407f0010;0e:fd570200;0f:22160200;#f1</code> </pre></div> <p>What I did wrong ?</p> <p>in main.cpp I have added :</p> <div class="code"> <pre> <code>... #include &quot;modules/tools/SimpleKeyboard/SimpleKeyboard.h&quot;; .... kernel-&gt;add_module( new SimpleKeyboard() ); ....</code> </pre></div> 
				 	]]>
				</content:encoded>							</item>
				</channel>
</rss>