<?xml version="1.0" encoding="UTF-8" ?>
<rss version="2.0" xmlns:content="http://purl.org/rss/1.0/modules/content/" xmlns:wikidot="http://www.wikidot.com/rss-namespace">

	<channel>
		<title>Serial Communication</title>
		<link>http://smoothieware.org/forum/t-653845/serial-communication</link>
		<description>Posts in the discussion thread &quot;Serial Communication&quot;</description>
				<copyright></copyright>
		<lastBuildDate>Thu, 30 Oct 2014 09:32:18 +0000</lastBuildDate>
		
					<item>
				<guid>http://smoothieware.org/forum/t-653845#post-1778110</guid>
				<title>Re: Serial Communication</title>
				<link>http://smoothieware.org/forum/t-653845/serial-communication#post-1778110</link>
				<description></description>
				<pubDate>Sat, 18 May 2013 14:36:01 +0000</pubDate>
				<wikidot:authorName>rhitch</wikidot:authorName>				<wikidot:authorUserId>1630871</wikidot:authorUserId>				<content:encoded>
					<![CDATA[
						 <p>Figured out that I can connect using Pronterface immediately after flashing firmware but only once. If I disconnect and reconnect no response. i still have not been able to connect via terminal program.</p> 
				 	]]>
				</content:encoded>							</item>
					<item>
				<guid>http://smoothieware.org/forum/t-653845#post-1778085</guid>
				<title>Serial Communication</title>
				<link>http://smoothieware.org/forum/t-653845/serial-communication#post-1778085</link>
				<description></description>
				<pubDate>Sat, 18 May 2013 13:55:46 +0000</pubDate>
				<wikidot:authorName>rhitch</wikidot:authorName>				<wikidot:authorUserId>1630871</wikidot:authorUserId>				<content:encoded>
					<![CDATA[
						 <p>In windows 7 x64 I have complied firmware and generated configuration file and placed on SD card via mass storage device drive. However, I cannot access the board via serial port. Windows drivers have been installed per instructions but terminal program or Pronterface will not connect. Could be a serial port or drive problem but nor sure how to tell. Suggestions?</p> 
				 	]]>
				</content:encoded>							</item>
				</channel>
</rss>