<?xml version="1.0" encoding="UTF-8" ?>
<rss version="2.0" xmlns:content="http://purl.org/rss/1.0/modules/content/" xmlns:wikidot="http://www.wikidot.com/rss-namespace">

	<channel>
		<title>Problems with connectors</title>
		<link>http://smoothieware.org/forum/t-662174/problems-with-connectors</link>
		<description>Posts in the discussion thread &quot;Problems with connectors&quot; - Big mosfet connectors too small</description>
				<copyright></copyright>
		<lastBuildDate>Thu, 30 Oct 2014 09:32:14 +0000</lastBuildDate>
		
					<item>
				<guid>http://smoothieware.org/forum/t-662174#post-1797534</guid>
				<title>Re: Problems with connectors</title>
				<link>http://smoothieware.org/forum/t-662174/problems-with-connectors#post-1797534</link>
				<description></description>
				<pubDate>Sun, 16 Jun 2013 12:23:23 +0000</pubDate>
				<wikidot:authorName>bobcousins</wikidot:authorName>				<wikidot:authorUserId>1653337</wikidot:authorUserId>				<content:encoded>
					<![CDATA[
						 <p>Obviously you are just trying to justify design decisions you already made. I would more be interested to hear from other actual users ;)</p> <p>If mosfets are rated 20A each, I want to use connectors rated for more than 8A. Typical heatbeds use up to 15A.</p> <p>It is about the &quot;does what it says on the tin&quot; thing, and the 3.5&#160;mm connectors don't.</p> <p>There is space on the PCB to mount 5mm connectors, everyone else uses them, I can't see any reason not to use them. If your attitude is &quot;Smoothieboard is perfect and there is nothing to improve&quot;, there is nothing more to discuss I guess.</p> <p>It would be nice to have a board I can order off the shelf and use without mods, recommend to friends etc, but it doesn't have to be this one.</p> 
				 	]]>
				</content:encoded>							</item>
					<item>
				<guid>http://smoothieware.org/forum/t-662174#post-1797448</guid>
				<title>Re: Problems with connectors</title>
				<link>http://smoothieware.org/forum/t-662174/problems-with-connectors#post-1797448</link>
				<description></description>
				<pubDate>Sun, 16 Jun 2013 08:20:56 +0000</pubDate>
				<wikidot:authorName>arthurwolf</wikidot:authorName>				<wikidot:authorUserId>471107</wikidot:authorUserId>				<content:encoded>
					<![CDATA[
						 <div class="image-container floatright"><img src="http://chibidibidiwah.wdfiles.com/local--files/smoothieboard/smoothie_wiring_diagram.png" style="width:640px" alt="smoothie_wiring_diagram.png" class="image" /></div> <p>Hi bobc !</p> <p>The 5mm connector is only for VBB ( the stepper motors input ).<br /> All the other connectors are 3.5mm.</p> <p>For the bed, you'll want to use a 3.5mm connector on the &quot;Big mosfets power input&quot; ( so separate power input for steppers and bed ).</p> <p>See the schematic on the right -&gt;</p> <p>If that's already what you are doing, it seems strange that you have a bed for which this is inadequate. I use those connectors for a 24V/400W/300x300mm heated bed, and they have worked fine for weeks ( with 220 max_pwm ).<br /> And it's the hugest bed I can think of really. What bed are you using ?</p> <p>Cheers !</p> 
				 	]]>
				</content:encoded>							</item>
					<item>
				<guid>http://smoothieware.org/forum/t-662174#post-1797446</guid>
				<title>Problems with connectors</title>
				<link>http://smoothieware.org/forum/t-662174/problems-with-connectors#post-1797446</link>
				<description></description>
				<pubDate>Sun, 16 Jun 2013 08:14:39 +0000</pubDate>
				<wikidot:authorName>bobcousins</wikidot:authorName>				<wikidot:authorUserId>1653337</wikidot:authorUserId>				<content:encoded>
					<![CDATA[
						 <p>Hi everyone,</p> <p>I just got a Smoothieboard Beta!</p> <p>It looks great, but when I came to selecting connectors I ran into trouble. The big power connectors are simply too small for heavy duty heatbed wiring. There was one large Phoenix connector supplied which looked like it would be for big mosfet power, but doesn't fit there.</p> <p>The connectors for motors, endstop, thermistors are ok, although the space is not quite enough for Molex KK connectors in places. 0.1&quot; or the 3.5mm phoenix for the motors is a reasonable setup. But the multiple footprints on the power connectors doesn't work for me. They take up board space but don't allow for the connectors I actually want to use. The 5mm Phoenix are pretty standard and capable of high current and big wires.</p> <p>I have a few other niggles as well, but really the power connectors are a no go for me. I realize this is a beta and may change. Is it just me, or do others have the same issues?</p> 
				 	]]>
				</content:encoded>							</item>
				</channel>
</rss>