<?xml version="1.0" encoding="UTF-8" ?>
<rss version="2.0" xmlns:content="http://purl.org/rss/1.0/modules/content/" xmlns:wikidot="http://www.wikidot.com/rss-namespace">

	<channel>
		<title>Windows 8 compilation possible?</title>
		<link>http://smoothieware.org/forum/t-682975/windows-8-compilation-possible</link>
		<description>Posts in the discussion thread &quot;Windows 8 compilation possible?&quot;</description>
				<copyright></copyright>
		<lastBuildDate>Thu, 30 Oct 2014 09:32:10 +0000</lastBuildDate>
		
					<item>
				<guid>http://smoothieware.org/forum/t-682975#post-1835436</guid>
				<title>Re: Windows 8 compilation possible?</title>
				<link>http://smoothieware.org/forum/t-682975/windows-8-compilation-possible#post-1835436</link>
				<description></description>
				<pubDate>Sun, 18 Aug 2013 20:05:04 +0000</pubDate>
				<wikidot:authorName>arthurwolf</wikidot:authorName>				<wikidot:authorUserId>471107</wikidot:authorUserId>				<content:encoded>
					<![CDATA[
						 <p>Hi !</p> <p>AdamGr, who is awesome, just fixed this it seems.<br /> <a href="https://github.com/arthurwolf/Smoothie/commit/309f0aaa3e16844882868814f76885ccb12dec7c">https://github.com/arthurwolf/Smoothie/commit/309f0aaa3e16844882868814f76885ccb12dec7c</a><br /> Try latest edge and it should work fine.</p> <p>Cheers !</p> 
				 	]]>
				</content:encoded>							</item>
					<item>
				<guid>http://smoothieware.org/forum/t-682975#post-1832446</guid>
				<title>Re: Windows 8 compilation possible?</title>
				<link>http://smoothieware.org/forum/t-682975/windows-8-compilation-possible#post-1832446</link>
				<description></description>
				<pubDate>Wed, 14 Aug 2013 10:00:30 +0000</pubDate>
				<wikidot:authorName>brewmanchu</wikidot:authorName>				<wikidot:authorUserId>1696873</wikidot:authorUserId>				<content:encoded>
					<![CDATA[
						 <p>Just for fun I tried it on my Windows 8 laptop and it worked. I didn't even have to modify the PATH. Strange.</p> 
				 	]]>
				</content:encoded>							</item>
					<item>
				<guid>http://smoothieware.org/forum/t-682975#post-1832434</guid>
				<title>Re: Windows 8 compilation possible?</title>
				<link>http://smoothieware.org/forum/t-682975/windows-8-compilation-possible#post-1832434</link>
				<description></description>
				<pubDate>Wed, 14 Aug 2013 09:47:20 +0000</pubDate>
				<wikidot:authorName>brewmanchu</wikidot:authorName>				<wikidot:authorUserId>1696873</wikidot:authorUserId>				<content:encoded>
					<![CDATA[
						 <p>I meant to say &quot;I wonder if Windows 8 has a <em>different</em> set of commands/switches&quot;</p> 
				 	]]>
				</content:encoded>							</item>
					<item>
				<guid>http://smoothieware.org/forum/t-682975#post-1832433</guid>
				<title>Re: Windows 8 compilation possible?</title>
				<link>http://smoothieware.org/forum/t-682975/windows-8-compilation-possible#post-1832433</link>
				<description></description>
				<pubDate>Wed, 14 Aug 2013 09:45:16 +0000</pubDate>
				<wikidot:authorName>brewmanchu</wikidot:authorName>				<wikidot:authorUserId>1696873</wikidot:authorUserId>				<content:encoded>
					<![CDATA[
						 <p>I did use the install script. It only worked after I added System32 to the PATH so that the xcopy command would work. I wonder if Windows 8 has a set of commands/switches? Are the tools 64 bit compatible? I may end up trying a live CD Ubuntu to compile with and then switch back to windows one I have the hex file. Thanks for getting back so quickly.</p> 
				 	]]>
				</content:encoded>							</item>
					<item>
				<guid>http://smoothieware.org/forum/t-682975#post-1832406</guid>
				<title>Re: Windows 8 compilation possible?</title>
				<link>http://smoothieware.org/forum/t-682975/windows-8-compilation-possible#post-1832406</link>
				<description></description>
				<pubDate>Wed, 14 Aug 2013 08:08:47 +0000</pubDate>
				<wikidot:authorName>arthurwolf</wikidot:authorName>				<wikidot:authorUserId>471107</wikidot:authorUserId>				<content:encoded>
					<![CDATA[
						 <p>Hi !</p> <p>I think the problem is with the copy command missing, not with the drop folder missing.<br /> Did you install the toolchain using the provided install script ?</p> <p>Cheers !</p> 
				 	]]>
				</content:encoded>							</item>
					<item>
				<guid>http://smoothieware.org/forum/t-682975#post-1832289</guid>
				<title>Windows 8 compilation possible?</title>
				<link>http://smoothieware.org/forum/t-682975/windows-8-compilation-possible#post-1832289</link>
				<description></description>
				<pubDate>Wed, 14 Aug 2013 01:21:46 +0000</pubDate>
				<wikidot:authorName>brewmanchu</wikidot:authorName>				<wikidot:authorUserId>1696873</wikidot:authorUserId>				<content:encoded>
					<![CDATA[
						 <p>I have been trying to get Smoothie to compile on my Windows 8 machine. When I try I always get the same error. I am running BuildShell.cmd as admin then:</p> <p>C:\Smoothie&gt;make clean all<br /> Cleaning mbed<br /> make[1]: Entering directory &#8216;C:/Smoothie/mbed&#8217;<br /> Cleaning src<br /> make[2]: Entering directory &#8216;C:/Smoothie/mbed/src&#8217;<br /> Cleaning mbed-lpc1768.mk<br /> make[3]: Entering directory &#8216;C:/Smoothie/mbed/src&#8217;<br /> make[3]: Leaving directory &#8216;C:/Smoothie/mbed/src&#8217;<br /> Cleaning mbed-lpc11u24.mk<br /> make[3]: Entering directory &#8216;C:/Smoothie/mbed/src&#8217;<br /> make[3]: Leaving directory &#8216;C:/Smoothie/mbed/src&#8217;<br /> Cleaning ../drop<br /> make[2]: Leaving directory &#8216;C:/Smoothie/mbed/src&#8217;<br /> make[1]: Leaving directory &#8216;C:/Smoothie/mbed&#8217;<br /> Cleaning src<br /> make[1]: Entering directory &#8216;C:/Smoothie/src&#8217;<br /> Cleaning up for device lpc1768<br /> make[2]: Entering directory &#8216;C:/Smoothie/src&#8217;<br /> Cleaning up all build generated files<br /> make[2]: Leaving directory &#8216;C:/Smoothie/src&#8217;<br /> make[1]: Leaving directory &#8216;C:/Smoothie/src&#8217;<br /> make[1]: Entering directory &#8216;C:/Smoothie/mbed&#8217;<br /> Building src<br /> make[2]: Entering directory &#8216;C:/Smoothie/mbed/src&#8217;<br /> Deploying cpp/AnalogIn.h to drop<br /> /usr/bin/sh: copy: command not found<br /> make[2]: <strong>* [../drop/AnalogIn.h] Error 127<br /> make[2]: Leaving directory &#8216;C:/Smoothie/mbed/src&#8217;<br /> make[1]: *</strong> [src] Error 2<br /> make[1]: Leaving directory &#8216;C:/Smoothie/mbed&#8217;<br /> make: *** [all] Error 2</p> <p>C:\Smoothie&gt;</p> <p>Any ideas why it has problems with the ..drop folder?</p> 
				 	]]>
				</content:encoded>							</item>
				</channel>
</rss>