<?xml version="1.0" encoding="UTF-8" ?>
<rss version="2.0" xmlns:content="http://purl.org/rss/1.0/modules/content/" xmlns:wikidot="http://www.wikidot.com/rss-namespace">

	<channel>
		<title>Smoothieboard psu help</title>
		<link>http://smoothieware.org/forum/t-693718/smoothieboard-psu-help</link>
		<description>Posts in the discussion thread &quot;Smoothieboard psu help&quot; - Help with psu choice</description>
				<copyright></copyright>
		<lastBuildDate>Thu, 30 Oct 2014 09:32:09 +0000</lastBuildDate>
		
					<item>
				<guid>http://smoothieware.org/forum/t-693718#post-1849462</guid>
				<title>Re: Smoothieboard psu help</title>
				<link>http://smoothieware.org/forum/t-693718/smoothieboard-psu-help#post-1849462</link>
				<description></description>
				<pubDate>Tue, 10 Sep 2013 20:04:49 +0000</pubDate>
				<wikidot:authorName>arthurwolf</wikidot:authorName>				<wikidot:authorUserId>471107</wikidot:authorUserId>				<content:encoded>
					<![CDATA[
						 <p>Hi !</p> <p>The rated voltage for your stepper motors is a pretty meaningless value. Just ignore it.<br /> Stepper motors should be run with a 12V&nbsp;or a 24V power supply.</p> <p>Cheers :)</p> 
				 	]]>
				</content:encoded>							</item>
					<item>
				<guid>http://smoothieware.org/forum/t-693718#post-1849357</guid>
				<title>Smoothieboard psu help</title>
				<link>http://smoothieware.org/forum/t-693718/smoothieboard-psu-help#post-1849357</link>
				<description></description>
				<pubDate>Tue, 10 Sep 2013 16:56:18 +0000</pubDate>
				<wikidot:authorName>nferreira</wikidot:authorName>				<wikidot:authorUserId>1719880</wikidot:authorUserId>				<content:encoded>
					<![CDATA[
						 <p>Hi</p> <p>I have a smoothieboard.<br /> The smoothieboard page states the drivers as capable of driving bipolar steppers up to 35V and 2A.<br /> The power input is described as<br /> - Main 12-35V ( Stepper drivers )</p> <p>I've got 3 Nema23&#160;3.1Nm stepper motors (cnc4you.co.uk 60BYGH301B).</p> <p>In series mode the stepper motors work at 5.46V, 2.1&#160;A.</p> <p>Can I use a 5V PSU or will I have to use a PSU higher than 12V as stated in the power input section?</p> <p>Thanks</p> 
				 	]]>
				</content:encoded>							</item>
				</channel>
</rss>