<?xml version="1.0" encoding="UTF-8" ?>
<rss version="2.0" xmlns:content="http://purl.org/rss/1.0/modules/content/" xmlns:wikidot="http://www.wikidot.com/rss-namespace">

	<channel>
		<title>Can I Run Servos frome the smoothie</title>
		<link>http://smoothieware.org/forum/t-703274/can-i-run-servos-frome-the-smoothie</link>
		<description>Posts in the discussion thread &quot;Can I Run Servos frome the smoothie&quot; - Retro fit tin a GE FANUC CNC controller with a smoothie</description>
				<copyright></copyright>
		<lastBuildDate>Thu, 30 Oct 2014 09:32:01 +0000</lastBuildDate>
		
					<item>
				<guid>http://smoothieware.org/forum/t-703274#post-1862654</guid>
				<title>Re: Can I Run Servos frome the smoothie</title>
				<link>http://smoothieware.org/forum/t-703274/can-i-run-servos-frome-the-smoothie#post-1862654</link>
				<description></description>
				<pubDate>Wed, 02 Oct 2013 20:14:14 +0000</pubDate>
				<wikidot:authorName>dandumit</wikidot:authorName>				<wikidot:authorUserId>1201850</wikidot:authorUserId>				<content:encoded>
					<![CDATA[
						 <p>Are you convinced that those drivers are accepting Step and dir signals ?<br /> I saw some posts that those needs 0-10v input&#8230;</p> 
				 	]]>
				</content:encoded>							</item>
					<item>
				<guid>http://smoothieware.org/forum/t-703274#post-1862518</guid>
				<title>Can I Run Servos frome the smoothie</title>
				<link>http://smoothieware.org/forum/t-703274/can-i-run-servos-frome-the-smoothie#post-1862518</link>
				<description></description>
				<pubDate>Wed, 02 Oct 2013 16:24:08 +0000</pubDate>
				<wikidot:authorName>pCroak</wikidot:authorName>				<wikidot:authorUserId>1738220</wikidot:authorUserId>				<content:encoded>
					<![CDATA[
						 <p>Hello,</p> <p>I have an old GE fanuc cnc controller with Fanuc servo motors with (driver boards) I would like to run it with a a smoothie board as the original controler is dead and is pretty prehistoric.Has anyone done this ore understand the circutry enough to figure out a way to do it.</p> <p>All help is greatly appreciated,</p> <p>PK</p> 
				 	]]>
				</content:encoded>							</item>
				</channel>
</rss>