<?xml version="1.0" encoding="UTF-8" ?>
<rss version="2.0" xmlns:content="http://purl.org/rss/1.0/modules/content/" xmlns:wikidot="http://www.wikidot.com/rss-namespace">

	<channel>
		<title>Windows 7 pro build install problem FIXED</title>
		<link>http://smoothieware.org/forum/t-702962/windows-7-pro-build-install-problem-fixed</link>
		<description>Posts in the discussion thread &quot;Windows 7 pro build install problem FIXED&quot; - the win_install.cmd file fails to install tools  This thread has the problem solved.</description>
				<copyright></copyright>
		<lastBuildDate>Thu, 30 Oct 2014 09:32:03 +0000</lastBuildDate>
		
					<item>
				<guid>http://smoothieware.org/forum/t-702962#post-1862213</guid>
				<title>Re: Windows 7 pro build install problem</title>
				<link>http://smoothieware.org/forum/t-702962/windows-7-pro-build-install-problem-fixed#post-1862213</link>
				<description></description>
				<pubDate>Wed, 02 Oct 2013 02:53:04 +0000</pubDate>
				<wikidot:authorName>bteeter</wikidot:authorName>				<wikidot:authorUserId>1735632</wikidot:authorUserId>				<content:encoded>
					<![CDATA[
						 <p>To run the &quot;BuildShell&quot; command just double click on it and a build window appears. You then type the &quot;make clean all&quot; and it will clean the build tree and the build the source tree to completion. The file needed to be will be in the LPC1768 directory and will be called main.bin.</p> <p>Could this information be included in the compile instructions as a windows version that is noted in addition to the linux/mac versions as it took a while to figure this out.</p> <p>Bob</p> 
				 	]]>
				</content:encoded>							</item>
					<item>
				<guid>http://smoothieware.org/forum/t-702962#post-1862202</guid>
				<title>Re: Windows 7 pro build install problem</title>
				<link>http://smoothieware.org/forum/t-702962/windows-7-pro-build-install-problem-fixed#post-1862202</link>
				<description></description>
				<pubDate>Wed, 02 Oct 2013 02:31:56 +0000</pubDate>
				<wikidot:authorName>bteeter</wikidot:authorName>				<wikidot:authorUserId>1735632</wikidot:authorUserId>				<content:encoded>
					<![CDATA[
						 <p>I found the solution to the problem by accident.</p> <p>you cannot run the command from the command window even as Administrator.</p> <p>But if you double click with the mouse from the file manager it runs just fine.</p> <p>Boy is that a surprise.</p> <p>Bob</p> 
				 	]]>
				</content:encoded>							</item>
					<item>
				<guid>http://smoothieware.org/forum/t-702962#post-1862196</guid>
				<title>Windows 7 pro build install problem</title>
				<link>http://smoothieware.org/forum/t-702962/windows-7-pro-build-install-problem-fixed#post-1862196</link>
				<description></description>
				<pubDate>Wed, 02 Oct 2013 02:18:47 +0000</pubDate>
				<wikidot:authorName>bteeter</wikidot:authorName>				<wikidot:authorUserId>1735632</wikidot:authorUserId>				<content:encoded>
					<![CDATA[
						 <p>NOTE: htt ps:[//] is because of low-karma user and is correct in the file. also the &lt;dot&gt;.</p> <p>Here is a information of the failure:<br /> Tue 10/01/2013&#160;20:59:34.53 Starting .\win_install.cmd<br /> Tue 10/01/2013&#160;20:59:34.55 Executing build\win32\[curl] -kL0 htt ps:[<em>]launchpad&lt;dot&gt;net/gcc-arm-embedded/4.7/4.7-2012-q4-major/+download/gcc-arm-none-eabi-4_7-2012q4-20121208-linux.tar.bz2<br /> Tue 10/01/2013&#160;21:00:26.18 Executing build\win32\md5sum &#8212;check C:\Software\GitHub\Smoothie\build\win32\gcc-arm-none-eabi.md5<br /> gcc-arm-none-eabi-4_7-2012q4-20121208-linux.tar.bz2: OK<br /> Tue 10/01/2013&#160;21:00:26.55 Executing build\win32\curl -kL0 htt ps:[</em>]github&lt;dot&gt;com/adamgreen/GCC-ARM-Embedded-20121208/tarball/master<br /> Tue 10/01/2013&#160;21:00:35.97 Executing build\win32\md5sum &#8212;check C:\Software\GitHub\Smoothie\build\win32\GCC-ARM-Embedded.md5<br /> GCC-ARM-Embedded-20121208.tar.gz: OK<br /> Tue 10/01/2013&#160;21:00:36.18 Executing rd /s /q C:\Software\GitHub\Smoothie\gcc-arm-none-eabi-4_7-2012q4<br /> Tue 10/01/2013&#160;21:00:36.19 Executing rd /s /q C:\Software\GitHub\Smoothie\gcc-arm-none-eabi<br /> Tue 10/01/2013&#160;21:00:46.04 Executing build\win32\bsdtar xf C:\Software\GitHub\Smoothie\gcc-arm-none-eabi-4_7-2012q4-20121208-linux.tar.bz2<br /> Tue 10/01/2013&#160;21:03:36.51 Executing move C:\Software\GitHub\Smoothie\gcc-arm-none-eabi-4_7-2012q4&#160;C:\Software\GitHub\Smoothie\gcc-arm-none-eabi<br /> 0 dir(s) moved.<br /> Access is denied.<br /> Tue 10/01/2013&#160;21:03:36.53 Failure forced early exit</p> <p>I have tried several time to install this software. But even by premaking the directories or not it will not install.</p> <p>Bob Teeter</p> 
				 	]]>
				</content:encoded>							</item>
				</channel>
</rss>