<?xml version="1.0" encoding="UTF-8" ?>
<rss version="2.0" xmlns:content="http://purl.org/rss/1.0/modules/content/" xmlns:wikidot="http://www.wikidot.com/rss-namespace">

	<channel>
		<title>Ordering SmoothieBoards and SmoothiePanels</title>
		<link>http://smoothieware.org/forum/t-706974/ordering-smoothieboards-and-smoothiepanels</link>
		<description>Posts in the discussion thread &quot;Ordering SmoothieBoards and SmoothiePanels&quot; - What are the plans for ordering after the Kickstarter completes.</description>
				<copyright></copyright>
		<lastBuildDate>Thu, 30 Oct 2014 09:31:45 +0000</lastBuildDate>
		
					<item>
				<guid>http://smoothieware.org/forum/t-706974#post-1992419</guid>
				<title>Re: Ordering SmoothieBoards and SmoothiePanels</title>
				<link>http://smoothieware.org/forum/t-706974/ordering-smoothieboards-and-smoothiepanels#post-1992419</link>
				<description></description>
				<pubDate>Sun, 16 Mar 2014 19:53:19 +0000</pubDate>
				<wikidot:authorName>Malodave</wikidot:authorName>				<wikidot:authorUserId>1854017</wikidot:authorUserId>				<content:encoded>
					<![CDATA[
						 <p>Retail Smoothieboards are available now. Kickstarter pledges have all been shipped<br /> I ordered two just after midnight this morning.</p> <p>Malodave</p> 
				 	]]>
				</content:encoded>							</item>
					<item>
				<guid>http://smoothieware.org/forum/t-706974#post-1958722</guid>
				<title>Re: Ordering SmoothieBoards and SmoothiePanels</title>
				<link>http://smoothieware.org/forum/t-706974/ordering-smoothieboards-and-smoothiepanels#post-1958722</link>
				<description></description>
				<pubDate>Thu, 06 Feb 2014 16:40:38 +0000</pubDate>
				<wikidot:authorName>HollyGates</wikidot:authorName>				<wikidot:authorUserId>1828191</wikidot:authorUserId>				<content:encoded>
					<![CDATA[
						 <p>I would also like to buy a SmoothieBoard or two. Any estimate of when they will be on sale?</p> <p>thanks,<br /> -Holly Gates</p> 
				 	]]>
				</content:encoded>							</item>
					<item>
				<guid>http://smoothieware.org/forum/t-706974#post-1929756</guid>
				<title>Re: Ordering SmoothieBoards and SmoothiePanels</title>
				<link>http://smoothieware.org/forum/t-706974/ordering-smoothieboards-and-smoothiepanels#post-1929756</link>
				<description></description>
				<pubDate>Tue, 07 Jan 2014 00:53:50 +0000</pubDate>
				<wikidot:authorName>beemn</wikidot:authorName>				<wikidot:authorUserId>1805877</wikidot:authorUserId>				<content:encoded>
					<![CDATA[
						 <p>Hey,</p> <p>I guess I missed the kickstarter on this, but would like to purchase one. They aren't available on Uberclock yet, is there an eta on this?</p> <p>Cheers,</p> <p>Beeman</p> 
				 	]]>
				</content:encoded>							</item>
					<item>
				<guid>http://smoothieware.org/forum/t-706974#post-1875424</guid>
				<title>Re: Ordering SmoothieBoards and SmoothiePanels</title>
				<link>http://smoothieware.org/forum/t-706974/ordering-smoothieboards-and-smoothiepanels#post-1875424</link>
				<description></description>
				<pubDate>Mon, 21 Oct 2013 21:07:53 +0000</pubDate>
				<wikidot:authorName>arthurwolf</wikidot:authorName>				<wikidot:authorUserId>471107</wikidot:authorUserId>				<content:encoded>
					<![CDATA[
						 <p>Hi :)</p> <p>Those will be available for sale at Ipsofactio ( Europe ) and Uberclock ( US ) as soon as the kickstarter rewards are shipped.</p> <p>Cheers :)</p> 
				 	]]>
				</content:encoded>							</item>
					<item>
				<guid>http://smoothieware.org/forum/t-706974#post-1867698</guid>
				<title>Ordering SmoothieBoards and SmoothiePanels</title>
				<link>http://smoothieware.org/forum/t-706974/ordering-smoothieboards-and-smoothiepanels#post-1867698</link>
				<description></description>
				<pubDate>Thu, 10 Oct 2013 02:40:03 +0000</pubDate>
				<wikidot:authorName>bteeter</wikidot:authorName>				<wikidot:authorUserId>1735632</wikidot:authorUserId>				<content:encoded>
					<![CDATA[
						 <p>Guys - what are the general plans for selling SmoothieBoards and SmoothiePanels after the Kickstarter completes. I have additional needs for these to complete several projects.</p> <p>Bob Teeter</p> 
				 	]]>
				</content:encoded>							</item>
				</channel>
</rss>