<?xml version="1.0" encoding="UTF-8" ?>
<rss version="2.0" xmlns:content="http://purl.org/rss/1.0/modules/content/" xmlns:wikidot="http://www.wikidot.com/rss-namespace">

	<channel>
		<title>USB connection from Linux</title>
		<link>http://smoothieware.org/forum/t-706856/usb-connection-from-linux</link>
		<description>Posts in the discussion thread &quot;USB connection from Linux&quot; - device descriptor read/64, error -71</description>
				<copyright></copyright>
		<lastBuildDate>Thu, 30 Oct 2014 09:32:00 +0000</lastBuildDate>
		
					<item>
				<guid>http://smoothieware.org/forum/t-706856#post-1872579</guid>
				<title>Re: USB connection from Linux</title>
				<link>http://smoothieware.org/forum/t-706856/usb-connection-from-linux#post-1872579</link>
				<description></description>
				<pubDate>Thu, 17 Oct 2013 14:42:27 +0000</pubDate>
				<wikidot:authorName>mr123</wikidot:authorName>				<wikidot:authorUserId>1749320</wikidot:authorUserId>				<content:encoded>
					<![CDATA[
						 <p>I think I am having the same problem. I simply cannot reliably connect my laptop to my Smoothieboard. I know my microSD card works because I can read/write to it through other card readers. I've even tried different USB cables. The weird thing is, Smoothieboard worked when I first set it up. I had motors and fans running but had not tried my first print yet. Then I made some adjustments to the config file and it seemed like my microSD card got corrupted. I formatted the card to FAT32 (and later ext2 just to try) and it worked as storage but I was no longer able to connect to Smoothie. I connected successfully one time when I had the board totally unplugged from everything and just running off my laptop USB but when I later reconnected all the wires it would no longer mount the card through Smoothie or connect in Pronterface. I'm running Lubuntu 12.04LTS. Tried it on another laptop running Lubuntu 13. No luck. I haven't tried Windows. I don't use it and I hope I never have to again.</p> 
				 	]]>
				</content:encoded>							</item>
					<item>
				<guid>http://smoothieware.org/forum/t-706856#post-1867455</guid>
				<title>USB connection from Linux</title>
				<link>http://smoothieware.org/forum/t-706856/usb-connection-from-linux#post-1867455</link>
				<description></description>
				<pubDate>Wed, 09 Oct 2013 20:54:58 +0000</pubDate>
				<wikidot:authorName>ttttnnnn</wikidot:authorName>				<wikidot:authorUserId>1743763</wikidot:authorUserId>				<content:encoded>
					<![CDATA[
						 <p>I have an issue connecting to the board using Linux. The documentation mentioned that Linux is supposed to be easier but I cannot understand what I'm doing wrong</p> <p>Here is what happens:<br /> &#8230;.<br /> 1 I get the following error from dmesg immediately after I connect the board:<br /> [78584.872068] usb 5-1: new full-speed USB device number 4 using uhci_hcd<br /> [78584.992071] usb 5-1: device descriptor read/64, error -71<br /> [78585.216129] usb 5-1: device descriptor read/64, error -71<br /> [78585.432078] usb 5-1: new full-speed USB device number 5 using uhci_hcd<br /> [78585.552075] usb 5-1: device descriptor read/64, error -71<br /> [78585.780130] usb 5-1: device descriptor read/64, error -71<br /> [78585.996049] usb 5-1: new full-speed USB device number 6 using uhci_hcd<br /> [78586.404048] usb 5-1: device not accepting address 6, error -71<br /> [78586.516047] usb 5-1: new full-speed USB device number 7 using uhci_hcd<br /> [78586.924128] usb 5-1: device not accepting address 7, error -71<br /> [78586.924159] hub 5-0:1.0: unable to enumerate USB device on port 1</p> <p>2. The lsusb reports not device connected for the smoothie board.</p> <p>Other facts:<br /> 3. I've tryed it on 4 Linux flavours and laptops (Ubuntu, Fedora, CentOS, Scientific Linux). The only common part is that all are 64 bit.</p> <p>4. I've try from a Windows 7 laptop and it works OK &#8230; but I need to use Linux.</p> <p>If anybody has some insight please leave a message.</p> 
				 	]]>
				</content:encoded>							</item>
				</channel>
</rss>