<?xml version="1.0" encoding="UTF-8" ?>
<rss version="2.0" xmlns:content="http://purl.org/rss/1.0/modules/content/" xmlns:wikidot="http://www.wikidot.com/rss-namespace">

	<channel>
		<title>PCB Copper Amount</title>
		<link>http://smoothieware.org/forum/t-717464/pcb-copper-amount</link>
		<description>Posts in the discussion thread &quot;PCB Copper Amount&quot;</description>
				<copyright></copyright>
		<lastBuildDate>Thu, 30 Oct 2014 09:31:56 +0000</lastBuildDate>
		
					<item>
				<guid>http://smoothieware.org/forum/t-717464#post-1882360</guid>
				<title>Re: PCB Copper Amount</title>
				<link>http://smoothieware.org/forum/t-717464/pcb-copper-amount#post-1882360</link>
				<description></description>
				<pubDate>Thu, 31 Oct 2013 13:35:09 +0000</pubDate>
				<wikidot:authorName>MicroMech</wikidot:authorName>				<wikidot:authorUserId>1760033</wikidot:authorUserId>				<content:encoded>
					<![CDATA[
						 <p>Nevermind, it's 2 Oz.</p> <p>Mod's can lock this thread.</p> <p>Cheers.</p> 
				 	]]>
				</content:encoded>							</item>
					<item>
				<guid>http://smoothieware.org/forum/t-717464#post-1882342</guid>
				<title>PCB Copper Amount</title>
				<link>http://smoothieware.org/forum/t-717464/pcb-copper-amount#post-1882342</link>
				<description></description>
				<pubDate>Thu, 31 Oct 2013 13:05:23 +0000</pubDate>
				<wikidot:authorName>MicroMech</wikidot:authorName>				<wikidot:authorUserId>1760033</wikidot:authorUserId>				<content:encoded>
					<![CDATA[
						 <p>I was thinking of doing a small production run of SmoothieBoards (&lt;=100) - I just can't find any documentation which outlines if they are using 1 oz or 2 oz copper? Since I don't have a sample here with me, I can't check. Just wanted to make sure before the fab-house locks in the Gerbers into their machines.</p> <p>Any help would be appreciated.</p> <p>Cheers,<br /> Dan</p> 
				 	]]>
				</content:encoded>							</item>
				</channel>
</rss>