<?xml version="1.0" encoding="UTF-8" ?>
<rss version="2.0" xmlns:content="http://purl.org/rss/1.0/modules/content/" xmlns:wikidot="http://www.wikidot.com/rss-namespace">

	<channel>
		<title>Looking to control a laser galvo scanhead</title>
		<link>http://smoothieware.org/forum/t-720193/looking-to-control-a-laser-galvo-scanhead</link>
		<description>Posts in the discussion thread &quot;Looking to control a laser galvo scanhead&quot;</description>
				<copyright></copyright>
		<lastBuildDate>Thu, 30 Oct 2014 09:31:54 +0000</lastBuildDate>
		
					<item>
				<guid>http://smoothieware.org/forum/t-720193#post-1886534</guid>
				<title>Re: Looking to control a laser galvo scanhead</title>
				<link>http://smoothieware.org/forum/t-720193/looking-to-control-a-laser-galvo-scanhead#post-1886534</link>
				<description></description>
				<pubDate>Wed, 06 Nov 2013 10:59:05 +0000</pubDate>
				<wikidot:authorName>LUCIMEDISAN</wikidot:authorName>				<wikidot:authorUserId>1763750</wikidot:authorUserId>				<content:encoded>
					<![CDATA[
						 <p>Thank you for your fast replay<br /> I have a dedicated controller for the galvo sistem (it's not the original controller, but i managed to make it work). If you can give me a email, so i can sent you the program i'm using now to control this galvo + dll and firmware for software implementation. You can see more details + input command's in the implementation manual, so you better understand what i'm talking about.<br /> The controller, i'm using now can control 3 axis galvo + 4 linear/rotary motion axis + lot of input/output for additional component's.</p> <p>Thank you<br /> Luci Medisan</p> 
				 	]]>
				</content:encoded>							</item>
					<item>
				<guid>http://smoothieware.org/forum/t-720193#post-1886472</guid>
				<title>Re: Looking to control a laser galvo scanhead</title>
				<link>http://smoothieware.org/forum/t-720193/looking-to-control-a-laser-galvo-scanhead#post-1886472</link>
				<description></description>
				<pubDate>Wed, 06 Nov 2013 08:30:08 +0000</pubDate>
				<wikidot:authorName>dandumit</wikidot:authorName>				<wikidot:authorUserId>1201850</wikidot:authorUserId>				<content:encoded>
					<![CDATA[
						 <p>It has been asked before by a guy.<br /> Code can be modified to output for example on a SPI Dac and from there to your galvo's.<br /> If you could give us some more details about your application, than probably we could give you some more solutions.<br /> Br,<br /> Daniel</p> 
				 	]]>
				</content:encoded>							</item>
					<item>
				<guid>http://smoothieware.org/forum/t-720193#post-1885756</guid>
				<title>Looking to control a laser galvo scanhead</title>
				<link>http://smoothieware.org/forum/t-720193/looking-to-control-a-laser-galvo-scanhead#post-1885756</link>
				<description></description>
				<pubDate>Tue, 05 Nov 2013 16:19:35 +0000</pubDate>
				<wikidot:authorName>LUCIMEDISAN</wikidot:authorName>				<wikidot:authorUserId>1763750</wikidot:authorUserId>				<content:encoded>
					<![CDATA[
						 <p>I have a 2 axis galvo laser and what to ask if it's possible to control it with smoothie!</p> <p>Thank you</p> 
				 	]]>
				</content:encoded>							</item>
				</channel>
</rss>