<?xml version="1.0" encoding="UTF-8" ?>
<rss version="2.0" xmlns:content="http://purl.org/rss/1.0/modules/content/" xmlns:wikidot="http://www.wikidot.com/rss-namespace">

	<channel>
		<title>Buying some Stepper Drivers</title>
		<link>http://smoothieware.org/forum/t-730069/buying-some-stepper-drivers</link>
		<description>Posts in the discussion thread &quot;Buying some Stepper Drivers&quot; - A look at which drivers to use for what application.</description>
				<copyright></copyright>
		<lastBuildDate>Thu, 30 Oct 2014 09:31:53 +0000</lastBuildDate>
		
					<item>
				<guid>http://smoothieware.org/forum/t-730069#post-1904431</guid>
				<title>Re: Buying some Stepper Drivers</title>
				<link>http://smoothieware.org/forum/t-730069/buying-some-stepper-drivers#post-1904431</link>
				<description></description>
				<pubDate>Fri, 29 Nov 2013 15:28:51 +0000</pubDate>
				<wikidot:authorName>arthurwolf</wikidot:authorName>				<wikidot:authorUserId>471107</wikidot:authorUserId>				<content:encoded>
					<![CDATA[
						 <p>Hi !</p> <p>Smoothie can drive stepper motors up to 2A.<br /> For bigger steppers, you'll need external drivers, like the CW5045 or Gheko drivers.</p> <p>Cheers !</p> 
				 	]]>
				</content:encoded>							</item>
					<item>
				<guid>http://smoothieware.org/forum/t-730069#post-1897326</guid>
				<title>Buying some Stepper Drivers</title>
				<link>http://smoothieware.org/forum/t-730069/buying-some-stepper-drivers#post-1897326</link>
				<description></description>
				<pubDate>Wed, 20 Nov 2013 19:03:49 +0000</pubDate>
				<wikidot:authorName>ajhalls</wikidot:authorName>				<wikidot:authorUserId>1775445</wikidot:authorUserId>				<content:encoded>
					<![CDATA[
						 <p>I ordered two 5 axis SmoothieBoards and am interested in getting started soon since orders are about to be shipped :) When I made the original purchase, I was under the impression that I could directly drive stepper motors from the smoothie to do my laser engraver, cnc plasma or such things.</p> <p>I have never attempted a project like this but when I look at all the CNC kits on ebay from China I believe the hardware (rails, sliders, motors) will be good, but likely the electronics and driver support will suck and I will be left with a piece of junk&#8230;. Till now! I love the idea of just scrapping the electronics it comes with and using this for all my CNC stuff.</p> <p>I would like to order a few stepper drivers but not sure yet how big I am going with some of it so for some applications I might be using a small 1.4A motor and others a 5.6, can I use the same driver for both as long as it is oversized or do I need to decide first what I am doing? I just have a ton of ideas in mind to build and don't want to be stuck without a driver / motor combo.</p> <p>If I wanted to be able to control something like this:<br /> <strong>ebay</strong> 4x4-CNC-PLASMA-CNC-ROUTER-CUTTING-TABLE<br /> I just grab 3 of these right?<br /> <strong>ebay</strong> CNC 2M982- AC Stepper Motor Driver Controller 7.8A 24-60V AC for Router Mill<br /> Then can I use that to supply less than the 7.8A to smaller motors?</p> <p>I am looking at making a ABS recycling extruder for a 3d printer which would have much smaller motors and need hothead thermocouple control</p> <p>I could grab one of these to play with on my desk, but probably too small for anything serious:<br /> <strong>ebay</strong> 2pcs DC 5V Stepper Motor + ULN2003 Driver Test Module Board 28BYJ-48 for Arduino</p> <p>Thanks guys, I am just hoping to make the jump into some of these things as I have a CNC laser already, 3d printer coming soon and a CNC 2HP mill coming next week. I want to know more than how to hit &quot;Go&quot;</p> 
				 	]]>
				</content:encoded>							</item>
				</channel>
</rss>