<?xml version="1.0" encoding="UTF-8" ?>
<rss version="2.0" xmlns:content="http://purl.org/rss/1.0/modules/content/" xmlns:wikidot="http://www.wikidot.com/rss-namespace">

	<channel>
		<title>Updates to Main page</title>
		<link>http://smoothieware.org/forum/t-751279/updates-to-main-page</link>
		<description>Posts in the discussion thread &quot;Updates to Main page&quot; - There need to be some updates to the main page</description>
				<copyright></copyright>
		<lastBuildDate>Thu, 30 Oct 2014 09:31:52 +0000</lastBuildDate>
		
					<item>
				<guid>http://smoothieware.org/forum/t-751279#post-1918295</guid>
				<title>Updates to Main page</title>
				<link>http://smoothieware.org/forum/t-751279/updates-to-main-page#post-1918295</link>
				<description></description>
				<pubDate>Thu, 19 Dec 2013 03:40:57 +0000</pubDate>
				<wikidot:authorName>bteeter</wikidot:authorName>				<wikidot:authorUserId>1735632</wikidot:authorUserId>				<content:encoded>
					<![CDATA[
						 <p>We need some updates to the main page that besides listing that there is a kickstarter that was successful but also a link to the sites that allow you to order the board.</p> <p>Bob</p> 
				 	]]>
				</content:encoded>							</item>
				</channel>
</rss>