<?xml version="1.0" encoding="UTF-8" ?>
<rss version="2.0" xmlns:content="http://purl.org/rss/1.0/modules/content/" xmlns:wikidot="http://www.wikidot.com/rss-namespace">

	<channel>
		<title>Help with smoothieboard beta drivers</title>
		<link>http://smoothieware.org/forum/t-772779/help-with-smoothieboard-beta-drivers</link>
		<description>Posts in the discussion thread &quot;Help with smoothieboard beta drivers&quot; - Problem with X and Z drivers</description>
				<copyright></copyright>
		<lastBuildDate>Thu, 30 Oct 2014 09:31:50 +0000</lastBuildDate>
		
					<item>
				<guid>http://smoothieware.org/forum/t-772779#post-1959602</guid>
				<title>Re: Help with smoothieboard beta drivers</title>
				<link>http://smoothieware.org/forum/t-772779/help-with-smoothieboard-beta-drivers#post-1959602</link>
				<description></description>
				<pubDate>Fri, 07 Feb 2014 06:48:54 +0000</pubDate>
				<wikidot:authorName>dandumit</wikidot:authorName>				<wikidot:authorUserId>1201850</wikidot:authorUserId>				<content:encoded>
					<![CDATA[
						 <p>In bipolar series, those motors have a very large inductance and this may not be best configuration for this board.<br /> Could you please make a try using bipolar parallel ?</p> 
				 	]]>
				</content:encoded>							</item>
					<item>
				<guid>http://smoothieware.org/forum/t-772779#post-1958564</guid>
				<title>Re: Help with smoothieboard beta drivers</title>
				<link>http://smoothieware.org/forum/t-772779/help-with-smoothieboard-beta-drivers#post-1958564</link>
				<description></description>
				<pubDate>Thu, 06 Feb 2014 14:00:49 +0000</pubDate>
				<wikidot:authorName>nferreira</wikidot:authorName>				<wikidot:authorUserId>1719880</wikidot:authorUserId>				<content:encoded>
					<![CDATA[
						 <p>Hi</p> <p>The motors are configured in Bipolar series. All the motors work when connected with the Y axis driver.</p> 
				 	]]>
				</content:encoded>							</item>
					<item>
				<guid>http://smoothieware.org/forum/t-772779#post-1958462</guid>
				<title>Re: Help with smoothieboard beta drivers</title>
				<link>http://smoothieware.org/forum/t-772779/help-with-smoothieboard-beta-drivers#post-1958462</link>
				<description></description>
				<pubDate>Thu, 06 Feb 2014 10:30:50 +0000</pubDate>
				<wikidot:authorName>dandumit</wikidot:authorName>				<wikidot:authorUserId>1201850</wikidot:authorUserId>				<content:encoded>
					<![CDATA[
						 <p>How did you configured motor connections ? Bipolar series or parallel ?</p> <p>Daniel</p> 
				 	]]>
				</content:encoded>							</item>
					<item>
				<guid>http://smoothieware.org/forum/t-772779#post-1958452</guid>
				<title>Help with smoothieboard beta drivers</title>
				<link>http://smoothieware.org/forum/t-772779/help-with-smoothieboard-beta-drivers#post-1958452</link>
				<description></description>
				<pubDate>Thu, 06 Feb 2014 10:12:38 +0000</pubDate>
				<wikidot:authorName>nferreira</wikidot:authorName>				<wikidot:authorUserId>1719880</wikidot:authorUserId>				<content:encoded>
					<![CDATA[
						 <p>Hi</p> <p>My current setting is<br /> - smoothieboard beta<br /> - 3 Nema 23 (60BYG301B) step motors<br /> - 24V 14.6A 350W AC/DC PSU</p> <p>The motor connected to the Y driver works smoothly.<br /> The motors connected to the X and Z drivers loose steps and go back and forth.<br /> I switched the motors from driver, to check if the problem was the motors, and they work fine in the Y driver.</p> <p>Using higher speeds seems to atenuate the back and forth problem.<br /> For instance, using G1 X10 F100 the back and forth is very clear, using G1 X10 F1000 the back and forth doesn't happen but there are a lot of missed steps.</p> <p>I've been really carefull in disconnecting the PSU before any motor connection.</p> <p>I'd appreciate any help.</p> <p>Thanks.</p> 
				 	]]>
				</content:encoded>							</item>
				</channel>
</rss>