<?xml version="1.0" encoding="UTF-8" ?>
<rss version="2.0" xmlns:content="http://purl.org/rss/1.0/modules/content/" xmlns:wikidot="http://www.wikidot.com/rss-namespace">

	<channel>
		<title>mbed panic lights on bringup</title>
		<link>http://smoothieware.org/forum/t-778858/mbed-panic-lights-on-bringup</link>
		<description>Posts in the discussion thread &quot;mbed panic lights on bringup&quot; - I&#039;m trying to bring up smoothie on an mbed.    Now I get the MBED blue light panic sequence.   Any suggestions?</description>
				<copyright></copyright>
		<lastBuildDate>Thu, 30 Oct 2014 09:31:49 +0000</lastBuildDate>
		
					<item>
				<guid>http://smoothieware.org/forum/t-778858#post-1972404</guid>
				<title>mbed panic lights on bringup</title>
				<link>http://smoothieware.org/forum/t-778858/mbed-panic-lights-on-bringup#post-1972404</link>
				<description></description>
				<pubDate>Wed, 19 Feb 2014 23:37:42 +0000</pubDate>
				<wikidot:authorName>ozyrobot</wikidot:authorName>				<wikidot:authorUserId>1837622</wikidot:authorUserId>				<content:encoded>
					<![CDATA[
						 <p>Additional info:<br /> I compiled under Linux, and moved the binary on to the MBED via USB.<br /> When I first brought up the board, I got a message on the serial terminal that it couldn't talk to the sdcard.<br /> I swapped some pins on the sdcard and the message went away, but nothing happened.<br /> I copied a config file onto the MBED USB and the sdcard. Now out of reset I get the mbed police car flashing light of doom sequence. There is no output on the serial terminal.</p> <p>Any suggestions of how to proceed? I don't get a firmware version number and cannot type gcode commands (that I can tell)</p> <p>Thanks,<br /> Ozz</p> 
				 	]]>
				</content:encoded>							</item>
				</channel>
</rss>