<?xml version="1.0" encoding="UTF-8" ?>
<rss version="2.0" xmlns:content="http://purl.org/rss/1.0/modules/content/" xmlns:wikidot="http://www.wikidot.com/rss-namespace">

	<channel>
		<title>Bulid error</title>
		<link>http://smoothieware.org/forum/t-771008/bulid-error</link>
		<description>Posts in the discussion thread &quot;Bulid error&quot; - Win 7 64 bit build</description>
				<copyright></copyright>
		<lastBuildDate>Thu, 30 Oct 2014 09:29:52 +0000</lastBuildDate>
		
					<item>
				<guid>http://smoothieware.org/forum/t-771008#post-2092101</guid>
				<title>Re: Bulid error</title>
				<link>http://smoothieware.org/forum/t-771008/bulid-error#post-2092101</link>
				<description></description>
				<pubDate>Tue, 19 Aug 2014 01:13:30 +0000</pubDate>
				<wikidot:authorName>wolfmanjm</wikidot:authorName>				<wikidot:authorUserId>1543179</wikidot:authorUserId>				<content:encoded>
					<![CDATA[
						 <p>Make sure you have a clean PATH environment setting, you probably have something in your path, usually winavr, that is upsetting things.</p> 
				 	]]>
				</content:encoded>							</item>
					<item>
				<guid>http://smoothieware.org/forum/t-771008#post-2088470</guid>
				<title>Bulid error</title>
				<link>http://smoothieware.org/forum/t-771008/bulid-error#post-2088470</link>
				<description></description>
				<pubDate>Thu, 14 Aug 2014 05:44:35 +0000</pubDate>
				<wikidot:authorName>rdacomp</wikidot:authorName>				<wikidot:authorUserId>1953900</wikidot:authorUserId>				<content:encoded>
					<![CDATA[
						 <p>After make getting the message. OS Windows 8.1&#160;32 bit</p> <p>E:\Smoothie&gt;make<br /> make[1]: Entering directory &#8216;E:/Smoothie/mbed&#8217;<br /> Building src<br /> make[2]: Entering directory &#8216;E:/Smoothie/mbed/src&#8217;<br /> Deploying cpp/AnalogIn.h to drop<br /> &quot;C:/Program Files/Git/bin/sh.exe&quot;: copy: command not found<br /> make[2]: <strong>* [../drop/AnalogIn.h] Error 127<br /> make[2]: Leaving directory &#8216;E:/Smoothie/mbed/src&#8217;<br /> make[1]: *</strong> [src] Error 2<br /> make[1]: Leaving directory &#8216;E:/Smoothie/mbed&#8217;<br /> make: *** [all] Error 2</p> 
				 	]]>
				</content:encoded>							</item>
					<item>
				<guid>http://smoothieware.org/forum/t-771008#post-1960533</guid>
				<title>Re: Bulid error</title>
				<link>http://smoothieware.org/forum/t-771008/bulid-error#post-1960533</link>
				<description></description>
				<pubDate>Sat, 08 Feb 2014 07:39:12 +0000</pubDate>
				<wikidot:authorName>redpiperbob</wikidot:authorName>				<wikidot:authorUserId>1825169</wikidot:authorUserId>				<content:encoded>
					<![CDATA[
						 <p>Hi Arthur<br /> Just dug out an old Windows XP 32 bit machine and ran the same zip file (Master) and all went well.<br /> I can only think there is something in the build of my Win 7&#160;64bit that was blocking or deleting the missing file.<br /> Just waiting for the board from Ipso now to get on with my laser project.<br /> Thanks for your help anyway.<br /> Bob</p> 
				 	]]>
				</content:encoded>							</item>
					<item>
				<guid>http://smoothieware.org/forum/t-771008#post-1960518</guid>
				<title>Re: Bulid error</title>
				<link>http://smoothieware.org/forum/t-771008/bulid-error#post-1960518</link>
				<description></description>
				<pubDate>Sat, 08 Feb 2014 07:12:44 +0000</pubDate>
				<wikidot:authorName>redpiperbob</wikidot:authorName>				<wikidot:authorUserId>1825169</wikidot:authorUserId>				<content:encoded>
					<![CDATA[
						 <p>OK started from scratch but got the same error<br /> Bob</p> 
				 	]]>
				</content:encoded>							</item>
					<item>
				<guid>http://smoothieware.org/forum/t-771008#post-1959705</guid>
				<title>Re: Bulid error</title>
				<link>http://smoothieware.org/forum/t-771008/bulid-error#post-1959705</link>
				<description></description>
				<pubDate>Fri, 07 Feb 2014 10:25:43 +0000</pubDate>
				<wikidot:authorName>arthurwolf</wikidot:authorName>				<wikidot:authorUserId>471107</wikidot:authorUserId>				<content:encoded>
					<![CDATA[
						 <p><a href="http://s290.photobucket.com/user/redpiperbob/media/CNC/builderror.png.html">http://s290.photobucket.com/user/redpiperbob/media/CNC/builderror.png.html</a></p> <p>It looks like you are missing a file, can you try cloning the git repo again and installing the toolchain again with the install script ?</p> 
				 	]]>
				</content:encoded>							</item>
					<item>
				<guid>http://smoothieware.org/forum/t-771008#post-1958473</guid>
				<title>Re: Bulid error</title>
				<link>http://smoothieware.org/forum/t-771008/bulid-error#post-1958473</link>
				<description></description>
				<pubDate>Thu, 06 Feb 2014 11:00:31 +0000</pubDate>
				<wikidot:authorName>arthurwolf</wikidot:authorName>				<wikidot:authorUserId>471107</wikidot:authorUserId>				<content:encoded>
					<![CDATA[
						 <p>You can email it to <span class="wiki-email">moc.liamg|ruhtra.flow#moc.liamg|ruhtra.flow</span>, I will post it here.</p> 
				 	]]>
				</content:encoded>							</item>
					<item>
				<guid>http://smoothieware.org/forum/t-771008#post-1958342</guid>
				<title>Re: Bulid error</title>
				<link>http://smoothieware.org/forum/t-771008/bulid-error#post-1958342</link>
				<description></description>
				<pubDate>Thu, 06 Feb 2014 07:42:39 +0000</pubDate>
				<wikidot:authorName>redpiperbob</wikidot:authorName>				<wikidot:authorUserId>1825169</wikidot:authorUserId>				<content:encoded>
					<![CDATA[
						 <p>this site will not let me post a url to the screen shot I do not know how to get the image to you<br /> Bob</p> 
				 	]]>
				</content:encoded>							</item>
					<item>
				<guid>http://smoothieware.org/forum/t-771008#post-1956154</guid>
				<title>Re: Bulid error</title>
				<link>http://smoothieware.org/forum/t-771008/bulid-error#post-1956154</link>
				<description></description>
				<pubDate>Tue, 04 Feb 2014 10:55:46 +0000</pubDate>
				<wikidot:authorName>arthurwolf</wikidot:authorName>				<wikidot:authorUserId>471107</wikidot:authorUserId>				<content:encoded>
					<![CDATA[
						 <p>Can you give us the full output of make ?</p> 
				 	]]>
				</content:encoded>							</item>
					<item>
				<guid>http://smoothieware.org/forum/t-771008#post-1956050</guid>
				<title>Re: Bulid error</title>
				<link>http://smoothieware.org/forum/t-771008/bulid-error#post-1956050</link>
				<description></description>
				<pubDate>Tue, 04 Feb 2014 06:42:56 +0000</pubDate>
				<wikidot:authorName>redpiperbob</wikidot:authorName>				<wikidot:authorUserId>1825169</wikidot:authorUserId>				<content:encoded>
					<![CDATA[
						 <p>yes I did I tried Smoothie-edge.zip and smoothie-master.zip<br /> Bob</p> 
				 	]]>
				</content:encoded>							</item>
					<item>
				<guid>http://smoothieware.org/forum/t-771008#post-1954393</guid>
				<title>Re: Bulid error</title>
				<link>http://smoothieware.org/forum/t-771008/bulid-error#post-1954393</link>
				<description></description>
				<pubDate>Sun, 02 Feb 2014 12:10:43 +0000</pubDate>
				<wikidot:authorName>arthurwolf</wikidot:authorName>				<wikidot:authorUserId>471107</wikidot:authorUserId>				<content:encoded>
					<![CDATA[
						 <p>Hello !</p> <p>Did you build the toolchain using one of the install script, and then run the BuildShell script ?</p> <p>Cheers.</p> 
				 	]]>
				</content:encoded>							</item>
					<item>
				<guid>http://smoothieware.org/forum/t-771008#post-1954336</guid>
				<title>Bulid error</title>
				<link>http://smoothieware.org/forum/t-771008/bulid-error#post-1954336</link>
				<description></description>
				<pubDate>Sun, 02 Feb 2014 08:54:02 +0000</pubDate>
				<wikidot:authorName>redpiperbob</wikidot:authorName>				<wikidot:authorUserId>1825169</wikidot:authorUserId>				<content:encoded>
					<![CDATA[
						 <p>Hi everybody<br /> Just waiting for my Smoothieboard to arrive . So I thought I would download the firmware and build it but I get the following error &quot;make: [all] error 2&quot;<br /> This site will not let me add a pic to this message.<br /> has anyone any ideas.<br /> Thanks<br /> Bob</p> 
				 	]]>
				</content:encoded>							</item>
				</channel>
</rss>