<?xml version="1.0" encoding="UTF-8" ?>
<rss version="2.0" xmlns:content="http://purl.org/rss/1.0/modules/content/" xmlns:wikidot="http://www.wikidot.com/rss-namespace">

	<channel>
		<title>SmoothieBoard update please?</title>
		<link>http://smoothieware.org/forum/t-777344/smoothieboard-update-please</link>
		<description>Posts in the discussion thread &quot;SmoothieBoard update please?&quot; - It has been a month and 10 days since the last &quot;any day now&quot; email...</description>
				<copyright></copyright>
		<lastBuildDate>Thu, 30 Oct 2014 09:31:47 +0000</lastBuildDate>
		
					<item>
				<guid>http://smoothieware.org/forum/t-777344#post-1992417</guid>
				<title>Re: SmoothieBoard update please?</title>
				<link>http://smoothieware.org/forum/t-777344/smoothieboard-update-please#post-1992417</link>
				<description></description>
				<pubDate>Sun, 16 Mar 2014 19:52:05 +0000</pubDate>
				<wikidot:authorName>Malodave</wikidot:authorName>				<wikidot:authorUserId>1854017</wikidot:authorUserId>				<content:encoded>
					<![CDATA[
						 <p>Retail Smoothieboards are available now. Kickstarter pledges have all been shipped<br /> I ordered two just after midnight this morning.</p> <p>Malodave</p> 
				 	]]>
				</content:encoded>							</item>
					<item>
				<guid>http://smoothieware.org/forum/t-777344#post-1969083</guid>
				<title>SmoothieBoard update please?</title>
				<link>http://smoothieware.org/forum/t-777344/smoothieboard-update-please#post-1969083</link>
				<description></description>
				<pubDate>Sun, 16 Feb 2014 13:10:31 +0000</pubDate>
				<wikidot:authorName>JeffPritchard</wikidot:authorName>				<wikidot:authorUserId>1835209</wikidot:authorUserId>				<content:encoded>
					<![CDATA[
						 <p>I'm sure there are good reasons, but please send us an update soon.</p> <p>thanks much!</p> 
				 	]]>
				</content:encoded>							</item>
				</channel>
</rss>