<?xml version="1.0" encoding="UTF-8" ?>
<rss version="2.0" xmlns:content="http://purl.org/rss/1.0/modules/content/" xmlns:wikidot="http://www.wikidot.com/rss-namespace">

	<channel>
		<title>Optical Endstops Problem</title>
		<link>http://smoothieware.org/forum/t-785538/optical-endstops-problem</link>
		<description>Posts in the discussion thread &quot;Optical Endstops Problem&quot;</description>
				<copyright></copyright>
		<lastBuildDate>Thu, 30 Oct 2014 09:31:17 +0000</lastBuildDate>
		
					<item>
				<guid>http://smoothieware.org/forum/t-785538#post-2027447</guid>
				<title>Re: Optical Endstops Problem</title>
				<link>http://smoothieware.org/forum/t-785538/optical-endstops-problem#post-2027447</link>
				<description></description>
				<pubDate>Wed, 07 May 2014 14:50:17 +0000</pubDate>
				<wikidot:authorName>DeQuade</wikidot:authorName>				<wikidot:authorUserId>1885344</wikidot:authorUserId>				<content:encoded>
					<![CDATA[
						 <p>Hi! What optical endstops are you using?</p> 
				 	]]>
				</content:encoded>							</item>
					<item>
				<guid>http://smoothieware.org/forum/t-785538#post-1983714</guid>
				<title>Re: Optical Endstops Problem</title>
				<link>http://smoothieware.org/forum/t-785538/optical-endstops-problem#post-1983714</link>
				<description></description>
				<pubDate>Tue, 04 Mar 2014 21:31:29 +0000</pubDate>
				<wikidot:authorName>Robotnik3D</wikidot:authorName>				<wikidot:authorUserId>1846342</wikidot:authorUserId>				<content:encoded>
					<![CDATA[
						 <p>Cool, good to know that. :) Thanks one more time for the impulse - i was desperated about one thing and didn't try the option, haha!</p> 
				 	]]>
				</content:encoded>							</item>
					<item>
				<guid>http://smoothieware.org/forum/t-785538#post-1983706</guid>
				<title>Re: Optical Endstops Problem</title>
				<link>http://smoothieware.org/forum/t-785538/optical-endstops-problem#post-1983706</link>
				<description></description>
				<pubDate>Tue, 04 Mar 2014 21:19:27 +0000</pubDate>
				<wikidot:authorName>arthurwolf</wikidot:authorName>				<wikidot:authorUserId>471107</wikidot:authorUserId>				<content:encoded>
					<![CDATA[
						 <p>Yeah we are working on making that work, it's a missing feature, we have a few small ones like that. Should arrive in the code soon-ish.</p> 
				 	]]>
				</content:encoded>							</item>
					<item>
				<guid>http://smoothieware.org/forum/t-785538#post-1983699</guid>
				<title>Re: Optical Endstops Problem</title>
				<link>http://smoothieware.org/forum/t-785538/optical-endstops-problem#post-1983699</link>
				<description></description>
				<pubDate>Tue, 04 Mar 2014 21:09:58 +0000</pubDate>
				<wikidot:authorName>Robotnik3D</wikidot:authorName>				<wikidot:authorUserId>1846342</wikidot:authorUserId>				<content:encoded>
					<![CDATA[
						 <p>Hi,</p> <p>wow, thanks for the quick answer. It seems to work with the home button. And yes, i expected that the carriage stops (using the movement controls) there, it was possible with my old board, even with the &quot;normal&quot; movement controls, so it's new to me.</p> 
				 	]]>
				</content:encoded>							</item>
					<item>
				<guid>http://smoothieware.org/forum/t-785538#post-1983677</guid>
				<title>Re: Optical Endstops Problem</title>
				<link>http://smoothieware.org/forum/t-785538/optical-endstops-problem#post-1983677</link>
				<description></description>
				<pubDate>Tue, 04 Mar 2014 20:43:14 +0000</pubDate>
				<wikidot:authorName>arthurwolf</wikidot:authorName>				<wikidot:authorUserId>471107</wikidot:authorUserId>				<content:encoded>
					<![CDATA[
						 <p>Hi !</p> <p>How exactly are you homing ? Are you using the homing Gcode ( G28, or the &quot;home&quot; button in your host software ) or moving the carriage to the endstop and expecting it to stop there ?</p> <p>Cheers.</p> 
				 	]]>
				</content:encoded>							</item>
					<item>
				<guid>http://smoothieware.org/forum/t-785538#post-1983668</guid>
				<title>Optical Endstops Problem</title>
				<link>http://smoothieware.org/forum/t-785538/optical-endstops-problem#post-1983668</link>
				<description></description>
				<pubDate>Tue, 04 Mar 2014 20:30:42 +0000</pubDate>
				<wikidot:authorName>Robotnik3D</wikidot:authorName>				<wikidot:authorUserId>1846342</wikidot:authorUserId>				<content:encoded>
					<![CDATA[
						 <p>Hi @ all!</p> <p>I've got the smoothieboard just a few weeks ago, but had no time to test it. Today was the day! I disconnected some stepper cables from my teensy and connected them to the smoothieboard, and they moved (even in the right direction). So far so good. But my optical endstops doesn't work&#8230; The pins are correctly plugged, the LED on the enstop is on - if the (for example the x axis) carriage moves to the home position, the LED goes off but the carriage don't stops. I tried to invert the pins in the config file, but it doesn't help..</p> <p>some ideas??</p> <p>greetings from Bavaria</p> 
				 	]]>
				</content:encoded>							</item>
				</channel>
</rss>