<?xml version="1.0" encoding="UTF-8" ?>
<rss version="2.0" xmlns:content="http://purl.org/rss/1.0/modules/content/" xmlns:wikidot="http://www.wikidot.com/rss-namespace">

	<channel>
		<title>Auto Bed Leveling</title>
		<link>http://smoothieware.org/forum/t-802712/auto-bed-leveling</link>
		<description>Posts in the discussion thread &quot;Auto Bed Leveling&quot; - Servo and automatic levelling support</description>
				<copyright></copyright>
		<lastBuildDate>Thu, 30 Oct 2014 09:31:40 +0000</lastBuildDate>
		
					<item>
				<guid>http://smoothieware.org/forum/t-802712#post-2003954</guid>
				<title>Re: Auto Bed Leveling</title>
				<link>http://smoothieware.org/forum/t-802712/auto-bed-leveling#post-2003954</link>
				<description></description>
				<pubDate>Wed, 02 Apr 2014 05:37:32 +0000</pubDate>
				<wikidot:authorName>wolfmanjm</wikidot:authorName>				<wikidot:authorUserId>1543179</wikidot:authorUserId>				<content:encoded>
					<![CDATA[
						 <p>Not at the moment but plans are in the works for autolevelling for Cartesian machines, and auto calibration for Delta type machines.</p> 
				 	]]>
				</content:encoded>							</item>
					<item>
				<guid>http://smoothieware.org/forum/t-802712#post-1987993</guid>
				<title>Auto Bed Leveling</title>
				<link>http://smoothieware.org/forum/t-802712/auto-bed-leveling#post-1987993</link>
				<description></description>
				<pubDate>Mon, 10 Mar 2014 16:02:05 +0000</pubDate>
				<wikidot:authorName>marcosfg</wikidot:authorName>				<wikidot:authorUserId>1850028</wikidot:authorUserId>				<content:encoded>
					<![CDATA[
						 <p>Hello,</p> <p>I currently using a RAMPS 1.4 board to drive my 3D printer and I am searching for some controller that could boost the processing power.</p> <p>I have been following the smoothie project for some time and I am thinking in buy a smoothie board, however right now I couldn't live without auto levelling feature.</p> <p>Does the smoothie firmware support auto levelling?</p> <p>Regards,<br /> Marcos</p> 
				 	]]>
				</content:encoded>							</item>
				</channel>
</rss>