<?xml version="1.0" encoding="UTF-8" ?>
<rss version="2.0" xmlns:content="http://purl.org/rss/1.0/modules/content/" xmlns:wikidot="http://www.wikidot.com/rss-namespace">

	<channel>
		<title>Slave and Axis</title>
		<link>http://smoothieware.org/forum/t-837269/slave-and-axis</link>
		<description>Posts in the discussion thread &quot;Slave and Axis&quot; - Is it possible to create an arm solution to use an axis as a slave</description>
				<copyright></copyright>
		<lastBuildDate>Thu, 30 Oct 2014 09:31:39 +0000</lastBuildDate>
		
					<item>
				<guid>http://smoothieware.org/forum/t-837269#post-2003958</guid>
				<title>Re: Slave and Axis</title>
				<link>http://smoothieware.org/forum/t-837269/slave-and-axis#post-2003958</link>
				<description></description>
				<pubDate>Wed, 02 Apr 2014 05:39:39 +0000</pubDate>
				<wikidot:authorName>wolfmanjm</wikidot:authorName>				<wikidot:authorUserId>1543179</wikidot:authorUserId>				<content:encoded>
					<![CDATA[
						 <p>This can be done easily by adding the headers for the two drivers and connecting the step, dir and enable pins of the two drivers, and in the config comment out the Extruder configuration so the pins are not defined and left in an input state.</p> <p>No module is required to do this.</p> 
				 	]]>
				</content:encoded>							</item>
					<item>
				<guid>http://smoothieware.org/forum/t-837269#post-2003718</guid>
				<title>Slave and Axis</title>
				<link>http://smoothieware.org/forum/t-837269/slave-and-axis#post-2003718</link>
				<description></description>
				<pubDate>Wed, 02 Apr 2014 00:43:47 +0000</pubDate>
				<wikidot:authorName>Bart Dring</wikidot:authorName>				<wikidot:authorUserId>1865038</wikidot:authorUserId>				<content:encoded>
					<![CDATA[
						 <p>I have a CNC router with a dual Y axis. The standard drivers are not quite up to running 2 motors very well. I was wondering if I can slave the extruder axis as the second Y.</p> <p>Would this be done better in Smoothie with a new module?</p> 
				 	]]>
				</content:encoded>							</item>
				</channel>
</rss>