<?xml version="1.0" encoding="UTF-8" ?>
<rss version="2.0" xmlns:content="http://purl.org/rss/1.0/modules/content/" xmlns:wikidot="http://www.wikidot.com/rss-namespace">

	<channel>
		<title>TinyG motion planning vs Smoothie</title>
		<link>http://smoothieware.org/forum/t-839730/tinyg-motion-planning-vs-smoothie</link>
		<description>Posts in the discussion thread &quot;TinyG motion planning vs Smoothie&quot; - How does the motion planning compare?</description>
				<copyright></copyright>
		<lastBuildDate>Thu, 30 Oct 2014 09:31:37 +0000</lastBuildDate>
		
					<item>
				<guid>http://smoothieware.org/forum/t-839730#post-2006308</guid>
				<title>Re: TinyG motion planning vs Smoothie</title>
				<link>http://smoothieware.org/forum/t-839730/tinyg-motion-planning-vs-smoothie#post-2006308</link>
				<description></description>
				<pubDate>Fri, 04 Apr 2014 22:19:03 +0000</pubDate>
				<wikidot:authorName>arthurwolf</wikidot:authorName>				<wikidot:authorUserId>471107</wikidot:authorUserId>				<content:encoded>
					<![CDATA[
						 <p>Hi !</p> <p>I&nbsp;have never used TinyG, but I have looked at the code.</p> <p>From what I can see, the code structure is very similar to GRBL.</p> <p>Major advantages of TinyG I can see is that it supports 6 axis ( though I heard reports that's not up to the task yet ), and does S-curve acceleration.<br /> Somebody that knows it better could tell of more major features but that's all I could find from a quick look at the code and the Wiki.</p> <p>Smoothie has very good motion planning, I would expect no difference in the way the machine is run. And Smoothie having a faster MCU and more RAM, I&nbsp;would expect Smoothie to be able to look longer ahead ( and so being smarter about moves ).</p> <p>TinyG is very barebones and does only one thing ( and apparently does it well ).<br /> Smoothie is designed to do -many- things ( very well too, we have a big community building it ), and be very simple to configure, use, and extend.</p> <p>To answer the question specifically about seeing a change in how your machine is run, I&nbsp;would be surprised if you saw a difference, but if you saw one ( it's going to depend on the machine ) it'll probably be Smoothie doing things better. So no, you won't loose accuracy.</p> <p>About the link :&nbsp;<a href="http://makezine.com/2013/09/23/why-your-machine-needs-a-tinyg/">http://makezine.com/2013/09/23/why-your-machine-needs-a-tinyg/</a><br /> We don't have any cool demos like that :) Though Smoothie is more than capable of executing all of them ( and more ).<br /> We try to regroup some cool things we find here : <a href="http://smoothieware.org/gallery">http://smoothieware.org/gallery</a></p> <p>Also, if that matters to you, Smoothie has the advantage of being Open Hardware :)</p> <p>Some things you'll get with Smoothie you won't with TinyG :&nbsp;</p> <ul> <li>Ethernet with web interface, telnet port for sending G-code</li> <li>USB Mass storage ( exposing the SD&nbsp;Card ), USB Serial</li> <li>Play files from the SD&nbsp;card</li> <li>Configuration is very simple via a config file : <a href="https://github.com/arthurwolf/Smoothie/blob/edge/ConfigSamples/Smoothieboard/config">https://github.com/arthurwolf/Smoothie/blob/edge/ConfigSamples/Smoothieboard/config</a> accessible via the USB&nbsp;Mass storage.</li> <li>Controls lasers, CNC mills, 3D printers ( also meaning people from those 3 fields work on the firmware, not just people coming from one type of machine )</li> <li>1/16&nbsp;microstepping ( 1/8 for TinyG electronics, and can run up to 150khz, compared to 50 for TinyG )</li> <li>More powerful 32bits microcontroller</li> <li>Support for multiple arm solutions</li> <li>Very modular firmware making it easy to add new features</li> <li>Supports panel controllers</li> <li>Much more :)</li> </ul> <p>I'm around if you have any question.</p> <p>Cheers :)</p> 
				 	]]>
				</content:encoded>							</item>
					<item>
				<guid>http://smoothieware.org/forum/t-839730#post-2006218</guid>
				<title>TinyG motion planning vs Smoothie</title>
				<link>http://smoothieware.org/forum/t-839730/tinyg-motion-planning-vs-smoothie#post-2006218</link>
				<description></description>
				<pubDate>Fri, 04 Apr 2014 18:49:07 +0000</pubDate>
				<wikidot:authorName>Ben Delarre</wikidot:authorName>				<wikidot:authorUserId>1866725</wikidot:authorUserId>				<content:encoded>
					<![CDATA[
						 <p>So I've used a TinyG, and have read a lot about how smooth the motion planning is with its constant jerk acceleration etc.</p> <p>As I understand it Smoothie is based off the GRBL implementation, so how does the motion planning compare? Can you do the same kind of cool demonstrations seen here on make recently?</p> <p>makezineDOTcom/2013/09/23/why-your-machine-needs-a-tinyg</p> <p>(Can't post links being a new user&#8230;)</p> <p>My TinyG board recently died, so I'm considering getting a Smoothie compatible board like the Azteeg X5 or the Smoothieboard itself, just want to know if I'm going to lose accuracy on my CNC because of it.</p> 
				 	]]>
				</content:encoded>							</item>
				</channel>
</rss>