<?xml version="1.0" encoding="UTF-8" ?>
<rss version="2.0" xmlns:content="http://purl.org/rss/1.0/modules/content/" xmlns:wikidot="http://www.wikidot.com/rss-namespace">

	<channel>
		<title>Replicator2</title>
		<link>http://smoothieware.org/forum/t-830014/replicator2</link>
		<description>Posts in the discussion thread &quot;Replicator2&quot; - Replace mightyboard with Smoothie?</description>
				<copyright></copyright>
		<lastBuildDate>Thu, 30 Oct 2014 09:31:43 +0000</lastBuildDate>
		
					<item>
				<guid>http://smoothieware.org/forum/t-830014#post-1997496</guid>
				<title>Re: Replicator2</title>
				<link>http://smoothieware.org/forum/t-830014/replicator2#post-1997496</link>
				<description></description>
				<pubDate>Mon, 24 Mar 2014 12:37:44 +0000</pubDate>
				<wikidot:authorName>arthurwolf</wikidot:authorName>				<wikidot:authorUserId>471107</wikidot:authorUserId>				<content:encoded>
					<![CDATA[
						 <p>Hi !</p> <p>Nobody that I know of has, but :&nbsp;</p> <ul> <li>I'm supposed to do it in one when I have time</li> <li>It's been done in other commercial printers, an Up!&nbsp;for example</li> <li>It should be fairly easy/standard ( except maybe for the LCD&nbsp;controller )</li> </ul> <p>If you need any help doing it, don't hesistate to ask here, or IRC, or via email at <span class="wiki-email">moc.liamg|ruhtra.flow#moc.liamg|ruhtra.flow</span><br /> This guide should be fairly helpful : <a href="http://smoothieware.org/3d-printer-guide">http://smoothieware.org/3d-printer-guide</a></p> <p>Cheers :)</p> 
				 	]]>
				</content:encoded>							</item>
					<item>
				<guid>http://smoothieware.org/forum/t-830014#post-1997312</guid>
				<title>Replicator2</title>
				<link>http://smoothieware.org/forum/t-830014/replicator2#post-1997312</link>
				<description></description>
				<pubDate>Mon, 24 Mar 2014 03:55:10 +0000</pubDate>
				<wikidot:authorName>deepsiks</wikidot:authorName>				<wikidot:authorUserId>1858994</wikidot:authorUserId>				<content:encoded>
					<![CDATA[
						 <p>Has anyone replaced the Replicator 2 Mightyboard with a Smoothie?</p> 
				 	]]>
				</content:encoded>							</item>
				</channel>
</rss>