<?xml version="1.0" encoding="UTF-8" ?>
<rss version="2.0" xmlns:content="http://purl.org/rss/1.0/modules/content/" xmlns:wikidot="http://www.wikidot.com/rss-namespace">

	<channel>
		<title>Smoothieboard without onboard drivers or the 3x?</title>
		<link>http://smoothieware.org/forum/t-834633/smoothieboard-without-onboard-drivers-or-the-3x</link>
		<description>Posts in the discussion thread &quot;Smoothieboard without onboard drivers or the 3x?&quot;</description>
				<copyright></copyright>
		<lastBuildDate>Thu, 30 Oct 2014 09:31:41 +0000</lastBuildDate>
		
					<item>
				<guid>http://smoothieware.org/forum/t-834633#post-2001605</guid>
				<title>Re: Smoothieboard without onboard drivers or the 3x?</title>
				<link>http://smoothieware.org/forum/t-834633/smoothieboard-without-onboard-drivers-or-the-3x#post-2001605</link>
				<description></description>
				<pubDate>Sun, 30 Mar 2014 12:10:07 +0000</pubDate>
				<wikidot:authorName>arthurwolf</wikidot:authorName>				<wikidot:authorUserId>471107</wikidot:authorUserId>				<content:encoded>
					<![CDATA[
						 <p>Hi !</p> <p>We are planning on releasing a 0X board that does what you want it to, soon. Working on it.<br /> At the moment your best bet is to use a 3X&nbsp;board ( or a 4X&nbsp;board if you want Ethernet ).<br /> You can connect as many external drivers as you want.</p> <p>Cheers.</p> 
				 	]]>
				</content:encoded>							</item>
					<item>
				<guid>http://smoothieware.org/forum/t-834633#post-2001561</guid>
				<title>Re: Smoothieboard without onboard drivers or the 3x?</title>
				<link>http://smoothieware.org/forum/t-834633/smoothieboard-without-onboard-drivers-or-the-3x#post-2001561</link>
				<description></description>
				<pubDate>Sun, 30 Mar 2014 10:37:44 +0000</pubDate>
				<wikidot:authorName>dandumit</wikidot:authorName>				<wikidot:authorUserId>1201850</wikidot:authorUserId>				<content:encoded>
					<![CDATA[
						 <p>Hello,</p> <p>I have made such a board let's call it smoothieware.<br /> Unfortunately it seems that I cannot post links.</p> <p>Also it connects to a board with 4 channels with up to 4.2A per coil</p> <p>Kind regards,<br /> Daniel</p> 
				 	]]>
				</content:encoded>							</item>
					<item>
				<guid>http://smoothieware.org/forum/t-834633#post-2001475</guid>
				<title>Smoothieboard without onboard drivers or the 3x?</title>
				<link>http://smoothieware.org/forum/t-834633/smoothieboard-without-onboard-drivers-or-the-3x#post-2001475</link>
				<description></description>
				<pubDate>Sun, 30 Mar 2014 05:36:53 +0000</pubDate>
				<wikidot:authorName>MbaseCNC</wikidot:authorName>				<wikidot:authorUserId>1863360</wikidot:authorUserId>				<content:encoded>
					<![CDATA[
						 <p>Hi All,</p> <p>I need a Smoothieboard without the onboard drivers. I'm planning on using external drivers for a large NEMA23 machine.<br /> Is there a possibility I can order this board somewhere?<br /> If not, is it possible to order the 3x board and still connect 5 external drivers or is something missing on the 3x board except the drivers.<br /> Hope someone can shed some light on this, thanks.</p> <p>Regards,<br /> Marco</p> 
				 	]]>
				</content:encoded>							</item>
				</channel>
</rss>