<?xml version="1.0" encoding="UTF-8" ?>
<rss version="2.0" xmlns:content="http://purl.org/rss/1.0/modules/content/" xmlns:wikidot="http://www.wikidot.com/rss-namespace">

	<channel>
		<title>UP! Thermistor about 100 Omh</title>
		<link>http://smoothieware.org/forum/t-844869/up-thermistor-about-100-omh</link>
		<description>Posts in the discussion thread &quot;UP! Thermistor about 100 Omh&quot;</description>
				<copyright></copyright>
		<lastBuildDate>Thu, 30 Oct 2014 09:31:23 +0000</lastBuildDate>
		
					<item>
				<guid>http://smoothieware.org/forum/t-844869#post-2021116</guid>
				<title>Re: UP! Thermistor about 100 Omh</title>
				<link>http://smoothieware.org/forum/t-844869/up-thermistor-about-100-omh#post-2021116</link>
				<description></description>
				<pubDate>Mon, 28 Apr 2014 12:51:39 +0000</pubDate>
				<wikidot:authorName>termsl</wikidot:authorName>				<wikidot:authorUserId>1872064</wikidot:authorUserId>				<content:encoded>
					<![CDATA[
						 <p>Thks!<br /> I am was by 100k thermistor&#8230;</p> 
				 	]]>
				</content:encoded>							</item>
					<item>
				<guid>http://smoothieware.org/forum/t-844869#post-2011779</guid>
				<title>Re: UP! Thermistor about 100 Omh</title>
				<link>http://smoothieware.org/forum/t-844869/up-thermistor-about-100-omh#post-2011779</link>
				<description></description>
				<pubDate>Sun, 13 Apr 2014 17:24:52 +0000</pubDate>
				<wikidot:authorName>arthurwolf</wikidot:authorName>				<wikidot:authorUserId>471107</wikidot:authorUserId>				<content:encoded>
					<![CDATA[
						 <p>Hi !</p> <p>Can you give us the resistance at 100 degrees Celcius ?</p> <p>Cheers :)</p> 
				 	]]>
				</content:encoded>							</item>
					<item>
				<guid>http://smoothieware.org/forum/t-844869#post-2011776</guid>
				<title>UP! Thermistor about 100 Omh</title>
				<link>http://smoothieware.org/forum/t-844869/up-thermistor-about-100-omh#post-2011776</link>
				<description></description>
				<pubDate>Sun, 13 Apr 2014 17:21:57 +0000</pubDate>
				<wikidot:authorName>termsl</wikidot:authorName>				<wikidot:authorUserId>1872064</wikidot:authorUserId>				<content:encoded>
					<![CDATA[
						 <p>Hi all!<br /> I tru to modernize my UP! printer.<br /> The have a thermistor about 113 Omh at 25 degrees of Celsius.<br /> How i can use this thermistor with smothie?</p> 
				 	]]>
				</content:encoded>							</item>
				</channel>
</rss>