<?xml version="1.0" encoding="UTF-8" ?>
<rss version="2.0" xmlns:content="http://purl.org/rss/1.0/modules/content/" xmlns:wikidot="http://www.wikidot.com/rss-namespace">

	<channel>
		<title>Current control - for generic loads or for steppers only</title>
		<link>http://smoothieware.org/forum/t-841474/current-control-for-generic-loads-or-for-steppers-only</link>
		<description>Posts in the discussion thread &quot;Current control - for generic loads or for steppers only&quot; - What does current control actually do?</description>
				<copyright></copyright>
		<lastBuildDate>Thu, 30 Oct 2014 09:31:35 +0000</lastBuildDate>
		
					<item>
				<guid>http://smoothieware.org/forum/t-841474#post-2008478</guid>
				<title>Re: Current control - for generic loads or for steppers only</title>
				<link>http://smoothieware.org/forum/t-841474/current-control-for-generic-loads-or-for-steppers-only#post-2008478</link>
				<description></description>
				<pubDate>Tue, 08 Apr 2014 12:33:02 +0000</pubDate>
				<wikidot:authorName>Tilman Baumann</wikidot:authorName>				<wikidot:authorUserId>828823</wikidot:authorUserId>				<content:encoded>
					<![CDATA[
						 <p>I did some research too. Nobody seems o do any temperature regulation on hotwire cutters.<br /> They all find the right cutting speed and power on the wire setings by experimantation and just leave it. Or establish a few tested profiles of PWM and cutting speed for various demands.<br /> This seems to work fine.</p> <p>I guess it could be quite dificult to actually meassure the wire heat. Especially since the wire in air temperature is probably not even the most relevant value.</p> <p>To take his up one notch I could consider a variant of the laser control module. In one step you heat up the wire to nominal 'in air' temperaure. (Like ramping up spindle speed)<br /> And then when actual cutting is done, you can ad a few ticks more juice to the wire to compensate cooling as it eats through foam. :)</p> <p>But in any case. Fixed value PWM seems to be what everyone else does. So it's good enough for me.</p> 
				 	]]>
				</content:encoded>							</item>
					<item>
				<guid>http://smoothieware.org/forum/t-841474#post-2008405</guid>
				<title>Re: Current control - for generic loads or for steppers only</title>
				<link>http://smoothieware.org/forum/t-841474/current-control-for-generic-loads-or-for-steppers-only#post-2008405</link>
				<description></description>
				<pubDate>Tue, 08 Apr 2014 09:25:59 +0000</pubDate>
				<wikidot:authorName>dandumit</wikidot:authorName>				<wikidot:authorUserId>1201850</wikidot:authorUserId>				<content:encoded>
					<![CDATA[
						 <p>I think that you have put a good question.<br /> Simple PWM without feedback it's not that usefull.</p> <p>a simple OPAmp would help to do conversion from Thermistor to constant current.<br /> I will think about how to implement it.</p> 
				 	]]>
				</content:encoded>							</item>
					<item>
				<guid>http://smoothieware.org/forum/t-841474#post-2007752</guid>
				<title>Re: Current control - for generic loads or for steppers only</title>
				<link>http://smoothieware.org/forum/t-841474/current-control-for-generic-loads-or-for-steppers-only#post-2007752</link>
				<description></description>
				<pubDate>Mon, 07 Apr 2014 15:20:31 +0000</pubDate>
				<wikidot:authorName>Tilman Baumann</wikidot:authorName>				<wikidot:authorUserId>828823</wikidot:authorUserId>				<content:encoded>
					<![CDATA[
						 <p>I should really read the docu before I post. I found the switch module. And it supports PWM.<br /> That is that. Probly also makes more sense than current regulating. Since that would probably be a linear regulator, and that would get rather hot.</p> 
				 	]]>
				</content:encoded>							</item>
					<item>
				<guid>http://smoothieware.org/forum/t-841474#post-2007724</guid>
				<title>Current control - for generic loads or for steppers only</title>
				<link>http://smoothieware.org/forum/t-841474/current-control-for-generic-loads-or-for-steppers-only#post-2007724</link>
				<description></description>
				<pubDate>Mon, 07 Apr 2014 14:47:29 +0000</pubDate>
				<wikidot:authorName>Tilman Baumann</wikidot:authorName>				<wikidot:authorUserId>828823</wikidot:authorUserId>				<content:encoded>
					<![CDATA[
						 <p>Since I'm going to drive a hot wire for my foam cutter, I thought it might be quite neat if I could control the hot wire via smoothie.</p> <p>It is probably not very feasible to temperature control the wire reliably. (Will see I will do some tests with that. But I don't think it's viable)<br /> But temperature control doesn't need to be super precise. Ideally I could just set the current for the wire. That is why I got quite excited about the currentcontrol feature. But it is not quite clear to me what current it controls. The G-Code M907 accepts values for X Y Z E. I suppose those are for the stepper channels.<br /> I would of course need that at one of the big mosfet heater outputs.</p> <p>Alternatively, is there perhaps a PWM mode for the big mosfets? I see no gcodes for that or any other references.</p> 
				 	]]>
				</content:encoded>							</item>
				</channel>
</rss>