<?xml version="1.0" encoding="UTF-8" ?>
<rss version="2.0" xmlns:content="http://purl.org/rss/1.0/modules/content/" xmlns:wikidot="http://www.wikidot.com/rss-namespace">

	<channel>
		<title>External driver at 5.5V for nema 34</title>
		<link>http://smoothieware.org/forum/t-846418/external-driver-at-5-5v-for-nema-34</link>
		<description>Posts in the discussion thread &quot;External driver at 5.5V for nema 34&quot; - How to get smoothie to drive nema 34 motors for a heavy CNC with an external driver. Driver DM860A</description>
				<copyright></copyright>
		<lastBuildDate>Thu, 30 Oct 2014 09:31:30 +0000</lastBuildDate>
		
					<item>
				<guid>http://smoothieware.org/forum/t-846418#post-2013492</guid>
				<title>Re: External driver at 5.5V for nema 34</title>
				<link>http://smoothieware.org/forum/t-846418/external-driver-at-5-5v-for-nema-34#post-2013492</link>
				<description></description>
				<pubDate>Wed, 16 Apr 2014 14:48:59 +0000</pubDate>
				<wikidot:authorName>arthurwolf</wikidot:authorName>				<wikidot:authorUserId>471107</wikidot:authorUserId>				<content:encoded>
					<![CDATA[
						 <p>Hi !</p> <p>I'm working on adding tutorials, the one on 3D printers should help you quite a bit ( but it does not include external drivers information just yet ) :&nbsp;<a href="http://smoothieware.org/3d-printer-guide">http://smoothieware.org/3d-printer-guide</a></p> <p>I'm fairly certain you can control those drivers using 3.3V, even though it recommends 5V. I recommend you try it, and if it doesn't work, you can come back here and I'll give you detailled instructions as to how to wire adapters.</p> <p>Cheers :)</p> 
				 	]]>
				</content:encoded>							</item>
					<item>
				<guid>http://smoothieware.org/forum/t-846418#post-2013363</guid>
				<title>Re: External driver at 5.5V for nema 34</title>
				<link>http://smoothieware.org/forum/t-846418/external-driver-at-5-5v-for-nema-34#post-2013363</link>
				<description></description>
				<pubDate>Wed, 16 Apr 2014 11:33:06 +0000</pubDate>
				<wikidot:authorName>dandumit</wikidot:authorName>				<wikidot:authorUserId>1201850</wikidot:authorUserId>				<content:encoded>
					<![CDATA[
						 <p>I don't think that you need a level converter (3.3v to 5v)<br /> those kind of drivers have optocuplers on input and more than that I have seen many people connecting directly parallel port to such kind of dirvers.<br /> And parallel port on recent computer output also 3.3v</p> <p>DAniel</p> 
				 	]]>
				</content:encoded>							</item>
					<item>
				<guid>http://smoothieware.org/forum/t-846418#post-2013340</guid>
				<title>External driver at 5.5V for nema 34</title>
				<link>http://smoothieware.org/forum/t-846418/external-driver-at-5-5v-for-nema-34#post-2013340</link>
				<description></description>
				<pubDate>Wed, 16 Apr 2014 10:08:34 +0000</pubDate>
				<wikidot:authorName>JohnRR</wikidot:authorName>				<wikidot:authorUserId>1873538</wikidot:authorUserId>				<content:encoded>
					<![CDATA[
						 <p>I am considering Smoothie for a heavy CNC that will be driven by nema 34. I see that smoothie has driver pins that are 3.3V. Would a 3.3V to 5V converter enable the smoothie to interface an external driver for large motors ? How would the wiring be to a DM860A ?<br /> I heard that there is a board getting done that doesn't have drivers, will it work on 5V ?</p> <p>A tutorial or detailed explainations would be great as I'm sure I'm not the only one considering it.<br /> Thanks</p> 
				 	]]>
				</content:encoded>							</item>
				</channel>
</rss>