<?xml version="1.0" encoding="UTF-8" ?>
<rss version="2.0" xmlns:content="http://purl.org/rss/1.0/modules/content/" xmlns:wikidot="http://www.wikidot.com/rss-namespace">

	<channel>
		<title>Floating Point Precision v. Rambo Board</title>
		<link>http://smoothieware.org/forum/t-844081/floating-point-precision-v-rambo-board</link>
		<description>Posts in the discussion thread &quot;Floating Point Precision v. Rambo Board&quot; - I&#039;ve heard the Smoothie gives better prints...</description>
				<copyright></copyright>
		<lastBuildDate>Thu, 30 Oct 2014 09:31:32 +0000</lastBuildDate>
		
					<item>
				<guid>http://smoothieware.org/forum/t-844081#post-2010919</guid>
				<title>Re: Floating Point Precision v. Rambo Board</title>
				<link>http://smoothieware.org/forum/t-844081/floating-point-precision-v-rambo-board#post-2010919</link>
				<description></description>
				<pubDate>Fri, 11 Apr 2014 18:24:16 +0000</pubDate>
				<wikidot:authorName>arthurwolf</wikidot:authorName>				<wikidot:authorUserId>471107</wikidot:authorUserId>				<content:encoded>
					<![CDATA[
						 <p>We do not have a FPU, that would be able to do floating point calculations faster. However, we do use more floating point ( float/double ) values when doing the math, instead of fixed point or integer values like in the arduino-based firmwares.</p> <p>Other possible culprits for the better quality could be :&nbsp;</p> <ul> <li>More precise ( smoother )step generation</li> <li>Smoother acceleration</li> <li>Longer look-ahead</li> <li>More precise math all around</li> <li>Better temperature control</li> </ul> <p>I think there is more but it's all I can recall right now :)</p> 
				 	]]>
				</content:encoded>							</item>
					<item>
				<guid>http://smoothieware.org/forum/t-844081#post-2010917</guid>
				<title>Floating Point Precision v. Rambo Board</title>
				<link>http://smoothieware.org/forum/t-844081/floating-point-precision-v-rambo-board#post-2010917</link>
				<description></description>
				<pubDate>Fri, 11 Apr 2014 18:20:50 +0000</pubDate>
				<wikidot:authorName>JohnStack</wikidot:authorName>				<wikidot:authorUserId>1871044</wikidot:authorUserId>				<content:encoded>
					<![CDATA[
						 <p>Is the processor on the smoothie able to do more precise floating point calculations than the Rambo (arduino)? If so, to what degree of precision?</p> <p>I'm trying to figure out why some users are getting what appear to be smoother prints!</p> 
				 	]]>
				</content:encoded>							</item>
				</channel>
</rss>