<?xml version="1.0" encoding="UTF-8" ?>
<rss version="2.0" xmlns:content="http://purl.org/rss/1.0/modules/content/" xmlns:wikidot="http://www.wikidot.com/rss-namespace">

	<channel>
		<title>hour counter</title>
		<link>http://smoothieware.org/forum/t-846421/hour-counter</link>
		<description>Posts in the discussion thread &quot;hour counter&quot;</description>
				<copyright></copyright>
		<lastBuildDate>Thu, 30 Oct 2014 09:31:28 +0000</lastBuildDate>
		
					<item>
				<guid>http://smoothieware.org/forum/t-846421#post-2015361</guid>
				<title>Re: hour counter</title>
				<link>http://smoothieware.org/forum/t-846421/hour-counter#post-2015361</link>
				<description></description>
				<pubDate>Sat, 19 Apr 2014 18:53:41 +0000</pubDate>
				<wikidot:authorName>arthurwolf</wikidot:authorName>				<wikidot:authorUserId>471107</wikidot:authorUserId>				<content:encoded>
					<![CDATA[
						 <p>I ignored flash because you take the risk of loosing the information if firmware flashing occurs. Also I expect you would want to write to it quite often, and that is probably not a good idea for flash.</p> <p>One simple solution would be to use a second SD card :) They are cheap, and you wouldn't get concurrency issues.</p> <p>Saving tool hours and inch ( you mean millimeter right ? :) ) counter shouldn't be a problem, once you have a saving mechanism.</p> 
				 	]]>
				</content:encoded>							</item>
					<item>
				<guid>http://smoothieware.org/forum/t-846421#post-2014904</guid>
				<title>Re: hour counter</title>
				<link>http://smoothieware.org/forum/t-846421/hour-counter#post-2014904</link>
				<description></description>
				<pubDate>Fri, 18 Apr 2014 20:37:14 +0000</pubDate>
				<wikidot:authorName>JohnRR</wikidot:authorName>				<wikidot:authorUserId>1873538</wikidot:authorUserId>				<content:encoded>
					<![CDATA[
						 <p>There is flash memory on the processor. I think saving it there could be possible. Also a tool hour&amp;inch counter ?<br /> Mbed doc may have more info.</p> 
				 	]]>
				</content:encoded>							</item>
					<item>
				<guid>http://smoothieware.org/forum/t-846421#post-2013495</guid>
				<title>Re: hour counter</title>
				<link>http://smoothieware.org/forum/t-846421/hour-counter#post-2013495</link>
				<description></description>
				<pubDate>Wed, 16 Apr 2014 14:51:03 +0000</pubDate>
				<wikidot:authorName>arthurwolf</wikidot:authorName>				<wikidot:authorUserId>471107</wikidot:authorUserId>				<content:encoded>
					<![CDATA[
						 <p>Hi !</p> <p>There is a problem with this : if the computer is accessing the SD card ( USB&nbsp;mass storage mounted ), it is not safe to write to the SD card.<br /> If you can live with no mass storage, then this should be pretty trivial to add.<br /> If you want to code it, I can help you, otherwise it is on my TODO&nbsp;list, but I don't have a timetable for when it will be added.</p> <p>Cheers :)</p> 
				 	]]>
				</content:encoded>							</item>
					<item>
				<guid>http://smoothieware.org/forum/t-846421#post-2013346</guid>
				<title>hour counter</title>
				<link>http://smoothieware.org/forum/t-846421/hour-counter#post-2013346</link>
				<description></description>
				<pubDate>Wed, 16 Apr 2014 10:20:04 +0000</pubDate>
				<wikidot:authorName>Robotnik3D</wikidot:authorName>				<wikidot:authorUserId>1846342</wikidot:authorUserId>				<content:encoded>
					<![CDATA[
						 <p>Hi,</p> <p>Just an idea&#8230; is there a possibility for an elapsed hour counter in the smoothieware? One for the entire operation time of a printer and one resetable?</p> <p>Filip</p> 
				 	]]>
				</content:encoded>							</item>
				</channel>
</rss>