<?xml version="1.0" encoding="UTF-8" ?>
<rss version="2.0" xmlns:content="http://purl.org/rss/1.0/modules/content/" xmlns:wikidot="http://www.wikidot.com/rss-namespace">

	<channel>
		<title>Frontend options for not 3D printers</title>
		<link>http://smoothieware.org/forum/t-841436/frontend-options-for-not-3d-printers</link>
		<description>Posts in the discussion thread &quot;Frontend options for not 3D printers&quot; - pronterface, octoprint, repetier look very 3D-printer specific.
I&#039;m going to drive a CNC hotwire foam cutter</description>
				<copyright></copyright>
		<lastBuildDate>Thu, 30 Oct 2014 09:31:33 +0000</lastBuildDate>
		
					<item>
				<guid>http://smoothieware.org/forum/t-841436#post-2008649</guid>
				<title>Re: Frontend options for not 3D printers</title>
				<link>http://smoothieware.org/forum/t-841436/frontend-options-for-not-3d-printers#post-2008649</link>
				<description></description>
				<pubDate>Tue, 08 Apr 2014 17:06:01 +0000</pubDate>
				<wikidot:authorName>arthurwolf</wikidot:authorName>				<wikidot:authorUserId>471107</wikidot:authorUserId>				<content:encoded>
					<![CDATA[
						 <p>You have many options. But as far as I&nbsp;know, nothing that will be as complete as what you get from the Mach3 interface ( live visualisation of the tool's position/path etc ).</p> <p>As you mentionned, the GRBL controllers should work ( though a few do stupid things that make them not work with Smoothie when they really should. Easy to fix if you can code though ).</p> <p>I love Octoprint. It's for 3D printers, but it's pretty good for any machine.</p> <p>Smoothie also has Ethernet support and it's own ( simple ) web interface.</p> <p>On my CNC mill I personally drag/drop the gcode file to the Smoothie, then using a serial terminal just type &quot;play /sd/myfile.gcode&quot;</p> <p>Cheers :)</p> 
				 	]]>
				</content:encoded>							</item>
					<item>
				<guid>http://smoothieware.org/forum/t-841436#post-2007662</guid>
				<title>Re: Frontend options for not 3D printers</title>
				<link>http://smoothieware.org/forum/t-841436/frontend-options-for-not-3d-printers#post-2007662</link>
				<description></description>
				<pubDate>Mon, 07 Apr 2014 12:55:59 +0000</pubDate>
				<wikidot:authorName>Tilman Baumann</wikidot:authorName>				<wikidot:authorUserId>828823</wikidot:authorUserId>				<content:encoded>
					<![CDATA[
						 <p>Hm, looks like the tool world isn't quite as barren as I thought. I forgot that smoothieboard is GRBL compatible.<br /> I found grblfeeder. It's not pretty but better than nothing.</p> <p>I would still be interested in your replies.</p> 
				 	]]>
				</content:encoded>							</item>
					<item>
				<guid>http://smoothieware.org/forum/t-841436#post-2007646</guid>
				<title>Frontend options for not 3D printers</title>
				<link>http://smoothieware.org/forum/t-841436/frontend-options-for-not-3d-printers#post-2007646</link>
				<description></description>
				<pubDate>Mon, 07 Apr 2014 12:27:54 +0000</pubDate>
				<wikidot:authorName>Tilman Baumann</wikidot:authorName>				<wikidot:authorUserId>828823</wikidot:authorUserId>				<content:encoded>
					<![CDATA[
						 <p>I just ordered a smoothieoard to drive my new CNC hotwire foam cutter. (And to use it later in a real CNC mil)</p> <p>I know I won't need a full blown CNC software like Mach3 because smoothie will run the Gcode for me.<br /> But how is the workflow going to be? I would not want to interact with the serial console and paste gcode myself.</p> <p>The frontend softwares mentioned on the front page seem all very 3d printer centric.</p> <p>I really would not mind having he tool axis plotted during a cut and at least some manual control options for homing axis and such.</p> <p>And if a four axis foam cutter is too excotic with it'sgeometry. How would <em>normal</em> CNC mils be driven with smoothie?</p> 
				 	]]>
				</content:encoded>							</item>
				</channel>
</rss>