<?xml version="1.0" encoding="UTF-8" ?>
<rss version="2.0" xmlns:content="http://purl.org/rss/1.0/modules/content/" xmlns:wikidot="http://www.wikidot.com/rss-namespace">

	<channel>
		<title>Stepper motor Current rating.</title>
		<link>http://smoothieware.org/forum/t-859171/stepper-motor-current-rating</link>
		<description>Posts in the discussion thread &quot;Stepper motor Current rating.&quot;</description>
				<copyright></copyright>
		<lastBuildDate>Thu, 30 Oct 2014 09:30:32 +0000</lastBuildDate>
		
					<item>
				<guid>http://smoothieware.org/forum/t-859171#post-2065621</guid>
				<title>Re: Stepper motor Current rating.</title>
				<link>http://smoothieware.org/forum/t-859171/stepper-motor-current-rating#post-2065621</link>
				<description></description>
				<pubDate>Tue, 08 Jul 2014 10:05:38 +0000</pubDate>
				<wikidot:authorName>arthurwolf</wikidot:authorName>				<wikidot:authorUserId>471107</wikidot:authorUserId>				<content:encoded>
					<![CDATA[
						 <p>Hi !</p> <p>2A steppers should work fine, though they are at the limit of what Smoothie can do.</p> <p>Most people use 1.68A nema17 steppers, those work perfectly.</p> <p>Cheers.</p> 
				 	]]>
				</content:encoded>							</item>
					<item>
				<guid>http://smoothieware.org/forum/t-859171#post-2065565</guid>
				<title>Re: Stepper motor Current rating.</title>
				<link>http://smoothieware.org/forum/t-859171/stepper-motor-current-rating#post-2065565</link>
				<description></description>
				<pubDate>Tue, 08 Jul 2014 06:59:59 +0000</pubDate>
				<wikidot:authorName>Tetris</wikidot:authorName>				<wikidot:authorUserId>1921426</wikidot:authorUserId>				<content:encoded>
					<![CDATA[
						 <p>Hello,</p> <p>i use 5XC Smoothieboard, what steppers motors do you recommend? (on a maximum)<br /> i look on #1475 Pololu Stepper Motor: Unipolar/Bipolar, 200 Steps/Rev, 57×76mm, 4.5V, 2&#160;A/Phase, may be you recommend something else&#8230;</p> <p>and, sorry for my bad English: im speak Russian))</p> <p>from Russia, with love))</p> 
				 	]]>
				</content:encoded>							</item>
					<item>
				<guid>http://smoothieware.org/forum/t-859171#post-2047039</guid>
				<title>Re: Stepper motor Current rating.</title>
				<link>http://smoothieware.org/forum/t-859171/stepper-motor-current-rating#post-2047039</link>
				<description></description>
				<pubDate>Fri, 06 Jun 2014 19:02:39 +0000</pubDate>
				<wikidot:authorName>arthurwolf</wikidot:authorName>				<wikidot:authorUserId>471107</wikidot:authorUserId>				<content:encoded>
					<![CDATA[
						 <p>Hey !</p> <p>Connecting external drivers is extremely simple, and you can do that without worrying at all about the on-board drivers.<br /> If you need any help with it you can contact me directly at <span class="wiki-email">moc.liamg|ruhtra.flow#moc.liamg|ruhtra.flow</span></p> <p>Connecter des drivers externes est extremement simple, et tu peux le faire sans te soucier des drivers qui sont deja sur la carte.<br /> Si tu as besoin d'aide n'hésite pas a me contacter a <span class="wiki-email">moc.liamg|ruhtra.flow#moc.liamg|ruhtra.flow</span></p> <p>Salut :)</p> 
				 	]]>
				</content:encoded>							</item>
					<item>
				<guid>http://smoothieware.org/forum/t-859171#post-2046845</guid>
				<title>Re: Stepper motor Current rating.</title>
				<link>http://smoothieware.org/forum/t-859171/stepper-motor-current-rating#post-2046845</link>
				<description></description>
				<pubDate>Fri, 06 Jun 2014 13:09:23 +0000</pubDate>
				<wikidot:authorName>nevarore</wikidot:authorName>				<wikidot:authorUserId>1907178</wikidot:authorUserId>				<content:encoded>
					<![CDATA[
						 <p>Hi,</p> <p>I am also very interested by smoothie but I have the same problem. My motors on my cnc are 57BYGH201&#160;3.0V - 2.5A<br /> and I think I could not wire directly on the board without externals drivers.<br /> But please, could you explain how to bypass the on board stepper drivers ?</p> <p>sorry for my bad English: im speaking french.</p> 
				 	]]>
				</content:encoded>							</item>
					<item>
				<guid>http://smoothieware.org/forum/t-859171#post-2029219</guid>
				<title>Re: Stepper motor Current rating.</title>
				<link>http://smoothieware.org/forum/t-859171/stepper-motor-current-rating#post-2029219</link>
				<description></description>
				<pubDate>Fri, 09 May 2014 22:24:48 +0000</pubDate>
				<wikidot:authorName>BryceS</wikidot:authorName>				<wikidot:authorUserId>1886519</wikidot:authorUserId>				<content:encoded>
					<![CDATA[
						 <p>Thanks Arthur.</p> <p>I thought that was the case , and remembered reading that in the notes or here but for the life of me couldnt find were I saw that.</p> <p>To drive the stepper drivers it woould mean connecting off the Pins EN1, DIR1 &amp; ST1 Respectly for each driver, so taking the Smoohie stepper driver system out of the loop.</p> <p>Thanks Bryce.</p> 
				 	]]>
				</content:encoded>							</item>
					<item>
				<guid>http://smoothieware.org/forum/t-859171#post-2028170</guid>
				<title>Re: Stepper motor Current rating.</title>
				<link>http://smoothieware.org/forum/t-859171/stepper-motor-current-rating#post-2028170</link>
				<description></description>
				<pubDate>Thu, 08 May 2014 14:30:03 +0000</pubDate>
				<wikidot:authorName>arthurwolf</wikidot:authorName>				<wikidot:authorUserId>471107</wikidot:authorUserId>				<content:encoded>
					<![CDATA[
						 <p>Yeah, if you use the 2A drivers on 3A steppers, you won't get full torque out of them.</p> <p>I recommend you use external drivers, like the CW5045.</p> <p>Cheers :)</p> 
				 	]]>
				</content:encoded>							</item>
					<item>
				<guid>http://smoothieware.org/forum/t-859171#post-2028125</guid>
				<title>Stepper motor Current rating.</title>
				<link>http://smoothieware.org/forum/t-859171/stepper-motor-current-rating#post-2028125</link>
				<description></description>
				<pubDate>Thu, 08 May 2014 13:11:01 +0000</pubDate>
				<wikidot:authorName>BryceS</wikidot:authorName>				<wikidot:authorUserId>1886519</wikidot:authorUserId>				<content:encoded>
					<![CDATA[
						 <p>Hi Guys.</p> <p>just want to start by saying , Love your work keep it up.</p> <p>Now for the dumb newbie questions.<br /> I am just getting my head around setting up my Smothieboard to run as a CNC mill, I did have access to some NEMA 17 unipolar motors but see they the board runs Bi-polar motors and the 17 might be a bit light to drive the machine as well.</p> <p>My question is that there is a 2A limit on the board, if you are driving 3A motors it is not going to ahve an effect on the board, just not a high output from the motors.</p> <p>Thanks in advance.<br /> Bryce</p> 
				 	]]>
				</content:encoded>							</item>
				</channel>
</rss>