<?xml version="1.0" encoding="UTF-8" ?>
<rss version="2.0" xmlns:content="http://purl.org/rss/1.0/modules/content/" xmlns:wikidot="http://www.wikidot.com/rss-namespace">

	<channel>
		<title>SmoothieWiki</title>
		<link>http://smoothieware.org/forum/t-856292/smoothiewiki</link>
		<description>Posts in the discussion thread &quot;SmoothieWiki&quot; - Community wiki on the smoothie firmware and board !</description>
				<copyright></copyright>
		<lastBuildDate>Thu, 30 Oct 2014 09:31:20 +0000</lastBuildDate>
		
					<item>
				<guid>http://smoothieware.org/forum/t-856292#post-2023800</guid>
				<title>Re: SmoothieWiki</title>
				<link>http://smoothieware.org/forum/t-856292/smoothiewiki#post-2023800</link>
				<description></description>
				<pubDate>Thu, 01 May 2014 22:02:49 +0000</pubDate>
				<wikidot:authorName>arthurwolf</wikidot:authorName>				<wikidot:authorUserId>471107</wikidot:authorUserId>				<content:encoded>
					<![CDATA[
						 <p>Hi !</p> <p>All the website is a wiki ! Just click edit at the bottom :)</p> <p>And what features we are working on and are planning on working on ( mostly major ones ) are here :&nbsp;<a href="https://github.com/Smoothieware/Smoothieware/wiki/Upcoming-features">https://github.com/Smoothieware/Smoothieware/wiki/Upcoming-features</a></p> <p>For the other tutorials work is being done on them right now, including a FAQ.</p> <p>Cheers :)</p> 
				 	]]>
				</content:encoded>							</item>
					<item>
				<guid>http://smoothieware.org/forum/t-856292#post-2023798</guid>
				<title>SmoothieWiki</title>
				<link>http://smoothieware.org/forum/t-856292/smoothiewiki#post-2023798</link>
				<description></description>
				<pubDate>Thu, 01 May 2014 22:00:16 +0000</pubDate>
				<wikidot:authorName>JohnRR</wikidot:authorName>				<wikidot:authorUserId>1873538</wikidot:authorUserId>				<content:encoded>
					<![CDATA[
						 <p>1) I think it would be good to have a wiki on the site where all could contribute to document the smoothie.<br /> 2) Also a road-map with features currently implemented, those being worked on (+status), scheduled features and wish list.</p> <p>ie What's the status of the other tutorials ?</p> <p>All questions of the forum/irc could be merged on the wiki for a comprehensive FAQ.</p> 
				 	]]>
				</content:encoded>							</item>
				</channel>
</rss>