<?xml version="1.0" encoding="UTF-8" ?>
<rss version="2.0" xmlns:content="http://purl.org/rss/1.0/modules/content/" xmlns:wikidot="http://www.wikidot.com/rss-namespace">

	<channel>
		<title>Scara Arm Config</title>
		<link>http://smoothieware.org/forum/t-855223/scara-arm-config</link>
		<description>Posts in the discussion thread &quot;Scara Arm Config&quot;</description>
				<copyright></copyright>
		<lastBuildDate>Thu, 30 Oct 2014 09:31:21 +0000</lastBuildDate>
		
					<item>
				<guid>http://smoothieware.org/forum/t-855223#post-2022294</guid>
				<title>Re: Scara Arm Config</title>
				<link>http://smoothieware.org/forum/t-855223/scara-arm-config#post-2022294</link>
				<description></description>
				<pubDate>Tue, 29 Apr 2014 21:29:10 +0000</pubDate>
				<wikidot:authorName>clanzer</wikidot:authorName>				<wikidot:authorUserId>1881409</wikidot:authorUserId>				<content:encoded>
					<![CDATA[
						 <p>Thanks Arthur</p> <p>Will go check it out.</p> <p>Cheers</p> <p>Sean.</p> 
				 	]]>
				</content:encoded>							</item>
					<item>
				<guid>http://smoothieware.org/forum/t-855223#post-2022274</guid>
				<title>Re: Scara Arm Config</title>
				<link>http://smoothieware.org/forum/t-855223/scara-arm-config#post-2022274</link>
				<description></description>
				<pubDate>Tue, 29 Apr 2014 20:47:45 +0000</pubDate>
				<wikidot:authorName>arthurwolf</wikidot:authorName>				<wikidot:authorUserId>471107</wikidot:authorUserId>				<content:encoded>
					<![CDATA[
						 <p>Hi !</p> <p>We don't currently have an arm solution for Scara, however, implementing one is quite simple if you have the math.<br /> You basically just write a new arm solution in Smoothie.<br /> Here is the basic template :&nbsp;<a href="https://github.com/Smoothieware/Smoothieware/blob/edge/src/modules/robot/arm_solutions/CartesianSolution.cpp">https://github.com/Smoothieware/Smoothieware/blob/edge/src/modules/robot/arm_solutions/CartesianSolution.cpp</a><br /> Here is a simple example of an implemented one ( H-bot ) : <a href="https://github.com/Smoothieware/Smoothieware/blob/edge/src/modules/robot/arm_solutions/HBotSolution.cpp">https://github.com/Smoothieware/Smoothieware/blob/edge/src/modules/robot/arm_solutions/HBotSolution.cpp</a></p> <p>Tell me if you need any help.</p> <p>Cheers :)</p> 
				 	]]>
				</content:encoded>							</item>
					<item>
				<guid>http://smoothieware.org/forum/t-855223#post-2022272</guid>
				<title>Scara Arm Config</title>
				<link>http://smoothieware.org/forum/t-855223/scara-arm-config#post-2022272</link>
				<description></description>
				<pubDate>Tue, 29 Apr 2014 20:44:24 +0000</pubDate>
				<wikidot:authorName>clanzer</wikidot:authorName>				<wikidot:authorUserId>1881409</wikidot:authorUserId>				<content:encoded>
					<![CDATA[
						 <p>Hi</p> <p>I have just ordered the 5 axis SmoothieBoard to try out with a new Scara Arm we have designed, well we are actually on MK3 of it now ! .</p> <p>The MK3 uses 50:1 harmonic drives and having read every article on Inverse Kinematics, we managed to implement them in to a embedded solution that works well for the pick and place style work, but getting the interpolation right to draw a straight line with planning is a nightmare.</p> <p>But looks like the nightmare may be over, after discovering the Smoothie !<br /> Great job by the looks of it and well done guys</p> <p>I have read through most of the documents, but cannot find a config for a basic 2 arm Scara.</p> <p>Is there any examples available or do you simply set the arm dimensions with the length of each arm in a Mcode command or in the config?</p> <p>Cheers</p> <p>Sean.</p> 
				 	]]>
				</content:encoded>							</item>
				</channel>
</rss>