<?xml version="1.0" encoding="UTF-8" ?>
<rss version="2.0" xmlns:content="http://purl.org/rss/1.0/modules/content/" xmlns:wikidot="http://www.wikidot.com/rss-namespace">

	<channel>
		<title>Network support on 3X board</title>
		<link>http://smoothieware.org/forum/t-850677/network-support-on-3x-board</link>
		<description>Posts in the discussion thread &quot;Network support on 3X board&quot;</description>
				<copyright></copyright>
		<lastBuildDate>Thu, 30 Oct 2014 09:31:25 +0000</lastBuildDate>
		
					<item>
				<guid>http://smoothieware.org/forum/t-850677#post-2018523</guid>
				<title>Re: Network support on 3X board</title>
				<link>http://smoothieware.org/forum/t-850677/network-support-on-3x-board#post-2018523</link>
				<description></description>
				<pubDate>Thu, 24 Apr 2014 08:24:58 +0000</pubDate>
				<wikidot:authorName>arthurwolf</wikidot:authorName>				<wikidot:authorUserId>471107</wikidot:authorUserId>				<content:encoded>
					<![CDATA[
						 <p>Hi !</p> <p>This is a product decision to make 3X&nbsp;as inexpensive as possible.</p> <p>Cheers !</p> 
				 	]]>
				</content:encoded>							</item>
					<item>
				<guid>http://smoothieware.org/forum/t-850677#post-2018520</guid>
				<title>Network support on 3X board</title>
				<link>http://smoothieware.org/forum/t-850677/network-support-on-3x-board#post-2018520</link>
				<description></description>
				<pubDate>Thu, 24 Apr 2014 08:23:42 +0000</pubDate>
				<wikidot:authorName>mwhansen</wikidot:authorName>				<wikidot:authorUserId>1878162</wikidot:authorUserId>				<content:encoded>
					<![CDATA[
						 <p>Hi</p> <p>I just notice that there are no network support on the 3X board, why? Is it a technical problem or is it just a product decision?</p> 
				 	]]>
				</content:encoded>							</item>
				</channel>
</rss>