<?xml version="1.0" encoding="UTF-8" ?>
<rss version="2.0" xmlns:content="http://purl.org/rss/1.0/modules/content/" xmlns:wikidot="http://www.wikidot.com/rss-namespace">

	<channel>
		<title>4XC Smoothie Board for sale</title>
		<link>http://smoothieware.org/forum/t-850386/4xc-smoothie-board-for-sale</link>
		<description>Posts in the discussion thread &quot;4XC Smoothie Board for sale&quot; - 4XC: 4-axis black Smoothieboard with pre-soldered premium connectors.</description>
				<copyright></copyright>
		<lastBuildDate>Thu, 30 Oct 2014 09:31:27 +0000</lastBuildDate>
		
					<item>
				<guid>http://smoothieware.org/forum/t-850386#post-2018122</guid>
				<title>4XC Smoothie Board for sale</title>
				<link>http://smoothieware.org/forum/t-850386/4xc-smoothie-board-for-sale#post-2018122</link>
				<description></description>
				<pubDate>Wed, 23 Apr 2014 18:54:56 +0000</pubDate>
				<wikidot:authorName>Patking</wikidot:authorName>				<wikidot:authorUserId>1877847</wikidot:authorUserId>				<content:encoded>
					<![CDATA[
						 <p>I recently bought Smoothie Board 4XC: 4-axis black Smoothieboard with pre-soldered premium connectors as part of Kickstarter project. I received this in March, 2014 and this is still in unopened envelope. After supporting kickstarter, I thought I do not need this board. I would like to sell this to those interested. I paid $165 (board+shipping) total for this. Please let me know if any anybody interested.</p> <p>Thanks</p> 
				 	]]>
				</content:encoded>							</item>
				</channel>
</rss>