<?xml version="1.0" encoding="UTF-8" ?>
<rss version="2.0" xmlns:content="http://purl.org/rss/1.0/modules/content/" xmlns:wikidot="http://www.wikidot.com/rss-namespace">

	<channel>
		<title>SmoothiePanel</title>
		<link>http://smoothieware.org/forum/t-850582/smoothiepanel</link>
		<description>Posts in the discussion thread &quot;SmoothiePanel&quot; - Adding more inputs/outputs.</description>
				<copyright></copyright>
		<lastBuildDate>Thu, 30 Oct 2014 09:30:46 +0000</lastBuildDate>
		
					<item>
				<guid>http://smoothieware.org/forum/t-850582#post-2055887</guid>
				<title>Re: SmoothiePanel</title>
				<link>http://smoothieware.org/forum/t-850582/smoothiepanel#post-2055887</link>
				<description></description>
				<pubDate>Sat, 21 Jun 2014 16:54:31 +0000</pubDate>
				<wikidot:authorName>rickbecker</wikidot:authorName>				<wikidot:authorUserId>1916946</wikidot:authorUserId>				<content:encoded>
					<![CDATA[
						 <p>Hi wolfmanjm&#8230;.</p> <p>How are you &#8230; I am looking forward to working with you and the Smoothie Team&#8230;</p> <p>I have had an opportunity to have an email conversation with Mark. He too gave me the information about I2C and Viki. I have just now downloaded the source file and I am going to set up a 'Build' environment.</p> <p>As for the Quote&#8230; well I saw it here at &quot;smoothieware (dot) org (slash) smoothieboard&quot; under the bullet item &quot;<strong>I2C Breakout</strong>&quot; about 3/4 of the way down the page&#8230;</p> <p>Thanks all&#8230;</p> <p>Rick</p> <p>EDIT: Question? The I2C port is &quot;Broken out&quot;, it is just Unstable&#8230; Right??</p> 
				 	]]>
				</content:encoded>							</item>
					<item>
				<guid>http://smoothieware.org/forum/t-850582#post-2055477</guid>
				<title>Re: SmoothiePanel</title>
				<link>http://smoothieware.org/forum/t-850582/smoothiepanel#post-2055477</link>
				<description></description>
				<pubDate>Fri, 20 Jun 2014 21:41:55 +0000</pubDate>
				<wikidot:authorName>wolfmanjm</wikidot:authorName>				<wikidot:authorUserId>1543179</wikidot:authorUserId>				<content:encoded>
					<![CDATA[
						 <p>FYI I2C is unusable on smoothie, not sure where that quote came from but it needs to be removed from wherever it was found :)</p> 
				 	]]>
				</content:encoded>							</item>
					<item>
				<guid>http://smoothieware.org/forum/t-850582#post-2055476</guid>
				<title>Re: SmoothiePanel</title>
				<link>http://smoothieware.org/forum/t-850582/smoothiepanel#post-2055476</link>
				<description></description>
				<pubDate>Fri, 20 Jun 2014 21:39:18 +0000</pubDate>
				<wikidot:authorName>wolfmanjm</wikidot:authorName>				<wikidot:authorUserId>1543179</wikidot:authorUserId>				<content:encoded>
					<![CDATA[
						 <p>I did port viki to smoothie, but as the noise on the i2c lines is terrible it is not usable, however I did a workaround using a cheap $3 arduino mini pro clone details are here&#8230; <a href="http://smoothieware.org/panel">http://smoothieware.org/panel</a></p> 
				 	]]>
				</content:encoded>							</item>
					<item>
				<guid>http://smoothieware.org/forum/t-850582#post-2054930</guid>
				<title>Re: SmoothiePanel</title>
				<link>http://smoothieware.org/forum/t-850582/smoothiepanel#post-2054930</link>
				<description></description>
				<pubDate>Fri, 20 Jun 2014 01:13:32 +0000</pubDate>
				<wikidot:authorName>rickbecker</wikidot:authorName>				<wikidot:authorUserId>1916946</wikidot:authorUserId>				<content:encoded>
					<![CDATA[
						 <p>Hi All..</p> <p>This is directed at wolfmanjm&#8230; I see in one of the gallery pictures that you have a Viki LCD display next to a breadboard. Question? Are you working to get the Viki compatible with Smoothie??</p> <p>I have one as well which is why I am curious.. I would assume that it would be necessary for the Smoothieboard to have a I2C bus to make this happen&#8230; So does the Smoothie have an I2C bus?</p> <p><strong>EDIT:</strong> &quot;&#8230;.I2C is broken out to connect to peripherals. Lots of stuff talks I2C. Smoothiepanel, and smoothiedriver will talk I2C, and they are awesome. This is an awesome port&#8230;..&quot;</p> <p>Sorry guys.. I missed this before.. so I got one of my answers.</p> <p>Rick</p> 
				 	]]>
				</content:encoded>							</item>
					<item>
				<guid>http://smoothieware.org/forum/t-850582#post-2054754</guid>
				<title>Re: SmoothiePanel</title>
				<link>http://smoothieware.org/forum/t-850582/smoothiepanel#post-2054754</link>
				<description></description>
				<pubDate>Thu, 19 Jun 2014 16:41:31 +0000</pubDate>
				<wikidot:authorName>rickbecker</wikidot:authorName>				<wikidot:authorUserId>1916946</wikidot:authorUserId>				<content:encoded>
					<![CDATA[
						 <p>Hi Mark (Logxen),</p> <p>I know that you are shooting for the end of the year or early next year for the Smoothie Panel&#8230; I would just like to &quot;throw my hat into the ring&quot; as a beta tester when they become available&#8230;</p> <p>Thanks,</p> <p>Rick</p> 
				 	]]>
				</content:encoded>							</item>
					<item>
				<guid>http://smoothieware.org/forum/t-850582#post-2018669</guid>
				<title>Re: SmoothiePanel</title>
				<link>http://smoothieware.org/forum/t-850582/smoothiepanel#post-2018669</link>
				<description></description>
				<pubDate>Thu, 24 Apr 2014 13:54:25 +0000</pubDate>
				<wikidot:authorName>Logxen</wikidot:authorName>				<wikidot:authorUserId>1349488</wikidot:authorUserId>				<content:encoded>
					<![CDATA[
						 <p>ah ha here we go &#8230; here's an early pic of the basic UI panel: <a href="https://dl.dropboxusercontent.com/u/45859274/Smoothiepanel.UI.Encoder-Proto1-Pre2.png">https://dl.dropboxusercontent.com/u/45859274/Smoothiepanel.UI.Encoder-Proto1-Pre2.png</a></p> 
				 	]]>
				</content:encoded>							</item>
					<item>
				<guid>http://smoothieware.org/forum/t-850582#post-2018659</guid>
				<title>Re: SmoothiePanel</title>
				<link>http://smoothieware.org/forum/t-850582/smoothiepanel#post-2018659</link>
				<description></description>
				<pubDate>Thu, 24 Apr 2014 13:44:03 +0000</pubDate>
				<wikidot:authorName>Logxen</wikidot:authorName>				<wikidot:authorUserId>1349488</wikidot:authorUserId>				<content:encoded>
					<![CDATA[
						 <p>Nice! So &#8230; lets see if I can attach a pic of the current Smoothiepanel for you heh &#8230; <img src="https://dl.dropboxusercontent.com/u/45859274/Smoothiepanel-Proto4.png" alt="Smoothiepanel-Proto4.png" class="image" /> So &#8230; a UI panel basically has the whole 24bit header on the right available. The lower 8bits (W1) are all ADC pins, the middle 8 (W2) are mostly just gpio, and the top 8 pins (W3) are serial lines uart, spi, and i2c (I have changed it since that pic where the rxd/txd used to be on W2). The extra 4pin sets next to the row of i/o just carry power &#8230; 5V 3.3V NC GND as they are labeled. Let's see &#8230; you should also know that the spi pins are shared with the sdcard (not the ssel pin) and the i2c is shared with the optional contrast DAC.</p> <p>I don't seem to have a pic for the basic UI panel &#8230; but just fyi it's sporting an rgb encoder, two illuminated buttons, buzzer, on-board thermistor, 2 external thermistor ports, and 2 small fets (just like Smoothieboard's). W3 is free and broken out for further expansion.</p> <p>I feel like I should also mention the nunchuck support &#8230; without an UI panel Smoothiepanel has a built-in connector for a Wii Nunchuck or Classic Controller so it sort of has joystick support built in.</p> <p>Let me know how it goes! :)</p> 
				 	]]>
				</content:encoded>							</item>
					<item>
				<guid>http://smoothieware.org/forum/t-850582#post-2018419</guid>
				<title>SmoothiePanel</title>
				<link>http://smoothieware.org/forum/t-850582/smoothiepanel#post-2018419</link>
				<description></description>
				<pubDate>Thu, 24 Apr 2014 04:05:06 +0000</pubDate>
				<wikidot:authorName>JohnRR</wikidot:authorName>				<wikidot:authorUserId>1873538</wikidot:authorUserId>				<content:encoded>
					<![CDATA[
						 <p>I want to make a CNC panel for my smoothieboard. I will be adding lots of input buttons and indicator lights, and a 4x20 lcd.</p> <p>So I'd like to know if it was considered to add the the SmoothiePanel:<br /> 2-3x CD74HC4067 MUX for 32-48 inputs (buttons, joysticks, sensor switch (doors, tool lenght/broken tool))<br /> Shift registers for 24-32 outputs (5V) (driving 24V relay for indicator lights, buzer, pneumatic relays, water pump&#8230;)</p> <p>Here's a picture of what my panel should look like. (work in progress :)</p> <p>I'll try to make a tutorial when I'll build it this summer.</p> <p>Since I have low karma, I can't embed the following image : i62(DOT)tinypic(DOT)com/2kin9g.png</p> 
				 	]]>
				</content:encoded>							</item>
				</channel>
</rss>