<?xml version="1.0" encoding="UTF-8" ?>
<rss version="2.0" xmlns:content="http://purl.org/rss/1.0/modules/content/" xmlns:wikidot="http://www.wikidot.com/rss-namespace">

	<channel>
		<title>CNC &amp; 3D Printer Advice</title>
		<link>http://smoothieware.org/forum/t-859199/cnc-3d-printer-advice</link>
		<description>Posts in the discussion thread &quot;CNC &amp; 3D Printer Advice&quot; - Wanting to run both CNC &amp; 3D Printer on same chassis with the same hardware</description>
				<copyright></copyright>
		<lastBuildDate>Thu, 30 Oct 2014 09:31:15 +0000</lastBuildDate>
		
					<item>
				<guid>http://smoothieware.org/forum/t-859199#post-2028185</guid>
				<title>Re: CNC &amp; 3D Printer Advice</title>
				<link>http://smoothieware.org/forum/t-859199/cnc-3d-printer-advice#post-2028185</link>
				<description></description>
				<pubDate>Thu, 08 May 2014 14:43:21 +0000</pubDate>
				<wikidot:authorName>DWELLER_ZA</wikidot:authorName>				<wikidot:authorUserId>1886549</wikidot:authorUserId>				<content:encoded>
					<![CDATA[
						 <p>Excellent :)</p> <p>Thank you for the quick reply, I am sold!</p> 
				 	]]>
				</content:encoded>							</item>
					<item>
				<guid>http://smoothieware.org/forum/t-859199#post-2028175</guid>
				<title>Re: CNC &amp; 3D Printer Advice</title>
				<link>http://smoothieware.org/forum/t-859199/cnc-3d-printer-advice#post-2028175</link>
				<description></description>
				<pubDate>Thu, 08 May 2014 14:36:18 +0000</pubDate>
				<wikidot:authorName>arthurwolf</wikidot:authorName>				<wikidot:authorUserId>471107</wikidot:authorUserId>				<content:encoded>
					<![CDATA[
						 <p>Hi !</p> <blockquote> <p>1. Can Smoothieboard be used for both a CNC and 3D printer without changing configuration? (Or a lot of effort)</p> </blockquote> <p>Yes. Just configure it for both, it's trivial.</p> <blockquote> <p>2. What software can be used with Smoothieboard for CNC and 3D Printing purposes? (I must still find appropriate software to use for both CNC and 3D Printing)</p> </blockquote> <p>For 3D printing, most people use Slic3r for slicing the files, and Pronterface to control the printer and sending files to it. There are other options, you can browse the reprap project to find more.</p> <p>For CNC milling, lots of options there too. Most opensource options ( pycam, heekscad ) are not that good though. I use cambam, which is pretty good, and priced for hobbyists.</p> <p>If you have any more questions do not hesitate to ask :)</p> <p>Cheers !</p> 
				 	]]>
				</content:encoded>							</item>
					<item>
				<guid>http://smoothieware.org/forum/t-859199#post-2028164</guid>
				<title>CNC &amp; 3D Printer Advice</title>
				<link>http://smoothieware.org/forum/t-859199/cnc-3d-printer-advice#post-2028164</link>
				<description></description>
				<pubDate>Thu, 08 May 2014 14:20:23 +0000</pubDate>
				<wikidot:authorName>DWELLER_ZA</wikidot:authorName>				<wikidot:authorUserId>1886549</wikidot:authorUserId>				<content:encoded>
					<![CDATA[
						 <p>Hi Guys,</p> <p>Let me preface by saying that I'm brand new to CNC / 3D Printers.</p> <p>The primary reason I got introduced to this field was because I wanted to be able to mill my own PCBs.<br /> Also, the idea of 3D printing is awesome, so I had that in the back of my mind when I built my machine.<br /> On my machine (Not a Delta) I can easily replace the &quot;head&quot; with either a Dremel attachment or a 3D Printer head / extruder (To be built).</p> <p>I initially bought an Arduino Uno R3 with a GRBL Shield and a couple of Pololu drivers.<br /> I was busy setting up and testing my new CNC with a piece of software called GRBL Controller.<br /> GRBL Controller is very limiting and hard to setup after seeing and playing with Eding CNC.</p> <p>Through some stupidity I blew all the hardware&#8230; So I'm in the market for new hardware.</p> <p>Now I realize that the Uno R3 and GRBL Shieled might have been a stupid approach because I now believe I need at least an Arduino Mega 2560 for 3D Printing. This is where I found Smoothieboard. It has everything I need to replace built into it, as well having quite the reputation.</p> <p>So could you please indulge me with my two questions:</p> <p>1. Can Smoothieboard be used for both a CNC and 3D printer without changing configuration? (Or a lot of effort)<br /> 2. What software can be used with Smoothieboard for CNC and 3D Printing purposes? (I must still find appropriate software to use for both CNC and 3D Printing)</p> 
				 	]]>
				</content:encoded>							</item>
				</channel>
</rss>