<?xml version="1.0" encoding="UTF-8" ?>
<rss version="2.0" xmlns:content="http://purl.org/rss/1.0/modules/content/" xmlns:wikidot="http://www.wikidot.com/rss-namespace">

	<channel>
		<title>Support Emergency Stop</title>
		<link>http://smoothieware.org/forum/t-861407/support-emergency-stop</link>
		<description>Posts in the discussion thread &quot;Support Emergency Stop&quot; - support machine going to a safe state for emergency issues</description>
				<copyright></copyright>
		<lastBuildDate>Thu, 30 Oct 2014 09:29:43 +0000</lastBuildDate>
		
					<item>
				<guid>http://smoothieware.org/forum/t-861407#post-2100109</guid>
				<title>Re: Support Emergency Stop</title>
				<link>http://smoothieware.org/forum/t-861407/support-emergency-stop#post-2100109</link>
				<description></description>
				<pubDate>Sun, 31 Aug 2014 03:42:02 +0000</pubDate>
				<wikidot:authorName>briankb</wikidot:authorName>				<wikidot:authorUserId>1961648</wikidot:authorUserId>				<content:encoded>
					<![CDATA[
						 <p>I don't think it is realistic to expect a brand new open hardware board that sales for $150 USD to compete with commercial or industrial CNC controllers.</p> <p>More concerning though is the tone of your post seems very belligerent and condescending.</p> 
				 	]]>
				</content:encoded>							</item>
					<item>
				<guid>http://smoothieware.org/forum/t-861407#post-2032926</guid>
				<title>Re: Support Emergency Stop</title>
				<link>http://smoothieware.org/forum/t-861407/support-emergency-stop#post-2032926</link>
				<description></description>
				<pubDate>Fri, 16 May 2014 06:45:08 +0000</pubDate>
				<wikidot:authorName>StefanMUC</wikidot:authorName>				<wikidot:authorUserId>1811684</wikidot:authorUserId>				<content:encoded>
					<![CDATA[
						 <blockquote> <p>The pause button will in fact stop it immediately, did you try that?</p> </blockquote> <p>No I didn't try that, as it's not an &quot;pause&quot; button, but a &quot;play/pause&quot; button. So in case of emergency if you hit the button twice it will do &quot;nothing&quot; which is worse than an emergency switch that just cuts off power.</p> <p>In theory, you need an meergency switch (locking switch) and a separate acknowledge button. If your emergency ends, you turn off the emergency switch and acknlwledge this by pressing the seperate button.</p> <blockquote> <p>Setting all mosfets and decelerating is a good idea, but is very hard to implement. It is planned for but not any time soon.</p> </blockquote> <p>Difficulty depends on the cleverness of the software design of Smoothie. I can't judge this. Would be sad if this only would be possible with many work.</p> <blockquote> <p>I have a big red Estop button which cuts the motor and mosfet power, this seems the safest way to do it</p> </blockquote> <p>It currently is the &quot;best&quot; solution you can do, but doesn't fit requirements in any way. You are not setting your machine to a defined safe state, you just cutting off power - any moving parts will move further until friction or gravity takes over, wich could lead to more dangerous situations than necessary.<br /> Once you remove the Estop, the machine will immediately resume moving and software state and hardware state of the machine aren't consistent anymore - another very dangerous situation</p> <blockquote> <p>as a software estop would not work if the smoothie had crashed for instance.</p> </blockquote> <ul> <li>if Smoothie has crashed, anything won't work</li> <li>we have to have one &quot;trusted part&quot; of the machine, and Smoothie should be one real time capable part of it. If something in this machine could stop the machine safely, Smoothie is the only part that can do it - and so it should do it.</li> </ul> 
				 	]]>
				</content:encoded>							</item>
					<item>
				<guid>http://smoothieware.org/forum/t-861407#post-2032725</guid>
				<title>Re: Support Emergency Stop</title>
				<link>http://smoothieware.org/forum/t-861407/support-emergency-stop#post-2032725</link>
				<description></description>
				<pubDate>Thu, 15 May 2014 20:13:07 +0000</pubDate>
				<wikidot:authorName>wolfmanjm</wikidot:authorName>				<wikidot:authorUserId>1543179</wikidot:authorUserId>				<content:encoded>
					<![CDATA[
						 <p>The pause button will in fact stop it immediately, did you try that?</p> <p>Setting all mosfets and decelerating is a good idea, but is very hard to implement. It is planned for but not any time soon.</p> <p>I have a big red Estop button which cuts the motor and mosfet power, this seems the safest way to do it as a software estop would not work if the smoothie had crashed for instance.</p> 
				 	]]>
				</content:encoded>							</item>
					<item>
				<guid>http://smoothieware.org/forum/t-861407#post-2032561</guid>
				<title>Support Emergency Stop</title>
				<link>http://smoothieware.org/forum/t-861407/support-emergency-stop#post-2032561</link>
				<description></description>
				<pubDate>Thu, 15 May 2014 13:53:36 +0000</pubDate>
				<wikidot:authorName>StefanMUC</wikidot:authorName>				<wikidot:authorUserId>1811684</wikidot:authorUserId>				<content:encoded>
					<![CDATA[
						 <p>Hallo,</p> <p>I just stumbled across the fact, that Smoothie currently doesn't support an emergency stop - so it's difficult to use this board for more complex projects than just hobby machines where you don't have to care about safety so much.</p> <p>Currently you can send the M84 command to turn off power supply to the motors, but that command only does get executed at the end of a current move - which might be way to late. So I'd like to see Smoothie to support an immediate emergency stop for the whole machine, so breaking all the motors and setting all outputs to a defined (safe) state.</p> <p>Realisation of this feature could be done with following steps:<br /> Step 1: Basic Support</p> <ul> <li>Switch of power supply to motors immediately</li> </ul> <p>Step 2: Enhanced Basic Support</p> <ul> <li>additionally set outputs (mosfets) to configurable defined states (heating off, breaks on, &#8230;)</li> </ul> <p>Step 3: Full Suppport</p> <ul> <li>leave power supply to motors on, and decelerate with maximum possible deceleration</li> <li>maybe (configurable) switch off power supply to motors now</li> </ul> <p>Enabling Emergency Stop function would use one/two microcontroller input pins.<br /> It would be nice if it would also be possible to enable Emergency Stop with a G-Code, if it's possible and would meet time requirements.</p> <p>Thanks's in advance</p> 
				 	]]>
				</content:encoded>							</item>
				</channel>
</rss>