<?xml version="1.0" encoding="UTF-8" ?>
<rss version="2.0" xmlns:content="http://purl.org/rss/1.0/modules/content/" xmlns:wikidot="http://www.wikidot.com/rss-namespace">

	<channel>
		<title>Configuration for CNC 3020</title>
		<link>http://smoothieware.org/forum/t-869667/configuration-for-cnc-3020</link>
		<description>Posts in the discussion thread &quot;Configuration for CNC 3020&quot; - setting up smoothieboard to work with a cnc 3020</description>
				<copyright></copyright>
		<lastBuildDate>Thu, 30 Oct 2014 09:31:03 +0000</lastBuildDate>
		
					<item>
				<guid>http://smoothieware.org/forum/t-869667#post-2045807</guid>
				<title>Re: Configuration for CNC 3020</title>
				<link>http://smoothieware.org/forum/t-869667/configuration-for-cnc-3020#post-2045807</link>
				<description></description>
				<pubDate>Wed, 04 Jun 2014 23:44:01 +0000</pubDate>
				<wikidot:authorName>slacker247</wikidot:authorName>				<wikidot:authorUserId>1905821</wikidot:authorUserId>				<content:encoded>
					<![CDATA[
						 <p>Yeah, I'm thinking it is easy but the smoothie uses different lingo so not 100% sure. Since I have time I thought I'd just ask. As for driving the motors, I was going to see if the smoothie can handle it. The whitequark's page that I linked has a post on there somewhere that talks about the amps and the axis motors run at 5 amps and the spindle at 2amp?</p> 
				 	]]>
				</content:encoded>							</item>
					<item>
				<guid>http://smoothieware.org/forum/t-869667#post-2045792</guid>
				<title>Re: Configuration for CNC 3020</title>
				<link>http://smoothieware.org/forum/t-869667/configuration-for-cnc-3020#post-2045792</link>
				<description></description>
				<pubDate>Wed, 04 Jun 2014 23:10:40 +0000</pubDate>
				<wikidot:authorName>arthurwolf</wikidot:authorName>				<wikidot:authorUserId>471107</wikidot:authorUserId>				<content:encoded>
					<![CDATA[
						 <p>Hi !</p> <p>I have a 6040, it was trivially simple to setup.</p> <p>Will you be using external drivers or Smoothie's on-board drivers ? I'm not sure what the current rating for the steppers on that machine is.</p> <p>Cheers.</p> 
				 	]]>
				</content:encoded>							</item>
					<item>
				<guid>http://smoothieware.org/forum/t-869667#post-2045790</guid>
				<title>Configuration for CNC 3020</title>
				<link>http://smoothieware.org/forum/t-869667/configuration-for-cnc-3020#post-2045790</link>
				<description></description>
				<pubDate>Wed, 04 Jun 2014 23:08:48 +0000</pubDate>
				<wikidot:authorName>slacker247</wikidot:authorName>				<wikidot:authorUserId>1905821</wikidot:authorUserId>				<content:encoded>
					<![CDATA[
						 <p>Hi, I just purchased the smoothieboard 5x, which is cool. I was thinking about building something like this but glad I found it. Anyway, I have a cnc 3020 and would like to configure the smoothie board for it. Here are some links for the settings for the cnc:</p> <p>lab&lt;dot&gt;whitequark&lt;dot&gt;org/notes/2014-02-12/cnc3020t-emc2-configuration-and-hidden-features/<br /> www&lt;dot&gt;muskratcnc&lt;dot&gt;com/machine_setup.html</p> <p>I might end up just diving in and playing around with the config to figure it out, but I thought I might ask while I'm waiting on a computer part for the computer that's driving this. Also, help out those that are looking for this info.</p> <p>Thanks</p> 
				 	]]>
				</content:encoded>							</item>
				</channel>
</rss>