<?xml version="1.0" encoding="UTF-8" ?>
<rss version="2.0" xmlns:content="http://purl.org/rss/1.0/modules/content/" xmlns:wikidot="http://www.wikidot.com/rss-namespace">

	<channel>
		<title>can&#039;t change arm_radius (aka delta radius)</title>
		<link>http://smoothieware.org/forum/t-868207/can-t-change-arm-radius-aka-delta-radius</link>
		<description>Posts in the discussion thread &quot;can&#039;t change arm_radius (aka delta radius)&quot;</description>
				<copyright></copyright>
		<lastBuildDate>Thu, 30 Oct 2014 09:31:12 +0000</lastBuildDate>
		
					<item>
				<guid>http://smoothieware.org/forum/t-868207#post-2043977</guid>
				<title>Re: can&#039;t change arm_radius (aka delta radius)</title>
				<link>http://smoothieware.org/forum/t-868207/can-t-change-arm-radius-aka-delta-radius#post-2043977</link>
				<description></description>
				<pubDate>Mon, 02 Jun 2014 12:49:22 +0000</pubDate>
				<wikidot:authorName>mhackney</wikidot:authorName>				<wikidot:authorUserId>1888342</wikidot:authorUserId>				<content:encoded>
					<![CDATA[
						 <p>Really sorry about the confusion. You are indeed correct and I'm an idiot. I've been at this for a while and coupled with a bunch of other frustrating things going on, just had a complete brain fart. I even have my note book from 18 months ago where I drew pictures with arrows and annotations when I calibrated my first delta.</p> <p>One good thing to report though, there was a new video posted this weekend on calibrating a kossel with smoothie ware: search &quot;Manual Delta Calibration using M665 and M666&quot; (I still can't post links, probably beset given my mental state of affairs!)</p> 
				 	]]>
				</content:encoded>							</item>
					<item>
				<guid>http://smoothieware.org/forum/t-868207#post-2043799</guid>
				<title>Re: can&#039;t change arm_radius (aka delta radius)</title>
				<link>http://smoothieware.org/forum/t-868207/can-t-change-arm-radius-aka-delta-radius#post-2043799</link>
				<description></description>
				<pubDate>Mon, 02 Jun 2014 04:01:14 +0000</pubDate>
				<wikidot:authorName>wolfmanjm</wikidot:authorName>				<wikidot:authorUserId>1543179</wikidot:authorUserId>				<content:encoded>
					<![CDATA[
						 <p>It doesn't actually work differently at all. Not sure why you got the results you did however if you follow the Minow method of manual calibration it would have worked perfectly&#8230;</p> <p>Quote from Minow blog&#8230;</p> <p>&quot;In order to correct low-center, DELTA_RADIUS must be increased. In order to correct high-center, DELTA_RADIUS must be decreased. Adjust your firmware accordingly, re-compile and upload. Now, go back and re-adjust your tower heights using the three tower buttons, and check the center z height with the fourth button. The condition should be better&#8230;&quot;</p> <p>Note that it explicitly states you need to retest the tower bases first, then the center. If you did this then you would have seen the low/high center changing.</p> 
				 	]]>
				</content:encoded>							</item>
					<item>
				<guid>http://smoothieware.org/forum/t-868207#post-2043765</guid>
				<title>Re: can&#039;t change arm_radius (aka delta radius)</title>
				<link>http://smoothieware.org/forum/t-868207/can-t-change-arm-radius-aka-delta-radius#post-2043765</link>
				<description></description>
				<pubDate>Mon, 02 Jun 2014 02:36:50 +0000</pubDate>
				<wikidot:authorName>mhackney</wikidot:authorName>				<wikidot:authorUserId>1888342</wikidot:authorUserId>				<content:encoded>
					<![CDATA[
						 <p>Well, I wanted to follow up from what I just learned on the IRC. The arm_radius works differently than the equivalent delta_radius in the Marlin and Repetier firmwares. In those cases, changing delta_radius affects the height of the nozzle above X=Y=0. arm_radius in smoothieware works differently and there is no documentation that I could find to describe this difference. Changing arm_radius changes the <em>relative</em> height of the nozzle at the center and perimeter positions. In fact, it leaves the center unchanged and changes the height above the bed at the perimeter (for instance at each of the tower bases). I haven't had a chance to calibrate now that I know this but it clarifies what I was seeing.</p> 
				 	]]>
				</content:encoded>							</item>
					<item>
				<guid>http://smoothieware.org/forum/t-868207#post-2043503</guid>
				<title>Re: can&#039;t change arm_radius (aka delta radius)</title>
				<link>http://smoothieware.org/forum/t-868207/can-t-change-arm-radius-aka-delta-radius#post-2043503</link>
				<description></description>
				<pubDate>Sun, 01 Jun 2014 16:41:04 +0000</pubDate>
				<wikidot:authorName>mhackney</wikidot:authorName>				<wikidot:authorUserId>1888342</wikidot:authorUserId>				<content:encoded>
					<![CDATA[
						 <p>let's try this for the config file: pastebin(dot)com/0a1RczF3</p> 
				 	]]>
				</content:encoded>							</item>
					<item>
				<guid>http://smoothieware.org/forum/t-868207#post-2043500</guid>
				<title>can&#039;t change arm_radius (aka delta radius)</title>
				<link>http://smoothieware.org/forum/t-868207/can-t-change-arm-radius-aka-delta-radius#post-2043500</link>
				<description></description>
				<pubDate>Sun, 01 Jun 2014 16:38:58 +0000</pubDate>
				<wikidot:authorName>mhackney</wikidot:authorName>				<wikidot:authorUserId>1888342</wikidot:authorUserId>				<content:encoded>
					<![CDATA[
						 <p>IRC has been helpful but I wanted to capture this so I don't have to repeat it multiple times!</p> <p>After struggling with a hardware issue (fixed on Friday) and various issues with bad end stop switches, etc I am now back on track. But I'm running into an issue.</p> <p>This is a new mini kossel build. At this point everything is wired and working. I've actually made a few poor prints over the past few weeks as I discovered the above mentioned issues. Yesterday the guys on IRC (thanks) helped through some endstop issues. I am now in the process of calibrating.</p> <p>So using minow's delta calibration guide - which I know inside and out since I've been using delta printers for almost 18 months - I've completed steps 1 and 2. The towers calibrated to the bed step 2 is dead on and very reproducible. However, I have non planar movement of the nozzle, at X=Y=0 it is 3.5&#160;mm above the bed. &quot;Not a problem&quot; I think to myself, &quot;an easy delta radius calibration&quot;. arm_radius is currently 97mm set in config. Now is where things go bad&#8230;</p> <p>I do not have a config-override file. I use M665 R100 to set the arm_radius to 100mm as a starting point. You add to arm_radius if the nozzle is above the bed. I then home and verify the setting with an M503 - it shows R100 and that there is no config-override file. I then send the nozzle to X=Y=Z=0 to test and it is still 3.5mm above the bed. I do this 4 times with no change. I then edit config and add R100 to it directly. Reboot the smoothie, and verify with M503. Again showing R100 and no override-config. But, sending the nozzle to X=Y=Z=0 to test and it is still 3.5mm above the bed. I then set to R50 just to test a wild situation and I still end up at 3.5&#160;mm above the bed.</p> <p>So, I grabbed the latest sources this morning and used precompiled firmware.bin. I also started with a new config file from that distribution and updated it with my settings. Restarted the smoothie, home, check config with M503 and it all is correct with R100. And again, the nozzle still ends up 3.5mm above the bed. So I create the over-ride file, and verify and test. Same thing. Reboot with override file, test, again, no change to nozzle height. I've set the nozzle height to values &lt; and &gt; than what it is to see if I could get any change and I do not.</p> <p>I'm either seriously misunderstanding something or something is very odd. This is my new config file taken from the edge this morning and updated with my values: removed since I can't post links - trust me, it looks fine!</p> <p>I can change arm_radius to anything reasonable and it does not have an effect on the nozzle height. Also, when I do change arm_radius the towers are all still calibrated properly. Normally, if you tweak the arm_radius the rest of the calibration is affected - it's an iterative process.</p> <p>Any ideas? I'm at my wit's end!</p> <p>cheers,<br /> Michael</p> 
				 	]]>
				</content:encoded>							</item>
				</channel>
</rss>