<?xml version="1.0" encoding="UTF-8" ?>
<rss version="2.0" xmlns:content="http://purl.org/rss/1.0/modules/content/" xmlns:wikidot="http://www.wikidot.com/rss-namespace">

	<channel>
		<title>Settings for OKI ML17A2 stepper motor</title>
		<link>http://smoothieware.org/forum/t-868205/settings-for-oki-ml17a2-stepper-motor</link>
		<description>Posts in the discussion thread &quot;Settings for OKI ML17A2 stepper motor&quot;</description>
				<copyright></copyright>
		<lastBuildDate>Thu, 30 Oct 2014 09:31:05 +0000</lastBuildDate>
		
					<item>
				<guid>http://smoothieware.org/forum/t-868205#post-2045387</guid>
				<title>Re: setings fo  OKI ML17A2 stpper motor</title>
				<link>http://smoothieware.org/forum/t-868205/settings-for-oki-ml17a2-stepper-motor#post-2045387</link>
				<description></description>
				<pubDate>Wed, 04 Jun 2014 11:02:03 +0000</pubDate>
				<wikidot:authorName>arthurwolf</wikidot:authorName>				<wikidot:authorUserId>471107</wikidot:authorUserId>				<content:encoded>
					<![CDATA[
						 <p>Hi !</p> <p>Is this the stepper motor ? <a href="http://www.akcesoria-cnc.pl/?menu=produkt&amp;id=1141">http://www.akcesoria-cnc.pl/?menu=produkt&amp;id=1141</a><br /> Are you sure you have the wires connected in the right order ? Please see <a href="http://smoothieware.org/cnc-mill-guide#toc3">http://smoothieware.org/cnc-mill-guide#toc3</a></p> <p>Cheers.</p> 
				 	]]>
				</content:encoded>							</item>
					<item>
				<guid>http://smoothieware.org/forum/t-868205#post-2043495</guid>
				<title>setings fo  OKI ML17A2 stpper motor</title>
				<link>http://smoothieware.org/forum/t-868205/settings-for-oki-ml17a2-stepper-motor#post-2043495</link>
				<description></description>
				<pubDate>Sun, 01 Jun 2014 16:34:52 +0000</pubDate>
				<wikidot:authorName>MichaelZP</wikidot:authorName>				<wikidot:authorUserId>1739192</wikidot:authorUserId>				<content:encoded>
					<![CDATA[
						 <p>How to set up a stepper motor if completely lack information about its parameters?<br /> I've tried a lot of different settings and always tries but can not make even one step.</p> 
				 	]]>
				</content:encoded>							</item>
				</channel>
</rss>