<?xml version="1.0" encoding="UTF-8" ?>
<rss version="2.0" xmlns:content="http://purl.org/rss/1.0/modules/content/" xmlns:wikidot="http://www.wikidot.com/rss-namespace">

	<channel>
		<title>Newbie help</title>
		<link>http://smoothieware.org/forum/t-872493/newbie-help</link>
		<description>Posts in the discussion thread &quot;Newbie help&quot; - Wanting to replace LinuxCNC parallel-port driver board setup</description>
				<copyright></copyright>
		<lastBuildDate>Thu, 30 Oct 2014 09:31:01 +0000</lastBuildDate>
		
					<item>
				<guid>http://smoothieware.org/forum/t-872493#post-2048680</guid>
				<title>Re: Newbie help</title>
				<link>http://smoothieware.org/forum/t-872493/newbie-help#post-2048680</link>
				<description></description>
				<pubDate>Mon, 09 Jun 2014 17:17:53 +0000</pubDate>
				<wikidot:authorName>arthurwolf</wikidot:authorName>				<wikidot:authorUserId>471107</wikidot:authorUserId>				<content:encoded>
					<![CDATA[
						 <p>Stepper motors are pretty complicated beasts :)</p> <p>Long story short, if it says 2A, you shouldn't use 3A&nbsp;motors ( though you could wire them, and they would work, just at lower torque ).</p> <p>And steppers actually use more current when not moving, and less when moving at top speed :)</p> <p>As I&nbsp;said, complicated beasts :)</p> 
				 	]]>
				</content:encoded>							</item>
					<item>
				<guid>http://smoothieware.org/forum/t-872493#post-2048677</guid>
				<title>Re: Newbie help</title>
				<link>http://smoothieware.org/forum/t-872493/newbie-help#post-2048677</link>
				<description></description>
				<pubDate>Mon, 09 Jun 2014 17:14:54 +0000</pubDate>
				<wikidot:authorName>Ken Gentry</wikidot:authorName>				<wikidot:authorUserId>1908979</wikidot:authorUserId>				<content:encoded>
					<![CDATA[
						 <p>Thanks for the rapid reply! I'm getting pretty excited about using the SmoothieBoard.</p> <p>The motors I'm using are &quot;285oz-in bipolar rating, 205oz-in unipolar rating. 3v, 3A&quot;. If Smoothieboard's drivers are rated to run 35 volts at 2 amps (70 watts) then shouldn't be able to run 24 volt at 3 amp (72 watts) pretty well? I'm not too educated on continuous current draw of these steppers. If I am not running them at full speed but at only 30 - 40 inches per minute wouldn't the current draw be much lower than 3 amps?</p> 
				 	]]>
				</content:encoded>							</item>
					<item>
				<guid>http://smoothieware.org/forum/t-872493#post-2048657</guid>
				<title>Re: Newbie help</title>
				<link>http://smoothieware.org/forum/t-872493/newbie-help#post-2048657</link>
				<description></description>
				<pubDate>Mon, 09 Jun 2014 16:30:43 +0000</pubDate>
				<wikidot:authorName>arthurwolf</wikidot:authorName>				<wikidot:authorUserId>471107</wikidot:authorUserId>				<content:encoded>
					<![CDATA[
						 <p>Hi !</p> <div class="code"> <pre> <code>I built a MakeCNC 3 axis CNC mill a few months ago and am driving it with LinuxCNC and one of the cheap &quot;blue&quot; Chinese driver boards. Since I have an EE background (software eng professionally) I made all the board mods and got it going. On some CNC projects I get good results but on many others I get crappy results. Messed with timing, feedrate, etc. I'm thinking of moving to a Smoothieboard to put all these hassles behind me. The idea of having an embedded real-time computer handling all the motion control is very appealing. I'm trying to wrap my head around a CNC project workflow with a Smoothieboard. Do I put GCode files on the SD card of the board and send commands over a terminal session to have Smoothieboard execute it? How do I jog the axis of the machine to get everything homed and do a touch-off? Is there a GUI app running on Linux that provides a clean front end to do these types of things?</code> </pre></div> <p>So, you have many options.<br /> As you said you can just drag/drop the gcode file and start it from a serial terminal.<br /> You could also use any number of host programs to talk to the Smoothieboard ( those can also do jogging, homing etc ) like Pronterface, Octoprint, Repetier. Most of those are 3D printer specific but will work fine for a CNC mill. They can also upload files and run them.<br /> You could also connect to Smoothie via ethernet and use the web interface to control the machine.</p> <div class="code"> <pre> <code>The CNC machine I built is using NEMA 23 300 oz-in motors wired bipolar. I am running a industrial 24 volt, 10 amp power supply.</code> </pre></div> <p>What is the current rating for those steppers ? Please note Smoothie can handle only up to 2amps, you need external drivers for more.</p> <p>Cheers :)</p> 
				 	]]>
				</content:encoded>							</item>
					<item>
				<guid>http://smoothieware.org/forum/t-872493#post-2048627</guid>
				<title>Newbie help</title>
				<link>http://smoothieware.org/forum/t-872493/newbie-help#post-2048627</link>
				<description></description>
				<pubDate>Mon, 09 Jun 2014 15:23:59 +0000</pubDate>
				<wikidot:authorName>Ken Gentry</wikidot:authorName>				<wikidot:authorUserId>1908979</wikidot:authorUserId>				<content:encoded>
					<![CDATA[
						 <p>I built a MakeCNC 3 axis CNC mill a few months ago and am driving it with LinuxCNC and one of the cheap &quot;blue&quot; Chinese driver boards. Since I have an EE background (software eng professionally) I made all the board mods and got it going. On some CNC projects I get good results but on many others I get crappy results. Messed with timing, feedrate, etc.</p> <p>I'm thinking of moving to a Smoothieboard to put all these hassles behind me. The idea of having an embedded real-time computer handling all the motion control is very appealing. I'm trying to wrap my head around a CNC project workflow with a Smoothieboard. Do I put GCode files on the SD card of the board and send commands over a terminal session to have Smoothieboard execute it? How do I jog the axis of the machine to get everything homed and do a touch-off? Is there a GUI app running on Linux that provides a clean front end to do these types of things?</p> <p>The CNC machine I built is using NEMA 23&#160;300 oz-in motors wired bipolar. I am running a industrial 24 volt, 10 amp power supply.</p> <p>I have a lot of professional software development experience with Unix and Linux, serial I/O, USB, etc. I don't have a lot of experience with CNC, GCode, machine setup, etc. Any pointers about setting this up would be greatly appreciated. My first goal is to get a stable CNC machine running.</p> <p>Thanks for any help, info, advice.</p> <p>Ken</p> 
				 	]]>
				</content:encoded>							</item>
				</channel>
</rss>