<?xml version="1.0" encoding="UTF-8" ?>
<rss version="2.0" xmlns:content="http://purl.org/rss/1.0/modules/content/" xmlns:wikidot="http://www.wikidot.com/rss-namespace">

	<channel>
		<title>second extruder</title>
		<link>http://smoothieware.org/forum/t-875277/second-extruder</link>
		<description>Posts in the discussion thread &quot;second extruder&quot;</description>
				<copyright></copyright>
		<lastBuildDate>Thu, 30 Oct 2014 09:30:57 +0000</lastBuildDate>
		
					<item>
				<guid>http://smoothieware.org/forum/t-875277#post-2050144</guid>
				<title>Re: second extruder</title>
				<link>http://smoothieware.org/forum/t-875277/second-extruder#post-2050144</link>
				<description></description>
				<pubDate>Thu, 12 Jun 2014 00:42:16 +0000</pubDate>
				<wikidot:authorName>Steve Pileeki</wikidot:authorName>				<wikidot:authorUserId>1911127</wikidot:authorUserId>				<content:encoded>
					<![CDATA[
						 <p>Thanks Arthur,</p> <p>that was it, all is well.</p> <p>Steve&#8230;</p> 
				 	]]>
				</content:encoded>							</item>
					<item>
				<guid>http://smoothieware.org/forum/t-875277#post-2050125</guid>
				<title>Re: second extruder</title>
				<link>http://smoothieware.org/forum/t-875277/second-extruder#post-2050125</link>
				<description></description>
				<pubDate>Wed, 11 Jun 2014 23:28:11 +0000</pubDate>
				<wikidot:authorName>arthurwolf</wikidot:authorName>				<wikidot:authorUserId>471107</wikidot:authorUserId>				<content:encoded>
					<![CDATA[
						 <p>Hi !</p> <p>I see the problem.</p> <p>Lines that begin with a # are commented, they are ignored by Smoothie, you need to remove the # if you want smoothie to take those into account.<br /> Remove them for the second hotend and second extruder.</p> <p>Cheers.</p> 
				 	]]>
				</content:encoded>							</item>
					<item>
				<guid>http://smoothieware.org/forum/t-875277#post-2050123</guid>
				<title>Re: second extruder</title>
				<link>http://smoothieware.org/forum/t-875277/second-extruder#post-2050123</link>
				<description></description>
				<pubDate>Wed, 11 Jun 2014 23:26:15 +0000</pubDate>
				<wikidot:authorName>Steve Pileeki</wikidot:authorName>				<wikidot:authorUserId>1911127</wikidot:authorUserId>				<content:encoded>
					<![CDATA[
						 <p>won't let me post a link</p> <p>how about /u/StevePileeki</p> 
				 	]]>
				</content:encoded>							</item>
					<item>
				<guid>http://smoothieware.org/forum/t-875277#post-2050119</guid>
				<title>Re: second extruder</title>
				<link>http://smoothieware.org/forum/t-875277/second-extruder#post-2050119</link>
				<description></description>
				<pubDate>Wed, 11 Jun 2014 23:19:04 +0000</pubDate>
				<wikidot:authorName>arthurwolf</wikidot:authorName>				<wikidot:authorUserId>471107</wikidot:authorUserId>				<content:encoded>
					<![CDATA[
						 <p>Hi !</p> <p>Can we get the link to the pastebin you posted ?</p> <p>Cheers.</p> 
				 	]]>
				</content:encoded>							</item>
					<item>
				<guid>http://smoothieware.org/forum/t-875277#post-2050115</guid>
				<title>Re: second extruder</title>
				<link>http://smoothieware.org/forum/t-875277/second-extruder#post-2050115</link>
				<description></description>
				<pubDate>Wed, 11 Jun 2014 23:10:34 +0000</pubDate>
				<wikidot:authorName>Steve Pileeki</wikidot:authorName>				<wikidot:authorUserId>1911127</wikidot:authorUserId>				<content:encoded>
					<![CDATA[
						 <p>Ok Arthur,</p> <p>just signed up for pastebin and posted the config file.</p> <p>steve&#8230;</p> 
				 	]]>
				</content:encoded>							</item>
					<item>
				<guid>http://smoothieware.org/forum/t-875277#post-2050109</guid>
				<title>Re: second extruder</title>
				<link>http://smoothieware.org/forum/t-875277/second-extruder#post-2050109</link>
				<description></description>
				<pubDate>Wed, 11 Jun 2014 22:41:03 +0000</pubDate>
				<wikidot:authorName>arthurwolf</wikidot:authorName>				<wikidot:authorUserId>471107</wikidot:authorUserId>				<content:encoded>
					<![CDATA[
						 <p>Hi !</p> <p>Did you edit your configuration file to include the second extruder ?<br /> If so can we see your config file on pastebin.com ?</p> <p>Same question for the fan.</p> <p>Cheers.</p> 
				 	]]>
				</content:encoded>							</item>
					<item>
				<guid>http://smoothieware.org/forum/t-875277#post-2050108</guid>
				<title>second extruder</title>
				<link>http://smoothieware.org/forum/t-875277/second-extruder#post-2050108</link>
				<description></description>
				<pubDate>Wed, 11 Jun 2014 22:37:22 +0000</pubDate>
				<wikidot:authorName>Steve Pileeki</wikidot:authorName>				<wikidot:authorUserId>1911127</wikidot:authorUserId>				<content:encoded>
					<![CDATA[
						 <p>Cannot get the second extruder to function on a 5 axis board.<br /> T1 has no effect, continues with T0 using prontoface. Also<br /> cannot switch pin 2.4 on, would like to use it to control an<br /> extra fan.</p> <p>Steve..</p> 
				 	]]>
				</content:encoded>							</item>
				</channel>
</rss>