<?xml version="1.0" encoding="UTF-8" ?>
<rss version="2.0" xmlns:content="http://purl.org/rss/1.0/modules/content/" xmlns:wikidot="http://www.wikidot.com/rss-namespace">

	<channel>
		<title>Y axis problem</title>
		<link>http://smoothieware.org/forum/t-883638/y-axis-problem</link>
		<description>Posts in the discussion thread &quot;Y axis problem&quot;</description>
				<copyright></copyright>
		<lastBuildDate>Thu, 30 Oct 2014 09:30:43 +0000</lastBuildDate>
		
					<item>
				<guid>http://smoothieware.org/forum/t-883638#post-2055901</guid>
				<title>Re: Y axis problem</title>
				<link>http://smoothieware.org/forum/t-883638/y-axis-problem#post-2055901</link>
				<description></description>
				<pubDate>Sat, 21 Jun 2014 17:34:32 +0000</pubDate>
				<wikidot:authorName>Jonathan106</wikidot:authorName>				<wikidot:authorUserId>1908365</wikidot:authorUserId>				<content:encoded>
					<![CDATA[
						 <p>I removed the solder but still the same problem I think the chip is damaged so I will desolder it and replace, just one of those things that happen in manufacturing<br /> I have sent you a pic so you can see before I started</p> <p>Thanks</p> 
				 	]]>
				</content:encoded>							</item>
					<item>
				<guid>http://smoothieware.org/forum/t-883638#post-2054906</guid>
				<title>Re: Y axis problem</title>
				<link>http://smoothieware.org/forum/t-883638/y-axis-problem#post-2054906</link>
				<description></description>
				<pubDate>Thu, 19 Jun 2014 23:19:29 +0000</pubDate>
				<wikidot:authorName>arthurwolf</wikidot:authorName>				<wikidot:authorUserId>471107</wikidot:authorUserId>				<content:encoded>
					<![CDATA[
						 <p>If you have a fine soldering iron, it's quite easy to fix.<br /> Do you feel up to that ?<br /> depending on how thick it is, an exacto knife would also do the trick, if you are super careful.</p> 
				 	]]>
				</content:encoded>							</item>
					<item>
				<guid>http://smoothieware.org/forum/t-883638#post-2054905</guid>
				<title>Re: Y axis problem</title>
				<link>http://smoothieware.org/forum/t-883638/y-axis-problem#post-2054905</link>
				<description></description>
				<pubDate>Thu, 19 Jun 2014 23:18:13 +0000</pubDate>
				<wikidot:authorName>Jonathan106</wikidot:authorName>				<wikidot:authorUserId>1908365</wikidot:authorUserId>				<content:encoded>
					<![CDATA[
						 <p>Hi</p> <p>Found the problem 2 of the pins on the beta driver chip are soldered together the ones closest to the smoothie name screen-print.</p> 
				 	]]>
				</content:encoded>							</item>
					<item>
				<guid>http://smoothieware.org/forum/t-883638#post-2054243</guid>
				<title>Re: Y axis problem</title>
				<link>http://smoothieware.org/forum/t-883638/y-axis-problem#post-2054243</link>
				<description></description>
				<pubDate>Wed, 18 Jun 2014 16:22:41 +0000</pubDate>
				<wikidot:authorName>Jonathan106</wikidot:authorName>				<wikidot:authorUserId>1908365</wikidot:authorUserId>				<content:encoded>
					<![CDATA[
						 <p>I tried the alpha motor which works in both directions on the beta driver still the same in printrun y+ button motor turns cw y- button motor still turns cw also the same in repetier I have checked pin to board connection thats fine too.</p> <p>Thanks</p> 
				 	]]>
				</content:encoded>							</item>
					<item>
				<guid>http://smoothieware.org/forum/t-883638#post-2054237</guid>
				<title>Re: Y axis problem</title>
				<link>http://smoothieware.org/forum/t-883638/y-axis-problem#post-2054237</link>
				<description></description>
				<pubDate>Wed, 18 Jun 2014 15:51:52 +0000</pubDate>
				<wikidot:authorName>arthurwolf</wikidot:authorName>				<wikidot:authorUserId>471107</wikidot:authorUserId>				<content:encoded>
					<![CDATA[
						 <p>Hi !</p> <p>Stepper rotating only in one direction is usually a clear sign of only 3 of the 4 stepper motor wires having a good connection to the stepper motor driver.<br /> Can you check your cables and your connector and it's crimping ?</p> <p>Thanks.</p> 
				 	]]>
				</content:encoded>							</item>
					<item>
				<guid>http://smoothieware.org/forum/t-883638#post-2054228</guid>
				<title>Y axis problem</title>
				<link>http://smoothieware.org/forum/t-883638/y-axis-problem#post-2054228</link>
				<description></description>
				<pubDate>Wed, 18 Jun 2014 15:28:55 +0000</pubDate>
				<wikidot:authorName>Jonathan106</wikidot:authorName>				<wikidot:authorUserId>1908365</wikidot:authorUserId>				<content:encoded>
					<![CDATA[
						 <p>Hi all</p> <p>My beta stepper motor will only rotate in one direction have checked all wires and connectors updated firmware and config anyone any ideas.</p> <p>Thanks</p> 
				 	]]>
				</content:encoded>							</item>
				</channel>
</rss>