<?xml version="1.0" encoding="UTF-8" ?>
<rss version="2.0" xmlns:content="http://purl.org/rss/1.0/modules/content/" xmlns:wikidot="http://www.wikidot.com/rss-namespace">

	<channel>
		<title>Just an Introduction..</title>
		<link>http://smoothieware.org/forum/t-886100/just-an-introduction</link>
		<description>Posts in the discussion thread &quot;Just an Introduction..&quot;</description>
				<copyright></copyright>
		<lastBuildDate>Thu, 30 Oct 2014 09:30:55 +0000</lastBuildDate>
		
					<item>
				<guid>http://smoothieware.org/forum/t-886100#post-2054928</guid>
				<title>Re: Just an Introduction..</title>
				<link>http://smoothieware.org/forum/t-886100/just-an-introduction#post-2054928</link>
				<description></description>
				<pubDate>Fri, 20 Jun 2014 01:08:59 +0000</pubDate>
				<wikidot:authorName>rickbecker</wikidot:authorName>				<wikidot:authorUserId>1916946</wikidot:authorUserId>				<content:encoded>
					<![CDATA[
						 <p>@arthurwolf&#8230; &quot;&#8230;Tell us if you need anything&#8230;&quot;</p> <p>DUDE&#8230; You just said the Wrong thing&#8230; hehe&#8230; I will probably be one of your Biggest Pests.. hehe..</p> <p>Thanks Sir&#8230; I appreciate. that&#8230; But honestly, I'll try not to be a Pest.. but I do intend on contributing if and when I am able.</p> <p>Thanks all&#8230;. this will Fun.. hehe</p> <p>Rick</p> 
				 	]]>
				</content:encoded>							</item>
					<item>
				<guid>http://smoothieware.org/forum/t-886100#post-2054912</guid>
				<title>Re: Just an Introduction..</title>
				<link>http://smoothieware.org/forum/t-886100/just-an-introduction#post-2054912</link>
				<description></description>
				<pubDate>Thu, 19 Jun 2014 23:43:55 +0000</pubDate>
				<wikidot:authorName>arthurwolf</wikidot:authorName>				<wikidot:authorUserId>471107</wikidot:authorUserId>				<content:encoded>
					<![CDATA[
						 <p>Hey Rick !</p> <p>Welcome :)</p> <p>Tell us if you need anything, and have fun with your board :)</p> 
				 	]]>
				</content:encoded>							</item>
					<item>
				<guid>http://smoothieware.org/forum/t-886100#post-2054747</guid>
				<title>Just an Introduction..</title>
				<link>http://smoothieware.org/forum/t-886100/just-an-introduction#post-2054747</link>
				<description></description>
				<pubDate>Thu, 19 Jun 2014 16:24:17 +0000</pubDate>
				<wikidot:authorName>rickbecker</wikidot:authorName>				<wikidot:authorUserId>1916946</wikidot:authorUserId>				<content:encoded>
					<![CDATA[
						 <p>Hi all&#8230;</p> <p>My name is Rick Becker. This is just to introduce myself. I do not Yet have my Smoothieboard but I look forward to receiving it.</p> <p>I have read quite a few of the POST on this forum and I am excited to get started with the Smoothieboard.</p> <p>I am not a stranger to Hardware and Software design so I hope that I can be of some help as I learn more about the board and get it running on my 3D printer.</p> <p>I think that I will be using Pronterface and I also believe that I may be making some changes and additions to accommodate some additional needs of my printer..</p> <p>Anyway.. I just wanted to say Hi to all..</p> <p>Rick</p> 
				 	]]>
				</content:encoded>							</item>
				</channel>
</rss>