<?xml version="1.0" encoding="UTF-8" ?>
<rss version="2.0" xmlns:content="http://purl.org/rss/1.0/modules/content/" xmlns:wikidot="http://www.wikidot.com/rss-namespace">

	<channel>
		<title>molex crimper</title>
		<link>http://smoothieware.org/forum/t-891950/molex-crimper</link>
		<description>Posts in the discussion thread &quot;molex crimper&quot;</description>
				<copyright></copyright>
		<lastBuildDate>Thu, 30 Oct 2014 09:30:25 +0000</lastBuildDate>
		
					<item>
				<guid>http://smoothieware.org/forum/t-891950#post-2073956</guid>
				<title>Re: molex crimper</title>
				<link>http://smoothieware.org/forum/t-891950/molex-crimper#post-2073956</link>
				<description></description>
				<pubDate>Wed, 23 Jul 2014 01:28:29 +0000</pubDate>
				<wikidot:authorName>WillAdams</wikidot:authorName>				<wikidot:authorUserId>1805219</wikidot:authorUserId>				<content:encoded>
					<![CDATA[
						 <p>I believe this one will work:</p> <p><a href="http://www.radioshack.com/product/index.jsp?productId=2103683">http://www.radioshack.com/product/index.jsp?productId=2103683</a></p> <p>worth trying if you have a Radio Shack nearby &#8212;- check their site to see if it's in stock before making the trip.</p> 
				 	]]>
				</content:encoded>							</item>
					<item>
				<guid>http://smoothieware.org/forum/t-891950#post-2056413</guid>
				<title>Re: molex crimper</title>
				<link>http://smoothieware.org/forum/t-891950/molex-crimper#post-2056413</link>
				<description></description>
				<pubDate>Sun, 22 Jun 2014 19:51:31 +0000</pubDate>
				<wikidot:authorName>mhackney</wikidot:authorName>				<wikidot:authorUserId>1888342</wikidot:authorUserId>				<content:encoded>
					<![CDATA[
						 <p>I have been using one of these for a year and it works great: I can't post links yet so search amazon for &quot;HT-225D Full Cycle Ratchet Crimping Tool&quot;</p> 
				 	]]>
				</content:encoded>							</item>
					<item>
				<guid>http://smoothieware.org/forum/t-891950#post-2056283</guid>
				<title>molex crimper</title>
				<link>http://smoothieware.org/forum/t-891950/molex-crimper#post-2056283</link>
				<description></description>
				<pubDate>Sun, 22 Jun 2014 14:49:03 +0000</pubDate>
				<wikidot:authorName>randyd07</wikidot:authorName>				<wikidot:authorUserId>1918589</wikidot:authorUserId>				<content:encoded>
					<![CDATA[
						 <p>I have already got the board but I am not sure what crimper I need to get for the connectors provided with the 5xc board. Mainly I need to know what type of crimper to do the stepper motor plugs. So many out there don't want to order the wrong one on the internet.</p> <p>Any help would be appreciated.</p> 
				 	]]>
				</content:encoded>							</item>
				</channel>
</rss>