<?xml version="1.0" encoding="UTF-8" ?>
<rss version="2.0" xmlns:content="http://purl.org/rss/1.0/modules/content/" xmlns:wikidot="http://www.wikidot.com/rss-namespace">

	<channel>
		<title>switch module</title>
		<link>http://smoothieware.org/forum/t-904100/switch-module</link>
		<description>Posts in the discussion thread &quot;switch module&quot;</description>
				<copyright></copyright>
		<lastBuildDate>Thu, 30 Oct 2014 09:30:38 +0000</lastBuildDate>
		
					<item>
				<guid>http://smoothieware.org/forum/t-904100#post-2060903</guid>
				<title>Re: switch module</title>
				<link>http://smoothieware.org/forum/t-904100/switch-module#post-2060903</link>
				<description></description>
				<pubDate>Mon, 30 Jun 2014 11:08:48 +0000</pubDate>
				<wikidot:authorName>plotosnap</wikidot:authorName>				<wikidot:authorUserId>1924446</wikidot:authorUserId>				<content:encoded>
					<![CDATA[
						 <p>Adding underscores solved the problem for<br /> switch.zplus10.output_on_command G91_G0_Z10_G90</p> <p>I tried also<br /> switch.pplay.output_on_command play_/sd/default.gcode<br /> but it doesn't work, i guess i will have to make it work by digging into panel code<br /> Thanks a lot for the help!</p> 
				 	]]>
				</content:encoded>							</item>
					<item>
				<guid>http://smoothieware.org/forum/t-904100#post-2060891</guid>
				<title>Re: switch module</title>
				<link>http://smoothieware.org/forum/t-904100/switch-module#post-2060891</link>
				<description></description>
				<pubDate>Mon, 30 Jun 2014 10:29:12 +0000</pubDate>
				<wikidot:authorName>arthurwolf</wikidot:authorName>				<wikidot:authorUserId>471107</wikidot:authorUserId>				<content:encoded>
					<![CDATA[
						 <p>I remember seeing that you can do</p> <p>switch.zplus10.output_on_command G91_G0_Z10_G90</p> <p>Please try it and tell me if it works, I'll add it to the documentation if it's not there.</p> <p>Cheers.</p> 
				 	]]>
				</content:encoded>							</item>
					<item>
				<guid>http://smoothieware.org/forum/t-904100#post-2060889</guid>
				<title>switch module</title>
				<link>http://smoothieware.org/forum/t-904100/switch-module#post-2060889</link>
				<description></description>
				<pubDate>Mon, 30 Jun 2014 10:25:00 +0000</pubDate>
				<wikidot:authorName>plotosnap</wikidot:authorName>				<wikidot:authorUserId>1924446</wikidot:authorUserId>				<content:encoded>
					<![CDATA[
						 <p>Hi!<br /> I'v got problems with configuring input switch: when the output_on_command is configured as one word e.g.<br /> switch.pplay.output_on_command M106<br /> it works perfectly fine, but when it contains spaces as it is in an example<br /> switch.zplus10.output_on_command G91 G0 Z10 G90<br /> It doesn't work.</p> <p>What i want to achieve is to configure it to play a gcode file so that i can print from sd card without having panel and without connecting to the machine:<br /> switch.pplay.output_on_command play /sd/default.gcode</p> 
				 	]]>
				</content:encoded>							</item>
				</channel>
</rss>