<?xml version="1.0" encoding="UTF-8" ?>
<rss version="2.0" xmlns:content="http://purl.org/rss/1.0/modules/content/" xmlns:wikidot="http://www.wikidot.com/rss-namespace">

	<channel>
		<title>Smoothieboard Setup/Installation and Pronterface/Repetier</title>
		<link>http://smoothieware.org/forum/t-900624/smoothieboard-setup-installation-and-pronterface-repetier</link>
		<description>Posts in the discussion thread &quot;Smoothieboard Setup/Installation and Pronterface/Repetier&quot; - Newbee with new New Board and Printer...</description>
				<copyright></copyright>
		<lastBuildDate>Thu, 30 Oct 2014 09:30:40 +0000</lastBuildDate>
		
					<item>
				<guid>http://smoothieware.org/forum/t-900624#post-2059745</guid>
				<title>Re: Smoothieboard Setup/Installation and Pronterface/Repetier</title>
				<link>http://smoothieware.org/forum/t-900624/smoothieboard-setup-installation-and-pronterface-repetier#post-2059745</link>
				<description></description>
				<pubDate>Sat, 28 Jun 2014 00:17:08 +0000</pubDate>
				<wikidot:authorName>rickbecker</wikidot:authorName>				<wikidot:authorUserId>1916946</wikidot:authorUserId>				<content:encoded>
					<![CDATA[
						 <p>Hi sir.. I just sent an email.. thanks.</p> <p>Rick</p> 
				 	]]>
				</content:encoded>							</item>
					<item>
				<guid>http://smoothieware.org/forum/t-900624#post-2059740</guid>
				<title>Re: Smoothieboard Setup/Installation and Pronterface/Repetier</title>
				<link>http://smoothieware.org/forum/t-900624/smoothieboard-setup-installation-and-pronterface-repetier#post-2059740</link>
				<description></description>
				<pubDate>Fri, 27 Jun 2014 23:55:56 +0000</pubDate>
				<wikidot:authorName>arthurwolf</wikidot:authorName>				<wikidot:authorUserId>471107</wikidot:authorUserId>				<content:encoded>
					<![CDATA[
						 <p>Hi !</p> <p>Can you contact me at <span class="wiki-email">moc.liamg|ruhtra.flow#moc.liamg|ruhtra.flow</span> ?<br /> We will figure this out.</p> <p>Cheers.</p> 
				 	]]>
				</content:encoded>							</item>
					<item>
				<guid>http://smoothieware.org/forum/t-900624#post-2059731</guid>
				<title>Re: Smoothieboard Setup/Installation and Pronterface/Repetier</title>
				<link>http://smoothieware.org/forum/t-900624/smoothieboard-setup-installation-and-pronterface-repetier#post-2059731</link>
				<description></description>
				<pubDate>Fri, 27 Jun 2014 23:35:10 +0000</pubDate>
				<wikidot:authorName>rickbecker</wikidot:authorName>				<wikidot:authorUserId>1916946</wikidot:authorUserId>				<content:encoded>
					<![CDATA[
						 <p>Ok next issue&#8230;.</p> <p>Well it appears that I may have a 'Partially' bad board. After getting the Stepper motors running I proceeded with the next step which was to get the HOT End/Thermistor pair working.</p> <p>I choose to use the Mixed Set of MOSFETS so that I would not have to run any additional power to the Large or Small MOSFET pairs. I chose to use the Large MOSFET to drive the HOT END and I used the default T0 Thermistor Pins.</p> <p>Well I could not get the Large MOSFET to 'Turn on' as was indicated by the lack of power at the output and by the lack of a LED indicator. (Yes I changed the configuration to use Pins 0.23) I then switched to the smaller MOSFET and was successful in getting it to work..</p> <p>So.. what is the Repair/Return Policy??</p> <p>I assume the other MOSFET ports will work ( have not tried them ) but it would be nice to have a completely functioning board. Please let me know what my alternatives are.</p> <p>Thanks in advance.</p> <p>Rick</p> 
				 	]]>
				</content:encoded>							</item>
					<item>
				<guid>http://smoothieware.org/forum/t-900624#post-2059729</guid>
				<title>Re: Smoothieboard Setup/Installation and Pronterface/Repetier</title>
				<link>http://smoothieware.org/forum/t-900624/smoothieboard-setup-installation-and-pronterface-repetier#post-2059729</link>
				<description></description>
				<pubDate>Fri, 27 Jun 2014 23:22:41 +0000</pubDate>
				<wikidot:authorName>rickbecker</wikidot:authorName>				<wikidot:authorUserId>1916946</wikidot:authorUserId>				<content:encoded>
					<![CDATA[
						 <p>Hi Sir.. thanks for the reply&#8230;.</p> <p>Well I am not going to pursue the Repetier until later so it is not an issue but thanks for the reply.</p> <p>I do have some other issues that I need to address, however.</p> <p>Rick</p> 
				 	]]>
				</content:encoded>							</item>
					<item>
				<guid>http://smoothieware.org/forum/t-900624#post-2059682</guid>
				<title>Re: Smoothieboard Setup/Installation and Pronterface/Repetier</title>
				<link>http://smoothieware.org/forum/t-900624/smoothieboard-setup-installation-and-pronterface-repetier#post-2059682</link>
				<description></description>
				<pubDate>Fri, 27 Jun 2014 20:21:58 +0000</pubDate>
				<wikidot:authorName>arthurwolf</wikidot:authorName>				<wikidot:authorUserId>471107</wikidot:authorUserId>				<content:encoded>
					<![CDATA[
						 <p>Hi !</p> <p>If pronterface works, Repetier should work no problem, so my guess is there is some kind of problem with your Repetier configuration, but I don't know much about repetier &#8230;</p> <p>Cheers</p> 
				 	]]>
				</content:encoded>							</item>
					<item>
				<guid>http://smoothieware.org/forum/t-900624#post-2059638</guid>
				<title>Smoothieboard Setup/Installation and Pronterface/Repetier</title>
				<link>http://smoothieware.org/forum/t-900624/smoothieboard-setup-installation-and-pronterface-repetier#post-2059638</link>
				<description></description>
				<pubDate>Fri, 27 Jun 2014 18:30:57 +0000</pubDate>
				<wikidot:authorName>rickbecker</wikidot:authorName>				<wikidot:authorUserId>1916946</wikidot:authorUserId>				<content:encoded>
					<![CDATA[
						 <p>Hi All&#8230;</p> <p>OK. I have received my Smoothieboard and I am in the process of getting it set up. The Documentation provided for setting up a 3D printer is great and I have a Lot of stuff set up and running. I have the three Axis working as well as the extruder motor..</p> <p>I am currently running Pronterface as my host software but I would like to run Repetier Host. (temporarily any way) So my first question under this thread is this&#8230; What is the Secrete to getting Repetier Host to recognise the Smoothie board and Firmware. It Connects but there is no control over the Steppers. Is there a setting in the Config file that identifies the type of Host software??</p> <p>Pronterface worked Out-of-the-Box..</p> <p>Thanks in advance&#8230;</p> <p>Rick</p> 
				 	]]>
				</content:encoded>							</item>
				</channel>
</rss>