<?xml version="1.0" encoding="UTF-8" ?>
<rss version="2.0" xmlns:content="http://purl.org/rss/1.0/modules/content/" xmlns:wikidot="http://www.wikidot.com/rss-namespace">

	<channel>
		<title>Joystick Control question</title>
		<link>http://smoothieware.org/forum/t-904707/joystick-control-question</link>
		<description>Posts in the discussion thread &quot;Joystick Control question&quot; - Video Slider controller help.</description>
				<copyright></copyright>
		<lastBuildDate>Thu, 30 Oct 2014 09:27:16 +0000</lastBuildDate>
		
					<item>
				<guid>http://smoothieware.org/forum/t-904707#post-2130521</guid>
				<title>Re: Joystick Control question</title>
				<link>http://smoothieware.org/forum/t-904707/joystick-control-question#post-2130521</link>
				<description></description>
				<pubDate>Mon, 13 Oct 2014 08:44:58 +0000</pubDate>
				<wikidot:authorName>arthurwolf</wikidot:authorName>				<wikidot:authorUserId>471107</wikidot:authorUserId>				<content:encoded>
					<![CDATA[
						 <p>Hi !</p> <p>I think the third example at the beginning of the file is what you want :&nbsp;</p> <div class="code"> <pre> <code>switch.zplus10.enable true switch.zplus10.input_pin 1.7 switch.zplus10.output_on_command G91 G0 Z10 G90 # G90 and G91 switch to relative positioning then back to absolute</code> </pre></div> <p>Pin as input, g-code as output.</p> <p>Cheers.</p> 
				 	]]>
				</content:encoded>							</item>
					<item>
				<guid>http://smoothieware.org/forum/t-904707#post-2130478</guid>
				<title>Re: Joystick Control question</title>
				<link>http://smoothieware.org/forum/t-904707/joystick-control-question#post-2130478</link>
				<description></description>
				<pubDate>Mon, 13 Oct 2014 05:38:30 +0000</pubDate>
				<wikidot:authorName>Mahanb</wikidot:authorName>				<wikidot:authorUserId>1991312</wikidot:authorUserId>				<content:encoded>
					<![CDATA[
						 <p>Hi,<br /> I know that you can have an M-code with switch module to turn on/off one of the I/Os but I have never seen an example of trigerring a gcode with one of the I/o's in the switch module's wiki page.<br /> Would you please put up an example for me?!<br /> Thank You Arthur!</p> 
				 	]]>
				</content:encoded>							</item>
					<item>
				<guid>http://smoothieware.org/forum/t-904707#post-2129483</guid>
				<title>Re: Joystick Control question</title>
				<link>http://smoothieware.org/forum/t-904707/joystick-control-question#post-2129483</link>
				<description></description>
				<pubDate>Sat, 11 Oct 2014 15:35:48 +0000</pubDate>
				<wikidot:authorName>arthurwolf</wikidot:authorName>				<wikidot:authorUserId>471107</wikidot:authorUserId>				<content:encoded>
					<![CDATA[
						 <p>Hey !</p> <p>I think you can use the switch module for this :&nbsp;<a href="http://smoothieware.org/switch">http://smoothieware.org/switch</a></p> <p>It allows you to tie pin events to trigger g-codes, should allow you to set up jogging.</p> <p>Cheers.</p> 
				 	]]>
				</content:encoded>							</item>
					<item>
				<guid>http://smoothieware.org/forum/t-904707#post-2125369</guid>
				<title>Re: Joystick Control question</title>
				<link>http://smoothieware.org/forum/t-904707/joystick-control-question#post-2125369</link>
				<description></description>
				<pubDate>Mon, 06 Oct 2014 04:22:31 +0000</pubDate>
				<wikidot:authorName>Mahanb</wikidot:authorName>				<wikidot:authorUserId>1991312</wikidot:authorUserId>				<content:encoded>
					<![CDATA[
						 <p>Hi,<br /> I believe jogging is one of the most important and handy options on a cnc machine and it's one thing any machine has and I would really like to add this joystick option too!<br /> Is there anyway I can connect a regular joystick (the ones with 4 switches) to smoothie board with out having to edit the firmware? Because I have so many unused pins on my smoothie. Are there any options in the config file for this?</p> 
				 	]]>
				</content:encoded>							</item>
					<item>
				<guid>http://smoothieware.org/forum/t-904707#post-2115848</guid>
				<title>Re: Joystick Control question</title>
				<link>http://smoothieware.org/forum/t-904707/joystick-control-question#post-2115848</link>
				<description></description>
				<pubDate>Mon, 22 Sep 2014 18:27:37 +0000</pubDate>
				<wikidot:authorName>arthurwolf</wikidot:authorName>				<wikidot:authorUserId>471107</wikidot:authorUserId>				<content:encoded>
					<![CDATA[
						 <p>Hey, did you make any progress with this ? :)</p> <p>Cheers.</p> 
				 	]]>
				</content:encoded>							</item>
					<item>
				<guid>http://smoothieware.org/forum/t-904707#post-2061956</guid>
				<title>Re: Joystick Control question</title>
				<link>http://smoothieware.org/forum/t-904707/joystick-control-question#post-2061956</link>
				<description></description>
				<pubDate>Wed, 02 Jul 2014 00:26:11 +0000</pubDate>
				<wikidot:authorName>DonnyM</wikidot:authorName>				<wikidot:authorUserId>1924568</wikidot:authorUserId>				<content:encoded>
					<![CDATA[
						 <p>I am not a coder. I am learning. I have been able to cobble together Arduino code to get what I needed using a old Megatronics V2 printer controller. Essentially a Mega 2560. I also have a Nano I use for the focus and zoom.<br /> Right now I am using commercial software to run the camera and keyframes but I would like to get away from that. I started working on a script that will do that for the Arduino but since I have a Azteeg X5 laying around I thought I would use it so I had a faster controller for live motion.<br /> I have a Wii Chuck sitting here I can hook up the the board. That would be good for running through the menus and controlling the motors. Its a bluetooth one.</p> <p>Outline:<br /> Menu system on OLED 96x64 SPI<br /> SD card for saving paths etc<br /> Joystick, Wii Chuck Or MGP for motor control and Menu control (have all three laying around)<br /> Up to 5 stepper motors. Smooth ramp of the motors when using joystick or playback of keyframes<br /> Softlimits for motors. Ability to set a soft home position.<br /> Keyframed paths need to be saved to SD card for later playback (i.e. 360 panos or other pre - programmed routines)<br /> Ability to playback keyframed moves from any starting position (moves to start position when go is pressed)<br /> Programmable intervelometer (shutter duration and interval between shots)<br /> Set maximum number off shots.<br /> Interpolate moves of up to 5 motors depending on keyframes and number of shots<br /> Shoot Move Shoot routine<br /> Bluetooth control via Android app (all functions setable from android and saved to sd runs autonomous when tablet is disconnected)<br /> Once keyframes and intervelometer are set press go and walk away (timlapse mode)<br /> Ability to turn off and on Screen without affecting ongoing processes<br /> Count down timer on screen once go is pressed.<br /> Override to stop and restart or make changes and restart<br /> Estop via input pin<br /> Camera shutter control via output pin<br /> Onboard clock (ability to set a start time and stop time)<br /> Ability to disable motors (during long exposure shots turn motors off to conserve power, Motors off except for jogging or shooting)</p> <p>Modes:<br /> Menu Mode (setup parameters for motor speeds Keyframes and intervals for time-lapse and live video mode)<br /> Motion Control (drives motors and sets keyframes)<br /> Playback mode (plays back keyframes and clicks shutter till done for live and time-lapse)</p> <p>That's the basics.</p> <p>The Android integration will come last. Just wanted a complete picture of what I am trying to do.<br /> If this was a Arduino I would know where to start. But being a new controller Arm M3 I am not sure. What IDE would you suggest. I have Atmel Studio but not very comfortable with it. Using Windows 7 x64 here.</p> <p>I need to get library's for the OLED and Wii Chuck. Didn't see them in the src folder I downloaded.</p> <p>I need a pin list for the AzteegX5mini. Looks like the Config file has all that. Interesting Pin 2.2 is Beta step pin. On the Arduino pins don't have a decimal place.</p> <p>Since this thing runs G code I think we could just stick with that and use the existing stepper engine since it has all CV and ramping built in. Most motors on the rig are rotary not linear.</p> <p>First step I think I need to do is just get some motors running via joystick or MPG. On a MPG the faster you turn it the faster the motors move. A joystick I think would pretty much be on and off except for ramping. Just trying to determine which would be better for Live video.</p> <p>thanks for the input</p> <p>Donny</p> 
				 	]]>
				</content:encoded>							</item>
					<item>
				<guid>http://smoothieware.org/forum/t-904707#post-2061197</guid>
				<title>Re: Joystick Control question</title>
				<link>http://smoothieware.org/forum/t-904707/joystick-control-question#post-2061197</link>
				<description></description>
				<pubDate>Mon, 30 Jun 2014 21:51:50 +0000</pubDate>
				<wikidot:authorName>arthurwolf</wikidot:authorName>				<wikidot:authorUserId>471107</wikidot:authorUserId>				<content:encoded>
					<![CDATA[
						 <p>Hi there !</p> <p>Very interresting project, I'd love to see Smoothie used for this so I'll try to help as much as I can.</p> <p>We have a WiiChuck library, but it is not yet hooked to the movement bits yet, which looks like what you want.<br /> I'm not sure about the key frames thing though, can you tell us more about what that involves ?</p> <p>About an android app, it sure can be done, but nobody has done a complete one yet ( though several are in the works as far as I know ).</p> <p>Tell us more about exactly what you need, we'll help you !<br /> Also, can you code ?</p> <p>Cheers !</p> 
				 	]]>
				</content:encoded>							</item>
					<item>
				<guid>http://smoothieware.org/forum/t-904707#post-2061035</guid>
				<title>Joystick Control question</title>
				<link>http://smoothieware.org/forum/t-904707/joystick-control-question#post-2061035</link>
				<description></description>
				<pubDate>Mon, 30 Jun 2014 15:34:04 +0000</pubDate>
				<wikidot:authorName>DonnyM</wikidot:authorName>				<wikidot:authorUserId>1924568</wikidot:authorUserId>				<content:encoded>
					<![CDATA[
						 <p>I would like to use this board to control my 5 axis Camera slider. Right now I use a Arduino 2560 and would prefer something faster for full motion video instead of just time-lapse and stop motion. But I need to drive the motors around with a joystick or a app on my phone and set key frames. Then interpolate the moves between the keyframes. Moving via ponterface etc at 1, 10, 100 increments is not gonna work for jogging. Does anyone have any examples of with live Jogging?. Maybe a MPG Hand wheel.<br /> Anyone get this hooked up and working Bluetooth?<br /> How about connecting it to Android. Not Via Ethernet web interface.</p> <p>Donny</p> 
				 	]]>
				</content:encoded>							</item>
				</channel>
</rss>