<?xml version="1.0" encoding="UTF-8" ?>
<rss version="2.0" xmlns:content="http://purl.org/rss/1.0/modules/content/" xmlns:wikidot="http://www.wikidot.com/rss-namespace">

	<channel>
		<title>Smoothieboard and PC Connectivity Issues</title>
		<link>http://smoothieware.org/forum/t-917212/smoothieboard-and-pc-connectivity-issues</link>
		<description>Posts in the discussion thread &quot;Smoothieboard and PC Connectivity Issues&quot; - Laptop forced me to format the SD card on the smoothieboard now MagicFlash wont connect to install the bootloader.</description>
				<copyright></copyright>
		<lastBuildDate>Thu, 30 Oct 2014 09:30:36 +0000</lastBuildDate>
		
					<item>
				<guid>http://smoothieware.org/forum/t-917212#post-2065464</guid>
				<title>Re: Smoothieboard and PC Connectivity Issues</title>
				<link>http://smoothieware.org/forum/t-917212/smoothieboard-and-pc-connectivity-issues#post-2065464</link>
				<description></description>
				<pubDate>Tue, 08 Jul 2014 03:47:54 +0000</pubDate>
				<wikidot:authorName>kkuc</wikidot:authorName>				<wikidot:authorUserId>1928528</wikidot:authorUserId>				<content:encoded>
					<![CDATA[
						 <p>It works!!!! It connected to Pronterface instantly without any issues.</p> <p>Thank You Very Much!!!</p> 
				 	]]>
				</content:encoded>							</item>
					<item>
				<guid>http://smoothieware.org/forum/t-917212#post-2065163</guid>
				<title>Re: Smoothieboard and PC Connectivity Issues</title>
				<link>http://smoothieware.org/forum/t-917212/smoothieboard-and-pc-connectivity-issues#post-2065163</link>
				<description></description>
				<pubDate>Mon, 07 Jul 2014 14:42:49 +0000</pubDate>
				<wikidot:authorName>arthurwolf</wikidot:authorName>				<wikidot:authorUserId>471107</wikidot:authorUserId>				<content:encoded>
					<![CDATA[
						 <p>Hello.</p> <p>Formatting the card does not clear the bootloader and does not clear the firmware, at all.<br /> You will never have to flash a new bootloader.</p> <p>Please add to your SD card the firmware file ( this is not necessary, only the configuration file is, but this will give you a more up to date firmware ) : <a href="http://triffid-hunter.no-ip.info/Smoothie-edge.bin">http://triffid-hunter.no-ip.info/Smoothie-edge.bin</a> ( renamed to &quot;firmware.bin&quot; ) and the default configuration file :&nbsp;<a href="https://raw.githubusercontent.com/Smoothieware/Smoothieware/edge/ConfigSamples/Smoothieboard/config">https://raw.githubusercontent.com/Smoothieware/Smoothieware/edge/ConfigSamples/Smoothieboard/config</a><br /> Also if you have not please install the windows drivers for Smoothie on your computer : <a href="http://smoothieware.org/windows-drivers">http://smoothieware.org/windows-drivers</a></p> <p>Please do all this then tell us how it goes.</p> <p>Cheers.</p> 
				 	]]>
				</content:encoded>							</item>
					<item>
				<guid>http://smoothieware.org/forum/t-917212#post-2064912</guid>
				<title>Smoothieboard and PC Connectivity Issues</title>
				<link>http://smoothieware.org/forum/t-917212/smoothieboard-and-pc-connectivity-issues#post-2064912</link>
				<description></description>
				<pubDate>Mon, 07 Jul 2014 03:10:27 +0000</pubDate>
				<wikidot:authorName>kkuc</wikidot:authorName>				<wikidot:authorUserId>1928528</wikidot:authorUserId>				<content:encoded>
					<![CDATA[
						 <p>Hello everyone,</p> <p>So I purchases a smoothieboard to use on my 3dprinter and it has not worked from the second I plugged it in. I was following the instructions on how to set up the board for a 3D printer. However, when I unboxed the board and plugged it into my laptop (Windows 7) the board was not recognized at all. I repeated unplugging it a few times and it eventually recognized it. However, then I came into another problem after I checked the SD card, my laptop would not allow me to use the device unless I formatted it. Thus, I do not think I had another option and went ahead with the format. I assumed that the format cleared the bootloader files on the SD card and I have been trying to reinstall it. When I go into MagicFlash with the board in bootloader mode I get an error stating the device is in use. Strangely, when I try the same thing without bootloader mode MagicFlash gives me and Autobaud- step 2 error. I am positive I am using the correct COM ports and have followed all the instructions exactly. Furthermore, I have tried to fix this on my Win7 desktop computer, but got stuck at the same errors. I have tried to install the bootloader with smoothie drivers installed on my PC and with them not installed I have also tried installing the drivers manually. My desktop and laptop both recognize the Smoothie board and I can see them in the device manager. Does anyone have any ideas on what the issue can be?</p> 
				 	]]>
				</content:encoded>							</item>
				</channel>
</rss>