<?xml version="1.0" encoding="UTF-8" ?>
<rss version="2.0" xmlns:content="http://purl.org/rss/1.0/modules/content/" xmlns:wikidot="http://www.wikidot.com/rss-namespace">

	<channel>
		<title>Strange connection problem</title>
		<link>http://smoothieware.org/forum/t-925717/strange-connection-problem</link>
		<description>Posts in the discussion thread &quot;Strange connection problem&quot;</description>
				<copyright></copyright>
		<lastBuildDate>Thu, 30 Oct 2014 09:29:34 +0000</lastBuildDate>
		
					<item>
				<guid>http://smoothieware.org/forum/t-925717#post-2103548</guid>
				<title>Re: Strange connection problem</title>
				<link>http://smoothieware.org/forum/t-925717/strange-connection-problem#post-2103548</link>
				<description></description>
				<pubDate>Sat, 06 Sep 2014 04:51:21 +0000</pubDate>
				<wikidot:authorName>wolfmanjm</wikidot:authorName>				<wikidot:authorUserId>1543179</wikidot:authorUserId>				<content:encoded>
					<![CDATA[
						 <p>Streaming over ethernet should work perfectly fine *IF* you do it properly. On pronterface there is a streaming option, or use the smoothie-stream.py script on github.<br /> The problem you are referring to is probably due to the host waiting for OK after every line, over ethernet this is not needed and will cause stuttering.</p> 
				 	]]>
				</content:encoded>							</item>
					<item>
				<guid>http://smoothieware.org/forum/t-925717#post-2103077</guid>
				<title>Re: Strange connection problem</title>
				<link>http://smoothieware.org/forum/t-925717/strange-connection-problem#post-2103077</link>
				<description></description>
				<pubDate>Fri, 05 Sep 2014 09:51:43 +0000</pubDate>
				<wikidot:authorName>arthurwolf</wikidot:authorName>				<wikidot:authorUserId>471107</wikidot:authorUserId>				<content:encoded>
					<![CDATA[
						 <p>If you are using the ethernet you should be uploading the files and then playing them. Streaming over ethernet will cause pauses.<br /> Also make sure it's ethernet all the way from the computer to the smoothieboard, no wifi. wifi causes delays.</p> <p>Cheers.</p> 
				 	]]>
				</content:encoded>							</item>
					<item>
				<guid>http://smoothieware.org/forum/t-925717#post-2103075</guid>
				<title>Re: Strange connection problem</title>
				<link>http://smoothieware.org/forum/t-925717/strange-connection-problem#post-2103075</link>
				<description></description>
				<pubDate>Fri, 05 Sep 2014 09:50:34 +0000</pubDate>
				<wikidot:authorName>arthurwolf</wikidot:authorName>				<wikidot:authorUserId>471107</wikidot:authorUserId>				<content:encoded>
					<![CDATA[
						 <p>Yes.</p> 
				 	]]>
				</content:encoded>							</item>
					<item>
				<guid>http://smoothieware.org/forum/t-925717#post-2102695</guid>
				<title>Re: Strange connection problem</title>
				<link>http://smoothieware.org/forum/t-925717/strange-connection-problem#post-2102695</link>
				<description></description>
				<pubDate>Thu, 04 Sep 2014 19:43:32 +0000</pubDate>
				<wikidot:authorName>SteelShod</wikidot:authorName>				<wikidot:authorUserId>1970032</wikidot:authorUserId>				<content:encoded>
					<![CDATA[
						 <p>@ArthurWolf: Do you use Linux?</p> 
				 	]]>
				</content:encoded>							</item>
					<item>
				<guid>http://smoothieware.org/forum/t-925717#post-2100337</guid>
				<title>Re: Strange connection problem</title>
				<link>http://smoothieware.org/forum/t-925717/strange-connection-problem#post-2100337</link>
				<description></description>
				<pubDate>Sun, 31 Aug 2014 15:20:42 +0000</pubDate>
				<wikidot:authorName>761834</wikidot:authorName>				<wikidot:authorUserId>1931385</wikidot:authorUserId>				<content:encoded>
					<![CDATA[
						 <p>Thanks I will give different USB ports a shot. Right now I am circumventing the problem by connecting using OctoPi on a Raspberry Pi but that is not going to be an option for all my machines. I have tried using the Smoothieboard ethernet but the response time is too slow to comfortably work with.</p> 
				 	]]>
				</content:encoded>							</item>
					<item>
				<guid>http://smoothieware.org/forum/t-925717#post-2099769</guid>
				<title>Re: Strange connection problem</title>
				<link>http://smoothieware.org/forum/t-925717/strange-connection-problem#post-2099769</link>
				<description></description>
				<pubDate>Sat, 30 Aug 2014 17:05:43 +0000</pubDate>
				<wikidot:authorName>arthurwolf</wikidot:authorName>				<wikidot:authorUserId>471107</wikidot:authorUserId>				<content:encoded>
					<![CDATA[
						 <p>Hey !</p> <p>This is not Smoothie's fault but Windows' as far as I understand. There is no way to fix this for us, and will most probably be a problem with any new/modern Reprap electronics.</p> <p>You can avoid this problem by disconnecting your serial port in your host program before resetting or removing the cable, or by using Smoothieboard's ethernet port.</p> <blockquote> <p>The only way around this is to uninstall the Smoothie drivers in Windows and reinstall them, after which I am able to connect and send commands again until I either reset the board or unplug/replug the cable.</p> </blockquote> <p>On the machines I tried this on, I do not need to re-install the drivers, simply switching to another USB port solves the problem</p> 
				 	]]>
				</content:encoded>							</item>
					<item>
				<guid>http://smoothieware.org/forum/t-925717#post-2099742</guid>
				<title>Re: Strange connection problem</title>
				<link>http://smoothieware.org/forum/t-925717/strange-connection-problem#post-2099742</link>
				<description></description>
				<pubDate>Sat, 30 Aug 2014 15:36:51 +0000</pubDate>
				<wikidot:authorName>761834</wikidot:authorName>				<wikidot:authorUserId>1931385</wikidot:authorUserId>				<content:encoded>
					<![CDATA[
						 <p>Has there been any development on this? I am considering upgrading several more machines with a Smoothieboard but this problem is keeping me from doing so.</p> 
				 	]]>
				</content:encoded>							</item>
					<item>
				<guid>http://smoothieware.org/forum/t-925717#post-2068466</guid>
				<title>Re: Strange connection problem</title>
				<link>http://smoothieware.org/forum/t-925717/strange-connection-problem#post-2068466</link>
				<description></description>
				<pubDate>Sun, 13 Jul 2014 12:49:33 +0000</pubDate>
				<wikidot:authorName>arthurwolf</wikidot:authorName>				<wikidot:authorUserId>471107</wikidot:authorUserId>				<content:encoded>
					<![CDATA[
						 <p>I don't use windows but as far as I know yes it is a common problem.</p> 
				 	]]>
				</content:encoded>							</item>
					<item>
				<guid>http://smoothieware.org/forum/t-925717#post-2067043</guid>
				<title>Re: Strange connection problem</title>
				<link>http://smoothieware.org/forum/t-925717/strange-connection-problem#post-2067043</link>
				<description></description>
				<pubDate>Thu, 10 Jul 2014 18:36:09 +0000</pubDate>
				<wikidot:authorName>761834</wikidot:authorName>				<wikidot:authorUserId>1931385</wikidot:authorUserId>				<content:encoded>
					<![CDATA[
						 <p>Thanks for your swift reply.</p> <p>Unfortunately that does not make a difference for me, in both Repetier-Host and Pronterface. So if I understand correctly this is a more common problem?</p> 
				 	]]>
				</content:encoded>							</item>
					<item>
				<guid>http://smoothieware.org/forum/t-925717#post-2066990</guid>
				<title>Re: Strange connection problem</title>
				<link>http://smoothieware.org/forum/t-925717/strange-connection-problem#post-2066990</link>
				<description></description>
				<pubDate>Thu, 10 Jul 2014 16:54:25 +0000</pubDate>
				<wikidot:authorName>arthurwolf</wikidot:authorName>				<wikidot:authorUserId>471107</wikidot:authorUserId>				<content:encoded>
					<![CDATA[
						 <p>Hi !</p> <p>I don't use windows but from what users report the serial driver windows provides is to blame for this.</p> <p>I -think- one solution is to hit &quot;disconnect&quot; in pronterface before resetting or unplugging the usb cable.</p> <p>Please try this and tell us if it helps.</p> <p>Cheers.</p> 
				 	]]>
				</content:encoded>							</item>
					<item>
				<guid>http://smoothieware.org/forum/t-925717#post-2066945</guid>
				<title>Strange connection problem</title>
				<link>http://smoothieware.org/forum/t-925717/strange-connection-problem#post-2066945</link>
				<description></description>
				<pubDate>Thu, 10 Jul 2014 15:25:15 +0000</pubDate>
				<wikidot:authorName>761834</wikidot:authorName>				<wikidot:authorUserId>1931385</wikidot:authorUserId>				<content:encoded>
					<![CDATA[
						 <p>I ordered and received a Smoothieboard last week and right off the bat I am having some strange connection problems between PC and the Smoothieboard.</p> <p>I am only able to communicate with the Smoothieboard using Pronterface or Repetier-Host right after I install the Windows (7, x64) drivers. As soon as I either reset the board or disconnect/reconnect the USB cable, I am unable to connect to the Smoothieboard again. Pronterface will get stuck on &quot;connecting&#8230;&quot; and Repetier-Host seems to think it is connected but states &quot;x Command Waiting&quot; with x being a number depending on the amount of commands waiting in queue.</p> <p>The only way around this is to uninstall the Smoothie drivers in Windows and reinstall them, after which I am able to connect and send commands again until I either reset the board or unplug/replug the cable.</p> <p>SD-card is always accessible through Windows explorer. I have tried several PCs (both Win7 x64) and changed out USB cables, tried both Edge and Master firmwares with default config but no difference.</p> 
				 	]]>
				</content:encoded>							</item>
				</channel>
</rss>