<?xml version="1.0" encoding="UTF-8" ?>
<rss version="2.0" xmlns:content="http://purl.org/rss/1.0/modules/content/" xmlns:wikidot="http://www.wikidot.com/rss-namespace">

	<channel>
		<title>Optical Endstop</title>
		<link>http://smoothieware.org/forum/t-924386/optical-endstop</link>
		<description>Posts in the discussion thread &quot;Optical Endstop&quot; - 5 pin wiring question for optical endstop</description>
				<copyright></copyright>
		<lastBuildDate>Thu, 30 Oct 2014 09:30:02 +0000</lastBuildDate>
		
					<item>
				<guid>http://smoothieware.org/forum/t-924386#post-2090179</guid>
				<title>Re: Optical Endstop</title>
				<link>http://smoothieware.org/forum/t-924386/optical-endstop#post-2090179</link>
				<description></description>
				<pubDate>Sat, 16 Aug 2014 12:35:00 +0000</pubDate>
				<wikidot:authorName>arthurwolf</wikidot:authorName>				<wikidot:authorUserId>471107</wikidot:authorUserId>				<content:encoded>
					<![CDATA[
						 <p>Nah Smoothie outputs 5V on the endtsop connectors.</p> 
				 	]]>
				</content:encoded>							</item>
					<item>
				<guid>http://smoothieware.org/forum/t-924386#post-2090176</guid>
				<title>Re: Optical Endstop</title>
				<link>http://smoothieware.org/forum/t-924386/optical-endstop#post-2090176</link>
				<description></description>
				<pubDate>Sat, 16 Aug 2014 12:25:18 +0000</pubDate>
				<wikidot:authorName>electronlove</wikidot:authorName>				<wikidot:authorUserId>1941533</wikidot:authorUserId>				<content:encoded>
					<![CDATA[
						 <p>I thought that the end stops for the smoothieboard need to run on 3.3V and it seemed that most of the opto end stops were 5V.</p> 
				 	]]>
				</content:encoded>							</item>
					<item>
				<guid>http://smoothieware.org/forum/t-924386#post-2087389</guid>
				<title>Re: Optical Endstop</title>
				<link>http://smoothieware.org/forum/t-924386/optical-endstop#post-2087389</link>
				<description></description>
				<pubDate>Tue, 12 Aug 2014 20:55:18 +0000</pubDate>
				<wikidot:authorName>Jittu Singh</wikidot:authorName>				<wikidot:authorUserId>1952835</wikidot:authorUserId>				<content:encoded>
					<![CDATA[
						 <p>you can use the schematics available on reprap for OptoEndstop_2.1</p> 
				 	]]>
				</content:encoded>							</item>
					<item>
				<guid>http://smoothieware.org/forum/t-924386#post-2066540</guid>
				<title>Optical Endstop</title>
				<link>http://smoothieware.org/forum/t-924386/optical-endstop#post-2066540</link>
				<description></description>
				<pubDate>Thu, 10 Jul 2014 02:41:45 +0000</pubDate>
				<wikidot:authorName>iamwill</wikidot:authorName>				<wikidot:authorUserId>1930987</wikidot:authorUserId>				<content:encoded>
					<![CDATA[
						 <p>I am replacing the Gen6 on my 3DSM printer and would like to continue using the optical endstops provided. The problem is that they are 5 pin and the endstop connectors on the smoothie board are only 3 pin. Is there a way to wire up these 5 pin endstops to the smoothie board? Thanks,</p> <p>Will</p> 
				 	]]>
				</content:encoded>							</item>
				</channel>
</rss>