<?xml version="1.0" encoding="UTF-8" ?>
<rss version="2.0" xmlns:content="http://purl.org/rss/1.0/modules/content/" xmlns:wikidot="http://www.wikidot.com/rss-namespace">

	<channel>
		<title>Z probe needs probe offset settings</title>
		<link>http://smoothieware.org/forum/t-920408/z-probe-needs-probe-offset-settings</link>
		<description>Posts in the discussion thread &quot;Z probe needs probe offset settings&quot;</description>
				<copyright></copyright>
		<lastBuildDate>Thu, 30 Oct 2014 09:30:31 +0000</lastBuildDate>
		
					<item>
				<guid>http://smoothieware.org/forum/t-920408#post-2067287</guid>
				<title>Re: Z probe needs probe offset settings</title>
				<link>http://smoothieware.org/forum/t-920408/z-probe-needs-probe-offset-settings#post-2067287</link>
				<description></description>
				<pubDate>Fri, 11 Jul 2014 04:55:43 +0000</pubDate>
				<wikidot:authorName>wolfmanjm</wikidot:authorName>				<wikidot:authorUserId>1543179</wikidot:authorUserId>				<content:encoded>
					<![CDATA[
						 <p>As I explained on IRC and will reiterate here for others. The way the delta calibration works on Smoothie the XY offset is not really needed, it works by using relative heights and a 50mm offset from where it thinks it is does not really affect the end results.</p> <p>Z probe offset is handled by G30 Znnn. If you wanted to use thecprobe to set Z height although I recommend to do that manually.</p> <p>As we discovered on IRC your issue was something else entirely.</p> 
				 	]]>
				</content:encoded>							</item>
					<item>
				<guid>http://smoothieware.org/forum/t-920408#post-2065601</guid>
				<title>Z probe needs probe offset settings</title>
				<link>http://smoothieware.org/forum/t-920408/z-probe-needs-probe-offset-settings#post-2065601</link>
				<description></description>
				<pubDate>Tue, 08 Jul 2014 09:31:28 +0000</pubDate>
				<wikidot:authorName>626Pilot</wikidot:authorName>				<wikidot:authorUserId>1929638</wikidot:authorUserId>				<content:encoded>
					<![CDATA[
						 <p>I like the Z probe idea for bed-leveling delta printers. I have a Rostock MAX, and I got an Azteeg X5 just so I could see how good Smoothieware's autolevel is.</p> <p>Unfortunately, there are no settings for me to tell Smoothieware the probe's offset, so it assumes the probe is at the extruder nozzle. In actuality it's about 50mm away, mounted on a far corner of the effector. Marlin and Repetier both have settings for this. When I run the bed leveling, it can get a calibration to within 30 microns, but since all the measurements are of points ~50mm from where they should be the result is terrible. It digs into the glass near X and lifts a good three layer heights near Y.</p> <p>I looked through the source code but didn't see any provisions for a probe offset. (Basically, it would add the X/Y offsets and take the Z offset into account for bed height calculation&#8230; not terribly hard.) Is anyone working on this?</p> 
				 	]]>
				</content:encoded>							</item>
				</channel>
</rss>