<?xml version="1.0" encoding="UTF-8" ?>
<rss version="2.0" xmlns:content="http://purl.org/rss/1.0/modules/content/" xmlns:wikidot="http://www.wikidot.com/rss-namespace">

	<channel>
		<title>anyone have a config file for an Ordbot Quantum?</title>
		<link>http://smoothieware.org/forum/t-937965/anyone-have-a-config-file-for-an-ordbot-quantum</link>
		<description>Posts in the discussion thread &quot;anyone have a config file for an Ordbot Quantum?&quot;</description>
				<copyright></copyright>
		<lastBuildDate>Thu, 30 Oct 2014 09:30:27 +0000</lastBuildDate>
		
					<item>
				<guid>http://smoothieware.org/forum/t-937965#post-2071200</guid>
				<title>Re: anyone have a config file for an Ordbot Quantum?</title>
				<link>http://smoothieware.org/forum/t-937965/anyone-have-a-config-file-for-an-ordbot-quantum#post-2071200</link>
				<description></description>
				<pubDate>Fri, 18 Jul 2014 10:31:52 +0000</pubDate>
				<wikidot:authorName>WillAdams</wikidot:authorName>				<wikidot:authorUserId>1805219</wikidot:authorUserId>				<content:encoded>
					<![CDATA[
						 <p>cvoinescu was kind enough to confirm that the Semitec option matches, so I'll go with that &#8212;- now just have to puzzle out how to get the bed and the lowest point of travel for the machine to line up.</p> 
				 	]]>
				</content:encoded>							</item>
					<item>
				<guid>http://smoothieware.org/forum/t-937965#post-2071028</guid>
				<title>Re: anyone have a config file for an Ordbot Quantum?</title>
				<link>http://smoothieware.org/forum/t-937965/anyone-have-a-config-file-for-an-ordbot-quantum#post-2071028</link>
				<description></description>
				<pubDate>Fri, 18 Jul 2014 00:44:58 +0000</pubDate>
				<wikidot:authorName>WillAdams</wikidot:authorName>				<wikidot:authorUserId>1805219</wikidot:authorUserId>				<content:encoded>
					<![CDATA[
						 <p>Got the stalling puzzled out &#8212;- just had to turn up the current to 1.68a to match the motors (default was 1.0).</p> <p>Thinking I'm going to turn down the current for the Z-axis though &#8212;- it sounds kind of rough now, and was much quieter / smoother at 1.0 (set to 1.34 now).</p> <p>Next up is the thermistor&#8230;</p> <p>Okay, I believe I have a:</p> <p>Semitec 104GT-2 Thermistor &#8212;- resistance 100k<br /> 5 is 100K thermistor - ATC Semitec 104GT-2 (Used in ParCan &amp; J-Head) (4.7k pullup)&quot; ( #define TEMP_SENSOR_0&#160;5 ) (per www. tridprinting .com/Hot-Ends/ )</p> <p>and the Azteeg X5 mini has for its config line for setting this:</p> <p>temperature_control.hotend.thermistor EPCOS100K # see src/modules/tools/temperaturecontrol/TemperatureControl.cpp:64 for a list of valid thermistor names</p> <p>which I believe refers one to: github .com/Smoothieware/Smoothieware/blob/edge/src/modules/tools/temperaturecontrol/TemperatureControl.cpp</p> <p>but I'm not seeing anything there which matches &#8212;- am I misunderstanding things? What should I use?</p> 
				 	]]>
				</content:encoded>							</item>
					<item>
				<guid>http://smoothieware.org/forum/t-937965#post-2070806</guid>
				<title>anyone have a config file for an Ordbot Quantum?</title>
				<link>http://smoothieware.org/forum/t-937965/anyone-have-a-config-file-for-an-ordbot-quantum#post-2070806</link>
				<description></description>
				<pubDate>Thu, 17 Jul 2014 15:42:57 +0000</pubDate>
				<wikidot:authorName>WillAdams</wikidot:authorName>				<wikidot:authorUserId>1805219</wikidot:authorUserId>				<content:encoded>
					<![CDATA[
						 <p>for a Quantum (the smaller machine).</p> <p>I have an Azteeg X5 mini (currently attached to my SO2 which I'm trying to convert <span style="text-decoration: line-through;">- stalls when driving the Y-axis but otherwise working well) -</span> I should have the connectors for attaching it to an Azteeg X5 mini Smoothieboard when I get home, so going to switch the pure 3D.</p> <p>William</p> 
				 	]]>
				</content:encoded>							</item>
				</channel>
</rss>