<?xml version="1.0" encoding="UTF-8" ?>
<rss version="2.0" xmlns:content="http://purl.org/rss/1.0/modules/content/" xmlns:wikidot="http://www.wikidot.com/rss-namespace">

	<channel>
		<title>Wiring Diagram Question</title>
		<link>http://smoothieware.org/forum/t-934381/wiring-diagram-question</link>
		<description>Posts in the discussion thread &quot;Wiring Diagram Question&quot; - Why does the wiring diagram for the 12-24V connection show wires connecting to the smoothieboard at two points for each pole?</description>
				<copyright></copyright>
		<lastBuildDate>Thu, 30 Oct 2014 09:30:29 +0000</lastBuildDate>
		
					<item>
				<guid>http://smoothieware.org/forum/t-934381#post-2069366</guid>
				<title>Re: Wiring Diagram Question</title>
				<link>http://smoothieware.org/forum/t-934381/wiring-diagram-question#post-2069366</link>
				<description></description>
				<pubDate>Tue, 15 Jul 2014 03:47:06 +0000</pubDate>
				<wikidot:authorName>kkuc</wikidot:authorName>				<wikidot:authorUserId>1928528</wikidot:authorUserId>				<content:encoded>
					<![CDATA[
						 <p>No more need for help. I learned that this is to connect different voltages to you board.<br /> So certain equipment can run at 12v and other equipment can run at 24V.</p> 
				 	]]>
				</content:encoded>							</item>
					<item>
				<guid>http://smoothieware.org/forum/t-934381#post-2069332</guid>
				<title>Wiring Diagram Question</title>
				<link>http://smoothieware.org/forum/t-934381/wiring-diagram-question#post-2069332</link>
				<description></description>
				<pubDate>Tue, 15 Jul 2014 02:06:05 +0000</pubDate>
				<wikidot:authorName>kkuc</wikidot:authorName>				<wikidot:authorUserId>1928528</wikidot:authorUserId>				<content:encoded>
					<![CDATA[
						 <p>The picture I am referring to is the 1st wiring diagram found in the 3D printer building guide.</p> <p>Thanks for the help</p> 
				 	]]>
				</content:encoded>							</item>
				</channel>
</rss>