<?xml version="1.0" encoding="UTF-8" ?>
<rss version="2.0" xmlns:content="http://purl.org/rss/1.0/modules/content/" xmlns:wikidot="http://www.wikidot.com/rss-namespace">

	<channel>
		<title>How does one use the 500C thermistor with Smoothie for the 500C Pico?</title>
		<link>http://smoothieware.org/forum/t-933831/how-does-one-use-the-500c-thermistor-with-smoothie-for-the-5</link>
		<description>Posts in the discussion thread &quot;How does one use the 500C thermistor with Smoothie for the 500C Pico?&quot; - Getting the 500C thermistor to work with Smoothie</description>
				<copyright></copyright>
		<lastBuildDate>Thu, 30 Oct 2014 09:29:45 +0000</lastBuildDate>
		
					<item>
				<guid>http://smoothieware.org/forum/t-933831#post-2098008</guid>
				<title>Re: How does one use the 500C thermistor with Smoothie for the 500C Pico?</title>
				<link>http://smoothieware.org/forum/t-933831/how-does-one-use-the-500c-thermistor-with-smoothie-for-the-5#post-2098008</link>
				<description></description>
				<pubDate>Wed, 27 Aug 2014 22:44:31 +0000</pubDate>
				<wikidot:authorName>arthurwolf</wikidot:authorName>				<wikidot:authorUserId>471107</wikidot:authorUserId>				<content:encoded>
					<![CDATA[
						 <p>Hi !</p> <p>Do you have the &quot;beta&quot; value for that thermistor ? All you need to do is tell that and the resistance to Smoothie and it will do the math itself, no need for a table.<br /> <a href="http://smoothieware.org/3d-printer-guide#toc6">http://smoothieware.org/3d-printer-guide#toc6</a></p> <p>Cheers :)</p> 
				 	]]>
				</content:encoded>							</item>
					<item>
				<guid>http://smoothieware.org/forum/t-933831#post-2091762</guid>
				<title>Re: How does one use the 500C thermistor with Smoothie for the 500C Pico?</title>
				<link>http://smoothieware.org/forum/t-933831/how-does-one-use-the-500c-thermistor-with-smoothie-for-the-5#post-2091762</link>
				<description></description>
				<pubDate>Mon, 18 Aug 2014 16:24:11 +0000</pubDate>
				<wikidot:authorName>Ralphxyz</wikidot:authorName>				<wikidot:authorUserId>1956168</wikidot:authorUserId>				<content:encoded>
					<![CDATA[
						 <p>Mike are you looking where in the code switch thermistors, don't know know where a thermocouple came from.</p> <p>I will need a answer also. I know for Marlin there is a config.h where one sets the thermistor.</p> 
				 	]]>
				</content:encoded>							</item>
					<item>
				<guid>http://smoothieware.org/forum/t-933831#post-2070860</guid>
				<title>Re: How does one use the 500C thermistor with Smoothie for the 500C Pico?</title>
				<link>http://smoothieware.org/forum/t-933831/how-does-one-use-the-500c-thermistor-with-smoothie-for-the-5#post-2070860</link>
				<description></description>
				<pubDate>Thu, 17 Jul 2014 18:30:10 +0000</pubDate>
				<wikidot:authorName>B3 Innovations</wikidot:authorName>				<wikidot:authorUserId>1934071</wikidot:authorUserId>				<content:encoded>
					<![CDATA[
						 <p>It is actually a 500C capable 2.705&#160;kOhm thermistor and not thermocouple. Its nice to use a plug and play thermistor without having to buy extra components for a thermocouple. We have a temperature table for it and would like to know how to implement it into Smoothie. Thanks</p> 
				 	]]>
				</content:encoded>							</item>
					<item>
				<guid>http://smoothieware.org/forum/t-933831#post-2070480</guid>
				<title>Re: How does one use the 500C thermistor with Smoothie for the 500C Pico?</title>
				<link>http://smoothieware.org/forum/t-933831/how-does-one-use-the-500c-thermistor-with-smoothie-for-the-5#post-2070480</link>
				<description></description>
				<pubDate>Wed, 16 Jul 2014 21:35:40 +0000</pubDate>
				<wikidot:authorName>arthurwolf</wikidot:authorName>				<wikidot:authorUserId>471107</wikidot:authorUserId>				<content:encoded>
					<![CDATA[
						 <p>Do you mean you want to use a thermocouple ?</p> 
				 	]]>
				</content:encoded>							</item>
					<item>
				<guid>http://smoothieware.org/forum/t-933831#post-2069121</guid>
				<title>How does one use the 500C thermistor with Smoothie for the 500C Pico?</title>
				<link>http://smoothieware.org/forum/t-933831/how-does-one-use-the-500c-thermistor-with-smoothie-for-the-5#post-2069121</link>
				<description></description>
				<pubDate>Mon, 14 Jul 2014 17:52:12 +0000</pubDate>
				<wikidot:authorName>B3 Innovations</wikidot:authorName>				<wikidot:authorUserId>1934071</wikidot:authorUserId>				<content:encoded>
					<![CDATA[
						 <p>Hi, we have been having some people ask us how to use the 500C thermistor from their Pico with Smoothie. If there is any info you can help share, I would love to work with you to share the solution with everyone.<br /> Thanks<br /> Mike<br /> B3 Innovations</p> 
				 	]]>
				</content:encoded>							</item>
				</channel>
</rss>