<?xml version="1.0" encoding="UTF-8" ?>
<rss version="2.0" xmlns:content="http://purl.org/rss/1.0/modules/content/" xmlns:wikidot="http://www.wikidot.com/rss-namespace">

	<channel>
		<title>Is a diode required when wiring a hot end</title>
		<link>http://smoothieware.org/forum/t-945812/is-a-diode-required-when-wiring-a-hot-end</link>
		<description>Posts in the discussion thread &quot;Is a diode required when wiring a hot end&quot;</description>
				<copyright></copyright>
		<lastBuildDate>Thu, 30 Oct 2014 09:30:22 +0000</lastBuildDate>
		
					<item>
				<guid>http://smoothieware.org/forum/t-945812#post-2074646</guid>
				<title>Re: Is a diode required when wiring a hot end</title>
				<link>http://smoothieware.org/forum/t-945812/is-a-diode-required-when-wiring-a-hot-end#post-2074646</link>
				<description></description>
				<pubDate>Thu, 24 Jul 2014 02:51:39 +0000</pubDate>
				<wikidot:authorName>mhuber247</wikidot:authorName>				<wikidot:authorUserId>1939239</wikidot:authorUserId>				<content:encoded>
					<![CDATA[
						 <p>Hello good sir!</p> <p>Thanks for the timely response. I was referencing the image under the &quot;Heating Element&quot; section and was under the impression that was a diode symbol for supplying power to the mosfet that will drive the hot end. I'm thrilled it is not!</p> <p>Take care and thanks for your time.</p> 
				 	]]>
				</content:encoded>							</item>
					<item>
				<guid>http://smoothieware.org/forum/t-945812#post-2073403</guid>
				<title>Re: Is a diode required when wiring a hot end</title>
				<link>http://smoothieware.org/forum/t-945812/is-a-diode-required-when-wiring-a-hot-end#post-2073403</link>
				<description></description>
				<pubDate>Tue, 22 Jul 2014 06:46:31 +0000</pubDate>
				<wikidot:authorName>arthurwolf</wikidot:authorName>				<wikidot:authorUserId>471107</wikidot:authorUserId>				<content:encoded>
					<![CDATA[
						 <p>Hi !</p> <p>Any reason you would think you'd need one ?<br /> If not, no, there is no reason to use a diode for a hotend.</p> <p>Cheers !</p> 
				 	]]>
				</content:encoded>							</item>
					<item>
				<guid>http://smoothieware.org/forum/t-945812#post-2073370</guid>
				<title>Is a diode required when wiring a hot end</title>
				<link>http://smoothieware.org/forum/t-945812/is-a-diode-required-when-wiring-a-hot-end#post-2073370</link>
				<description></description>
				<pubDate>Tue, 22 Jul 2014 04:48:04 +0000</pubDate>
				<wikidot:authorName>mhuber247</wikidot:authorName>				<wikidot:authorUserId>1939239</wikidot:authorUserId>				<content:encoded>
					<![CDATA[
						 <p>I began wiring a Terminator hotend (Kickstarter project) to the Smoothie. The diagram looks to have a symbol between 12-24v and the P1-22(small mosfet). Therefore, Is a diode required when wiring the hotend?</p> 
				 	]]>
				</content:encoded>							</item>
				</channel>
</rss>