<?xml version="1.0" encoding="UTF-8" ?>
<rss version="2.0" xmlns:content="http://purl.org/rss/1.0/modules/content/" xmlns:wikidot="http://www.wikidot.com/rss-namespace">

	<channel>
		<title>Flywheel diode on the small mosfet</title>
		<link>http://smoothieware.org/forum/t-946456/flywheel-diode-on-the-small-mosfet</link>
		<description>Posts in the discussion thread &quot;Flywheel diode on the small mosfet&quot; - Hi, I have looked around the internet, but failed to find a useful answer.  So perhaps you could help.</description>
				<copyright></copyright>
		<lastBuildDate>Thu, 30 Oct 2014 09:30:24 +0000</lastBuildDate>
		
					<item>
				<guid>http://smoothieware.org/forum/t-946456#post-2074083</guid>
				<title>Re: Flywheel diode on the small mosfet</title>
				<link>http://smoothieware.org/forum/t-946456/flywheel-diode-on-the-small-mosfet#post-2074083</link>
				<description></description>
				<pubDate>Wed, 23 Jul 2014 05:30:09 +0000</pubDate>
				<wikidot:authorName>tailgunner30uk</wikidot:authorName>				<wikidot:authorUserId>1893087</wikidot:authorUserId>				<content:encoded>
					<![CDATA[
						 <p>Thanks for responding so quickly. I will do some more research, can I use the place on the board where the 2.5mm connector would go for the purpose, again, there are lots of opinions, but little in the way of a definitive answer about positioning.</p> <p>The smoothieboard Octoprint style we server sounds interesting. I have used Octoprint for a few days and it is interesting and useful although sometimes flame.</p> <p>Thanks</p> 
				 	]]>
				</content:encoded>							</item>
					<item>
				<guid>http://smoothieware.org/forum/t-946456#post-2073889</guid>
				<title>Re: Flywheel diode on the small mosfet</title>
				<link>http://smoothieware.org/forum/t-946456/flywheel-diode-on-the-small-mosfet#post-2073889</link>
				<description></description>
				<pubDate>Tue, 22 Jul 2014 22:38:59 +0000</pubDate>
				<wikidot:authorName>arthurwolf</wikidot:authorName>				<wikidot:authorUserId>471107</wikidot:authorUserId>				<content:encoded>
					<![CDATA[
						 <p>Hi !</p> <p>About the diode I don't have a specific model, but when it doubt : oversize :)</p> <p>About the Cortex-A8, no plan for this at the moment.<br /> We already have Ethernet with a web interface and are working on implementing something close to Octoprint.<br /> About the PRU, next version of Smoothieboard should have a FPGA, that'll be neat :)</p> <p>Cheers !</p> 
				 	]]>
				</content:encoded>							</item>
					<item>
				<guid>http://smoothieware.org/forum/t-946456#post-2073541</guid>
				<title>Flywheel diode on the small mosfet</title>
				<link>http://smoothieware.org/forum/t-946456/flywheel-diode-on-the-small-mosfet#post-2073541</link>
				<description></description>
				<pubDate>Tue, 22 Jul 2014 11:46:55 +0000</pubDate>
				<wikidot:authorName>tailgunner30uk</wikidot:authorName>				<wikidot:authorUserId>1893087</wikidot:authorUserId>				<content:encoded>
					<![CDATA[
						 <p>I want to use a small mosfet on the smoothieboard to control 2 or 3 brushless motors. Could you suggest an appropriate diode to act as a flywheel diode.</p> <p>Values for V and A are as follows 12v 300-400mA</p> <p>Thanks for your help.</p> <p>As an aside, is there any likelyhood of using an AM335x 1GHz ARM® Cortex-A8 similar to the BeagleBone boards, offloading stepper control to one of the PRUs and allowing a webserver along the lines of Octoprint to be added to Smoothieware.</p> <p>Just a thought.</p> 
				 	]]>
				</content:encoded>							</item>
				</channel>
</rss>