<?xml version="1.0" encoding="UTF-8" ?>
<rss version="2.0" xmlns:content="http://purl.org/rss/1.0/modules/content/" xmlns:wikidot="http://www.wikidot.com/rss-namespace">

	<channel>
		<title>Smoothieboard (Azteeg X5 mini) step idle delay setting?</title>
		<link>http://smoothieware.org/forum/t-947777/smoothieboard-azteeg-x5-mini-step-idle-delay-setting</link>
		<description>Posts in the discussion thread &quot;Smoothieboard (Azteeg X5 mini) step idle delay setting?&quot;</description>
				<copyright></copyright>
		<lastBuildDate>Thu, 30 Oct 2014 09:30:17 +0000</lastBuildDate>
		
					<item>
				<guid>http://smoothieware.org/forum/t-947777#post-2075318</guid>
				<title>Re: Smoothieboard (Azteeg X5 mini) step idle delay setting?</title>
				<link>http://smoothieware.org/forum/t-947777/smoothieboard-azteeg-x5-mini-step-idle-delay-setting#post-2075318</link>
				<description></description>
				<pubDate>Fri, 25 Jul 2014 02:04:54 +0000</pubDate>
				<wikidot:authorName>WillAdams</wikidot:authorName>				<wikidot:authorUserId>1805219</wikidot:authorUserId>				<content:encoded>
					<![CDATA[
						 <p>Worked up a config file: <a href="http://www.shapeoko.com/wiki/index.php/File:Config_azteegx5_shapeoko.txt">http://www.shapeoko.com/wiki/index.php/File:Config_azteegx5_shapeoko.txt</a></p> <p>Please check / review and see if the numbers are reasonable. The configuration is intended to match: <a href="http://www.shapeoko.com/wiki/index.php/RepStrapOko">http://www.shapeoko.com/wiki/index.php/RepStrapOko</a></p> 
				 	]]>
				</content:encoded>							</item>
					<item>
				<guid>http://smoothieware.org/forum/t-947777#post-2074610</guid>
				<title>Re: Smoothieboard (Azteeg X5 mini) step idle delay setting?</title>
				<link>http://smoothieware.org/forum/t-947777/smoothieboard-azteeg-x5-mini-step-idle-delay-setting#post-2074610</link>
				<description></description>
				<pubDate>Thu, 24 Jul 2014 01:31:26 +0000</pubDate>
				<wikidot:authorName>WillAdams</wikidot:authorName>				<wikidot:authorUserId>1805219</wikidot:authorUserId>				<content:encoded>
					<![CDATA[
						 <p>Thanks!</p> <p>Tweaking the power supply settings seems to have things working.</p> <p>Now I just need to commission / calibrate the machine and work up a part which is small enough to print before bedtime.</p> 
				 	]]>
				</content:encoded>							</item>
					<item>
				<guid>http://smoothieware.org/forum/t-947777#post-2074272</guid>
				<title>Re: Smoothieboard (Azteeg X5 mini) step idle delay setting?</title>
				<link>http://smoothieware.org/forum/t-947777/smoothieboard-azteeg-x5-mini-step-idle-delay-setting#post-2074272</link>
				<description></description>
				<pubDate>Wed, 23 Jul 2014 13:44:29 +0000</pubDate>
				<wikidot:authorName>WillAdams</wikidot:authorName>				<wikidot:authorUserId>1805219</wikidot:authorUserId>				<content:encoded>
					<![CDATA[
						 <p>Yeah, I was surprised about the 3.75A power supply as well. Updated the wiki to reflect that, so hopefully no one else will be taken by surprise.</p> <p>I'll try reducing the current (would reducing the temperature on the hotend reduce current draw as well?), and if that doesn't help, will source a 10A power supply.</p> <p>Thanks!</p> 
				 	]]>
				</content:encoded>							</item>
					<item>
				<guid>http://smoothieware.org/forum/t-947777#post-2074241</guid>
				<title>Re: Smoothieboard (Azteeg X5 mini) step idle delay setting?</title>
				<link>http://smoothieware.org/forum/t-947777/smoothieboard-azteeg-x5-mini-step-idle-delay-setting#post-2074241</link>
				<description></description>
				<pubDate>Wed, 23 Jul 2014 12:32:58 +0000</pubDate>
				<wikidot:authorName>arthurwolf</wikidot:authorName>				<wikidot:authorUserId>471107</wikidot:authorUserId>				<content:encoded>
					<![CDATA[
						 <p>Ok, 1.68A @ 24V, a bit of noise and lots of heat is not surprising, that's normal.</p> <p>5A PSU seems way too low for a 3D printer with the configuration you describe, I'd recommend at least 10A to be safe in your setup.<br /> I'm actually surprised the shapeoko provides only a 3.75A PSU.</p> <p>Can you try reducing current by 25% on all your steppers and see if that helps ?</p> 
				 	]]>
				</content:encoded>							</item>
					<item>
				<guid>http://smoothieware.org/forum/t-947777#post-2074240</guid>
				<title>Re: Smoothieboard (Azteeg X5 mini) step idle delay setting?</title>
				<link>http://smoothieware.org/forum/t-947777/smoothieboard-azteeg-x5-mini-step-idle-delay-setting#post-2074240</link>
				<description></description>
				<pubDate>Wed, 23 Jul 2014 12:23:47 +0000</pubDate>
				<wikidot:authorName>WillAdams</wikidot:authorName>				<wikidot:authorUserId>1805219</wikidot:authorUserId>				<content:encoded>
					<![CDATA[
						 <p>Motors are 1.68A, 200 step, 62 Oz-in NEMA 17s (stock for the Shapeoko full kit). I have Y-axis set to 2.0A (since that's the max) and I think X- and Y- are set to 1.68A, Extruder is a smaller one, 0.33A</p> <p>They're wired into a 5.0A 24V power supply (the 3.75A unit for the Shapeoko isn't up to powering the motors and the hot-end) <span style="text-decoration: line-through;">- what's the expected current draw for a J-Head Mk V-BV? (How do I tell if I have a Power Resistor, 5.6 ohm or 6.8 ohm?) -</span> can I fix this by adjusting the power supply? If not, what's the most affordable option for a new power supply?</p> 
				 	]]>
				</content:encoded>							</item>
					<item>
				<guid>http://smoothieware.org/forum/t-947777#post-2074211</guid>
				<title>Re: Smoothieboard (Azteeg X5 mini) step idle delay setting?</title>
				<link>http://smoothieware.org/forum/t-947777/smoothieboard-azteeg-x5-mini-step-idle-delay-setting#post-2074211</link>
				<description></description>
				<pubDate>Wed, 23 Jul 2014 11:27:43 +0000</pubDate>
				<wikidot:authorName>arthurwolf</wikidot:authorName>				<wikidot:authorUserId>471107</wikidot:authorUserId>				<content:encoded>
					<![CDATA[
						 <p>Smoothie -always- holds power to the motors until you say it to stop with a specific gcode.</p> <p>Maybe you have a current setting problem ? What are your steppers rated for ( current ) and how are your settings/how are they wired ?</p> 
				 	]]>
				</content:encoded>							</item>
					<item>
				<guid>http://smoothieware.org/forum/t-947777#post-2074186</guid>
				<title>Re: Smoothieboard (Azteeg X5 mini) step idle delay setting?</title>
				<link>http://smoothieware.org/forum/t-947777/smoothieboard-azteeg-x5-mini-step-idle-delay-setting#post-2074186</link>
				<description></description>
				<pubDate>Wed, 23 Jul 2014 10:11:21 +0000</pubDate>
				<wikidot:authorName>WillAdams</wikidot:authorName>				<wikidot:authorUserId>1805219</wikidot:authorUserId>				<content:encoded>
					<![CDATA[
						 <p>Step idle delay sets the number of microseconds which power is held on a motor after it moves into a position.</p> <p>If set to 255, then motor power stays on constantly.</p> <p>As I noted, I believe my machine is losing Z-axis position as it prints &#8212;- which is weird, 'cause I could've sworn that it used to hold power on the motors&#8230;.</p> 
				 	]]>
				</content:encoded>							</item>
					<item>
				<guid>http://smoothieware.org/forum/t-947777#post-2074162</guid>
				<title>Re: Smoothieboard (Azteeg X5 mini) step idle delay setting?</title>
				<link>http://smoothieware.org/forum/t-947777/smoothieboard-azteeg-x5-mini-step-idle-delay-setting#post-2074162</link>
				<description></description>
				<pubDate>Wed, 23 Jul 2014 09:16:09 +0000</pubDate>
				<wikidot:authorName>arthurwolf</wikidot:authorName>				<wikidot:authorUserId>471107</wikidot:authorUserId>				<content:encoded>
					<![CDATA[
						 <p>Hi !</p> <p>Smoothie configuration has nothing in common with GRBL.<br /> What does the setting you are looking for actually do, and what exactly is the problem you are running into ?</p> <p>Cheers !</p> 
				 	]]>
				</content:encoded>							</item>
					<item>
				<guid>http://smoothieware.org/forum/t-947777#post-2073955</guid>
				<title>Smoothieboard (Azteeg X5 mini) step idle delay setting?</title>
				<link>http://smoothieware.org/forum/t-947777/smoothieboard-azteeg-x5-mini-step-idle-delay-setting#post-2073955</link>
				<description></description>
				<pubDate>Wed, 23 Jul 2014 01:27:23 +0000</pubDate>
				<wikidot:authorName>WillAdams</wikidot:authorName>				<wikidot:authorUserId>1805219</wikidot:authorUserId>				<content:encoded>
					<![CDATA[
						 <p>How does one set this?</p> <p>Searching I'm not finding anything on it&#8230;.</p> <p>I've attached an extruder (Wade's Reloaded w/ J-Head Mk V-BV 1.75mm hotend) and have things pretty much working except it seems that the gantry settles down as it prints and starts rubbing against the bed.</p> <p>Does one just set $7=255 as in Grbl? What relation does the Smoothie firmware have to Grbl? How much is in common / the same and what's different?</p> 
				 	]]>
				</content:encoded>							</item>
				</channel>
</rss>