<?xml version="1.0" encoding="UTF-8" ?>
<rss version="2.0" xmlns:content="http://purl.org/rss/1.0/modules/content/" xmlns:wikidot="http://www.wikidot.com/rss-namespace">

	<channel>
		<title>Second Extruder Control ???</title>
		<link>http://smoothieware.org/forum/t-955180/second-extruder-control</link>
		<description>Posts in the discussion thread &quot;Second Extruder Control ???&quot; - Temperature control of second extruder is OK, but only first extruder works</description>
				<copyright></copyright>
		<lastBuildDate>Thu, 30 Oct 2014 09:30:15 +0000</lastBuildDate>
		
					<item>
				<guid>http://smoothieware.org/forum/t-955180#post-2077298</guid>
				<title>Re: Second Extruder Control ???</title>
				<link>http://smoothieware.org/forum/t-955180/second-extruder-control#post-2077298</link>
				<description></description>
				<pubDate>Tue, 29 Jul 2014 00:27:21 +0000</pubDate>
				<wikidot:authorName>GrnDragon</wikidot:authorName>				<wikidot:authorUserId>1942188</wikidot:authorUserId>				<content:encoded>
					<![CDATA[
						 <p>That was it, both extruders are feeding as commanded.</p> <p>Thanks</p> <p>GD</p> 
				 	]]>
				</content:encoded>							</item>
					<item>
				<guid>http://smoothieware.org/forum/t-955180#post-2076699</guid>
				<title>Re: Second Extruder Control ???</title>
				<link>http://smoothieware.org/forum/t-955180/second-extruder-control#post-2076699</link>
				<description></description>
				<pubDate>Sun, 27 Jul 2014 18:22:09 +0000</pubDate>
				<wikidot:authorName>arthurwolf</wikidot:authorName>				<wikidot:authorUserId>471107</wikidot:authorUserId>				<content:encoded>
					<![CDATA[
						 <p>It looks like you are not missing anything.<br /> I see one thing that is strange : one module as .enable, the other has .module_enable.<br /> Can you try changing both to .module_enable ?</p> <p>Cheers.</p> 
				 	]]>
				</content:encoded>							</item>
					<item>
				<guid>http://smoothieware.org/forum/t-955180#post-2076395</guid>
				<title>Second Extruder Control ???</title>
				<link>http://smoothieware.org/forum/t-955180/second-extruder-control#post-2076395</link>
				<description></description>
				<pubDate>Sun, 27 Jul 2014 01:08:32 +0000</pubDate>
				<wikidot:authorName>GrnDragon</wikidot:authorName>				<wikidot:authorUserId>1942188</wikidot:authorUserId>				<content:encoded>
					<![CDATA[
						 <p>Trying to set up a dual extruder but am only 3/4 there. First extruder works (T) temperature control is good, and extrusion is good, have successful prints with first extruder. The second extruder (T1) has temperature control, but will only extrude from the first extruder (T) no matter which tool (0 or 1 in Pronterface or Web Server) is selected. Verified that the second extruder works by swapping the delta/epsilon pin assignments and inverting the direction pin to compensate for that extruder being reversed (enable, direction, step), epsilon hardware and mechanicals work and the epilon extruder works as the first extruder. Using the Edge firmware dated 25-July-2014, Config file follows. Pronterface temperature graph shows good values for Ex0, Ex1, Bed.</p> <p>Am I missing something?</p> <p>GD.</p> <p>#### PRusa i3 Stretch ver 1.00 26-Jul-2014</p> <ol> <li>Robot module configurations : general handling of movement G-codes and slicing into moves</li> </ol> <p>default_feed_rate 4000 # Default rate ( mm/minute ) for G1/G2/G3 moves<br /> default_seek_rate 4000 # Default rate ( mm/minute ) for G0 moves<br /> mm_per_arc_segment 0.5 # Arcs are cut into segments ( lines ), this is the length for these segments. Smaller values mean more resolution, higher values mean faster computation<br /> mm_per_line_segment 5 # Lines can be cut into segments ( not usefull with cartesian coordinates robots ).</p> <ol> <li>Arm solution configuration : Cartesian robot. Translates mm positions into stepper positions</li> </ol> <p>alpha_steps_per_mm 80 # Steps per mm for alpha stepper<br /> beta_steps_per_mm 80 # Steps per mm for beta stepper<br /> gamma_steps_per_mm 4000 # Steps per mm for gamma stepper</p> <ol> <li>Planner module configuration : Look-ahead and acceleration configuration</li> </ol> <p>planner_queue_size 32 # Size of the planning queue, must be a power of 2. 128 seems to be the maximum.<br /> acceleration 3000 # Acceleration in mm/second/second.<br /> acceleration_ticks_per_second 1000 # Number of times per second the speed is updated<br /> junction_deviation 0.05 # Similar to the old &quot;max_jerk&quot;, in millimeters, see :<br /> # and . Lower values mean being more careful, higher values means being faster and have more jerk</p> <ol> <li>Stepper module configuration</li> </ol> <p>microseconds_per_step_pulse 1 # Duration of step pulses to stepper drivers, in microseconds<br /> minimum_steps_per_minute 1200 # Never step slower than this<br /> base_stepping_frequency 100000 # Base frequency for stepping, higher gives smoother movement</p> <ol> <li>Stepper module pins ( ports, and pin numbers, appending &quot;!&quot; to the number will invert a pin )</li> </ol> <p>alpha_step_pin 2.0 # Pin for alpha stepper step signal<br /> alpha_dir_pin 0.5 # Pin for alpha stepper direction<br /> alpha_en_pin 0.4 # Pin for alpha enable pin<br /> alpha_current 0.75 # X stepper motor current<br /> x_axis_max_speed 4000 # mm/min</p> <p>beta_step_pin 2.1 # Pin for beta stepper step signal<br /> beta_dir_pin 0.11! # Pin for beta stepper direction<br /> beta_en_pin 0.10 # Pin for beta enable<br /> beta_current 0.75 # Y stepper motor current<br /> y_axis_max_speed 4000 # mm/min</p> <p>gamma_step_pin 2.2 # Pin for gamma stepper step signal<br /> gamma_dir_pin 0.20! # Pin for gamma stepper direction<br /> gamma_en_pin 0.19 # Pin for gamma enable<br /> gamma_current 1.25 # Z stepper motor current<br /> z_axis_max_speed 200 # mm/min</p> <ol> <li>Serial communications configuration ( baud rate default to 9600 if undefined )</li> </ol> <p>uart0.baud_rate 115200 # Baud rate for the default hardware serial port<br /> second_usb_serial_enable false # This enables a second usb serial port (to have both pronterface and a terminal connected)</p> <p>#leds_disable true # disable using leds after config loaded<br /> #play_led_disable true # disable the play led</p> <ol> <li>Extruder module configuration</li> </ol> <p>extruder.hotend.enable true # Whether to activate the extruder module at all. All configuration is ignored if false<br /> extruder.hotend.steps_per_mm 1400 # Steps per mm for extruder stepper<br /> extruder.hotend.default_feed_rate 4000 # Default rate ( mm/minute ) for moves where only the extruder moves<br /> extruder.hotend.acceleration 800 # Acceleration for the stepper motor, as of 0.6, arbitrary ratio<br /> extruder.hotend.max_speed 40 # mm/s<br /> extruder.hotend.step_pin 2.3 # Pin for extruder step signal<br /> extruder.hotend.dir_pin 0.22 # Pin for extruder dir signal<br /> extruder.hotend.en_pin 0.21 # Pin for extruder enable signal<br /> delta_current 0.67 # Extruder stepper motor current</p> <ol> <li>firmware retract settings when using G10/G11, these are the defaults if not defined, must be defined for each extruder if not using the defaults</li> </ol> <p>extruder.hotend.retract_length 1.25 # retract length in mm<br /> extruder.hotend.retract_feedrate 50 # retract feedrate in mm/sec<br /> extruder.hotend.retract_recover_length .25 # additional length for recover<br /> extruder.hotend.retract_recover_feedrate 8 # recover feedrate in mm/sec (should be less than retract feedrate)<br /> extruder.hotend.retract_zlift_length 0 # zlift on retract in mm, 0 disables<br /> extruder.hotend.retract_zlift_feedrate 6000 # zlift feedrate in mm/min (Note mm/min NOT mm/sec)</p> <ol> <li>extruder offset</li> </ol> <p>extruder.hotend.x_offset 0 # x offset from origin in mm<br /> extruder.hotend.y_offset 0 # y offset from origin in mm<br /> extruder.hotend.z_offset 0 # z offset from origin in mm</p> <p>#settings for second extruder<br /> extruder.hotend2.module_enable true # Whether to activate the extruder module at all. All configuration is ignored if false<br /> extruder.hotend2.steps_per_mm 1400 # Steps per mm for extruder stepper<br /> extruder.hotend2.default_feed_rate 4000 # Default rate ( mm/minute ) for moves where only the extruder moves<br /> extruder.hotend2.acceleration 800 # Acceleration for the stepper motor, as of 0.6, arbitrary ratio<br /> extruder.hotend2.max_speed 40 # mm/s<br /> extruder.hotend2.step_pin 2.8 # Pin for extruder step signal<br /> extruder.hotend2.dir_pin 2.13! # Pin for extruder dir signal<br /> extruder.hotend2.en_pin 4.29 # Pin for extruder enable signal<br /> epsilon_current 0.67 # 5th axis</p> <ol> <li>firmware retract settings when using G10/G11, these are the defaults if not defined, must be defined for each extruder if not using the defaults</li> </ol> <p>extruder.hotend2.retract_length 1.25 # retract length in mm<br /> extruder.hotend2.retract_feedrate 50 # retract feedrate in mm/sec<br /> extruder.hotend2.retract_recover_length .25 # additional length for recover<br /> extruder.hotend2.retract_recover_feedrate 8 # recover feedrate in mm/sec (should be less than retract feedrate)<br /> extruder.hotend2.retract_zlift_length 0 # zlift on retract in mm, 0 disables<br /> extruder.hotend2.retract_zlift_feedrate 6000 # zlift feedrate in mm/min (Note mm/min NOT mm/sec)</p> <ol> <li>extruder offset</li> </ol> <p>extruder.hotend2.x_offset 25 # x offset from origin in mm<br /> extruder.hotend2.y_offset 0 # y offset from origin in mm<br /> extruder.hotend2.z_offset 0 # z offset from origin in mm</p> <ol> <li>Laser module configuration</li> </ol> <p>laser_module_enable false # Whether to activate the laser module at all. All configuration is ignored if false.<br /> #laser_module_pin 2.7 # this pin will be PWMed to control the laser<br /> #laser_module_max_power 0.8 # this is the maximum duty cycle that will be applied to the laser<br /> #laser_module_tickle_power 0.0 # this duty cycle will be used for travel moves to keep the laser active without actually burning</p> <ol> <li>Hotend temperature control configuration</li> </ol> <p>temperature_control.hotend.enable true # Whether to activate this ( &quot;hotend&quot; ) module at all.<br /> # All configuration is ignored if false.<br /> temperature_control.hotend.link_to_tool true # This tells smoothie to enable and disable control of this hotend at the same time as the extruder of the same name<br /> temperature_control.hotend.thermistor_pin 0.23 # Pin for the thermistor to read<br /> temperature_control.hotend.heater_pin 2.7 # Pin that controls the heater<br /> temperature_control.hotend.thermistor Semitec # see src/modules/tools/temperaturecontrol/TemperatureControl.cpp:64 for a list of valid thermistor names<br /> temperature_control.hotend.set_m_code 104 #<br /> temperature_control.hotend.set_and_wait_m_code 109 #<br /> temperature_control.hotend.designator T #</p> <p>temperature_control.hotend.p_factor 45 # permanenetly set the PID values after an auto pid<br /> temperature_control.hotend.i_factor 8.2 #<br /> temperature_control.hotend.d_factor 61 #</p> <p>temperature_control.hotend.max_pwm 225 # override max pwm, 64 is a good value if driving a 12v resistor with 24v.</p> <ol> <li>Hotend2 temperature control configuration</li> </ol> <p>temperature_control.hotend2.enable true # Whether to activate this ( &quot;hotend&quot; ) module at all.<br /> # All configuration is ignored if false.<br /> temperature_control.hotend2.link_to_tool true # This tells smoothie to enable and disable control of this hotend at the same time as the extruder of the same name<br /> temperature_control.hotend2.thermistor_pin 0.25 # Pin for the thermistor to read<br /> temperature_control.hotend2.heater_pin 1.23 # Pin that controls the heater<br /> temperature_control.hotend2.thermistor Semitec # see src/modules/tools/temperaturecontrol/TemperatureControl.cpp:64<br /> # for a list of valid thermistor names<br /> temperature_control.hotend2.set_m_code 104 #<br /> temperature_control.hotend2.set_and_wait_m_code 109 #<br /> temperature_control.hotend2.designator T1 #</p> <p>temperature_control.hotend2.p_factor 45 # permanently set the PID values after an auto pid<br /> temperature_control.hotend2.i_factor 8.2 #<br /> temperature_control.hotend2.d_factor 61 #</p> <p>temperature_control.hotend2.max_pwm 225 # max pwm, 64 is a good value if driving a 12v resistor with 24v.</p> <p>temperature_control.bed.enable true #<br /> temperature_control.bed.thermistor_pin 0.24 #<br /> temperature_control.bed.heater_pin 1.22 # Small MosFet for SSR control<br /> temperature_control.bed.output_type digital # On/Off only<br /> temperature_control.bed.pwm_frequency 1 # 20Hz Max switching Freq<br /> temperature_control.bed.thermistor EPCOS100K # see src/modules/tools/temperaturecontrol/TemperatureControl.cpp:64 for a list of valid thermistor names<br /> temperature_control.bed.set_m_code 140 #<br /> temperature_control.bed.set_and_wait_m_code 190 #<br /> temperature_control.bed.designator B #</p> <p>#temperature_control.bed.bang_bang false # set to true to use bang bang control rather than PID<br /> #temperature_control.bed.hysteresis 2.0 # set to the temperature in degrees C to use as hysteresis<br /> # when using bang bang</p> <ol> <li>Switch module for fan control</li> </ol> <p>switch.fan.enable false #<br /> switch.fan.input_on_command M106 #<br /> switch.fan.input_off_command M107 #<br /> switch.fan.output_pin 2.6 #<br /> switch.fan.output_type pwm # pwm output settable with S parameter in the input_on_comand<br /> #switch.fan.max_pwm 255 # set max pwm for the pin default is 255</p> <p>#switch.misc.enable true #<br /> #switch.misc.input_on_command M42 #<br /> #switch.misc.input_off_command M43 #<br /> #switch.misc.output_pin 2.4 #<br /> #switch.misc.output_type digital # just an on or off pin</p> <ol> <li>automatically toggle a switch at a specified temperature</li> <li>useful to turn on a fan or water pump to cool the hotend</li> </ol> <p>#temperatureswitch.hotend.enable true #<br /> #temperatureswitch.hotend.type misc # select which MOSFET to use, fan or misc (small MOSFETs)<br /> #temperatureswitch.hotend.threshold_temp 60.0 # temperature to turn on (if rising) or off the switch<br /> #temperatureswitch.hotend.heatup_poll 15 # poll heatup at 15 sec intervals<br /> #temperatureswitch.hotend.cooldown_poll 60 # poll cooldown at 60 sec intervals</p> <ol> <li>Switch module for spindle control</li> </ol> <p>#switch.spindle.enable false #</p> <ol> <li>Endstops</li> </ol> <p>endstops_enable true # the endstop module is enabled by default and can be disabled here<br /> #corexy_homing false # set to true if homing on a hbit or corexy<br /> alpha_min_endstop 1.24^ # add a ! to invert if endstop is NO connected to ground<br /> alpha_max_endstop 1.25^ #<br /> alpha_homing_direction home_to_min # or set to home_to_max and set alpha_max<br /> alpha_min 0 # this gets loaded after homing when home_to_min is set<br /> alpha_max 200 # this gets loaded after homing when home_to_max is set<br /> beta_min_endstop 1.26^ #<br /> beta_max_endstop 1.27^ #<br /> beta_homing_direction home_to_min #<br /> beta_min 0 #<br /> beta_max 300 #<br /> gamma_min_endstop 1.28^ #<br /> gamma_max_endstop 1.29^ #<br /> gamma_homing_direction home_to_min #<br /> gamma_min 0 #<br /> gamma_max 200 #</p> <p>alpha_fast_homing_rate_mm_s 50 # feedrates in mm/second<br /> beta_fast_homing_rate_mm_s 50 # &quot;<br /> gamma_fast_homing_rate_mm_s 3 # &quot;<br /> alpha_slow_homing_rate_mm_s 25 # &quot;<br /> beta_slow_homing_rate_mm_s 25 # &quot;<br /> gamma_slow_homing_rate_mm_s 1 # &quot;</p> <p>alpha_homing_retract_mm 5 # distance in mm<br /> beta_homing_retract_mm 5 # &quot;<br /> gamma_homing_retract_mm 1 # &quot;</p> <p>#endstop_debounce_count 100 # uncomment if you get noise on your endstops</p> <ol> <li>Pause button</li> </ol> <p>pause_button_enable true #</p> <ol> <li>Panel</li> </ol> <p>panel.enable false # set to true to enable the panel code<br /> panel.lcd smoothiepanel # set type of panel also viki_lcd, i2c_lcd is a generic i2c panel, panelolu2<br /> panel.encoder_a_pin 3.25!^ # encoder pin<br /> panel.encoder_b_pin 3.26!^ # encoder pin</p> <ol> <li>Example for reprap discount GLCD</li> <li>on glcd EXP1 is to left and EXP2 is to right, pin 1 is bottom left, pin 2 is top left etc.</li> <li>+5v is EXP1 pin 10, Gnd is EXP1 pin 9</li> </ol> <p>#panel.lcd reprap_discount_glcd #<br /> #panel.spi_channel 0 # spi channel to use ; GLCD EXP1 Pins 3,5 (MOSI, SCLK)<br /> #panel.spi_cs_pin 0.16 # spi chip select ; GLCD EXP1 Pin 4<br /> #panel.encoder_a_pin 3.25!^ # encoder pin ; GLCD EXP2 Pin 3<br /> #panel.encoder_b_pin 3.26!^ # encoder pin ; GLCD EXP2 Pin 5<br /> #panel.click_button_pin 1.30!^ # click button ; GLCD EXP1 Pin 2<br /> #panel.buzz_pin 1.31 # pin for buzzer ; GLCD EXP1 Pin 1<br /> #panel.button_pause_pin 2.11^ # kill/pause ; GLCD EXP2 Pin 8</p> <ol> <li>pins used with other panels</li> </ol> <p>#panel.up_button_pin 0.1! # up button if used<br /> #panel.down_button_pin 0.0! # down button if used<br /> #panel.click_button_pin 0.18! # click button if used</p> <p>panel.menu_offset 0 # some panels will need 1 here</p> <p>panel.alpha_jog_feedrate 6000 # x jogging feedrate in mm/min<br /> panel.beta_jog_feedrate 6000 # y jogging feedrate in mm/min<br /> panel.gamma_jog_feedrate 200 # z jogging feedrate in mm/min</p> <p>panel.hotend_temperature 185 # temp to set hotend when preheat is selected<br /> panel.bed_temperature 60 # temp to set bed when preheat is selected</p> <ol> <li>Example of a custom menu entry, which will show up in the Custom entry.</li> <li>NOTE _ gets converted to space in the menu and commands, | is used to separate multiple commands</li> </ol> <p>custom_menu.power_on.enable true #<br /> custom_menu.power_on.name Power_on #<br /> custom_menu.power_on.command M80 #</p> <p>custom_menu.power_off.enable true #<br /> custom_menu.power_off.name Power_off #<br /> custom_menu.power_off.command M81 #</p> <ol> <li>Only needed on a smoothieboard</li> </ol> <p>currentcontrol_module_enable true #</p> <p>return_error_on_unhandled_gcode false #</p> <ol> <li>network settings</li> </ol> <p>network.enable true # enable the ethernet network services<br /> network.webserver.enable true # enable the webserver<br /> network.telnet.enable true # enable the telnet server<br /> network.ip_address auto # use dhcp to get ip address</p> <ol> <li>uncomment the 3 below to manually setup ip address</li> </ol> <p>network.ip_address 192.168.0.156 # the IP address<br /> network.ip_mask 255.255.255.0 # the ip mask<br /> network.ip_gateway 192.168.0.1 # the gateway address<br /> #network.mac_override xx.xx.xx.xx.xx.xx # override the mac address, only do this if you have a conflict</p> 
				 	]]>
				</content:encoded>							</item>
				</channel>
</rss>