<?xml version="1.0" encoding="UTF-8" ?>
<rss version="2.0" xmlns:content="http://purl.org/rss/1.0/modules/content/" xmlns:wikidot="http://www.wikidot.com/rss-namespace">

	<channel>
		<title>Dual z-axis stepper motors on a Prusa I3</title>
		<link>http://smoothieware.org/forum/t-952555/dual-z-axis-stepper-motors-on-a-prusa-i3</link>
		<description>Posts in the discussion thread &quot;Dual z-axis stepper motors on a Prusa I3&quot; - advice on configuring z-axis stepper motors</description>
				<copyright></copyright>
		<lastBuildDate>Thu, 30 Oct 2014 09:30:08 +0000</lastBuildDate>
		
					<item>
				<guid>http://smoothieware.org/forum/t-952555#post-2079149</guid>
				<title>Re: Dual z-axis stepper motors on a Prusa I3</title>
				<link>http://smoothieware.org/forum/t-952555/dual-z-axis-stepper-motors-on-a-prusa-i3#post-2079149</link>
				<description></description>
				<pubDate>Fri, 01 Aug 2014 17:49:21 +0000</pubDate>
				<wikidot:authorName>SteveRWright</wikidot:authorName>				<wikidot:authorUserId>1893037</wikidot:authorUserId>				<content:encoded>
					<![CDATA[
						 <p>You can also wire the 2 steppers in series. I don't know that much about it but was told that you lose top end speed, but the current will be 1.5&#160;A. Z-axis shouldn't need too much speed anyway. That is how I am building my Ord Bot Hadron, if I ever get it done.</p> 
				 	]]>
				</content:encoded>							</item>
					<item>
				<guid>http://smoothieware.org/forum/t-952555#post-2078752</guid>
				<title>Re: Dual z-axis stepper motors on a Prusa I3</title>
				<link>http://smoothieware.org/forum/t-952555/dual-z-axis-stepper-motors-on-a-prusa-i3#post-2078752</link>
				<description></description>
				<pubDate>Thu, 31 Jul 2014 19:18:57 +0000</pubDate>
				<wikidot:authorName>arthurwolf</wikidot:authorName>				<wikidot:authorUserId>471107</wikidot:authorUserId>				<content:encoded>
					<![CDATA[
						 <p>It would most probably be overkill.<br /> If you choose to use those, put them on the bottom of the board, bellow the drivers. That's how they are supposed to be cooled.</p> 
				 	]]>
				</content:encoded>							</item>
					<item>
				<guid>http://smoothieware.org/forum/t-952555#post-2078748</guid>
				<title>Re: Dual z-axis stepper motors on a Prusa I3</title>
				<link>http://smoothieware.org/forum/t-952555/dual-z-axis-stepper-motors-on-a-prusa-i3#post-2078748</link>
				<description></description>
				<pubDate>Thu, 31 Jul 2014 19:13:36 +0000</pubDate>
				<wikidot:authorName>electronlove</wikidot:authorName>				<wikidot:authorUserId>1941533</wikidot:authorUserId>				<content:encoded>
					<![CDATA[
						 <p>Thanks. I was also looking into getting heatsinks (Ebay has tiny heatsinks listed) to place across the stepper drivers in addition to a cooling fan. Do you think that this may be overkill?</p> 
				 	]]>
				</content:encoded>							</item>
					<item>
				<guid>http://smoothieware.org/forum/t-952555#post-2076360</guid>
				<title>Re: Dual z-axis stepper motors on a Prusa I3</title>
				<link>http://smoothieware.org/forum/t-952555/dual-z-axis-stepper-motors-on-a-prusa-i3#post-2076360</link>
				<description></description>
				<pubDate>Sat, 26 Jul 2014 23:06:09 +0000</pubDate>
				<wikidot:authorName>GrnDragon</wikidot:authorName>				<wikidot:authorUserId>1942188</wikidot:authorUserId>				<content:encoded>
					<![CDATA[
						 <p>Forgot to say I have both steppers wired to one Z-axis driver.</p> 
				 	]]>
				</content:encoded>							</item>
					<item>
				<guid>http://smoothieware.org/forum/t-952555#post-2076358</guid>
				<title>Re: Dual z-axis stepper motors on a Prusa I3</title>
				<link>http://smoothieware.org/forum/t-952555/dual-z-axis-stepper-motors-on-a-prusa-i3#post-2076358</link>
				<description></description>
				<pubDate>Sat, 26 Jul 2014 23:01:00 +0000</pubDate>
				<wikidot:authorName>GrnDragon</wikidot:authorName>				<wikidot:authorUserId>1942188</wikidot:authorUserId>				<content:encoded>
					<![CDATA[
						 <p>I am in the process of setting up a smoothie board on my Prusa i3 as well, so far I am using a max current of 1.25A on the dual Z steppers, without missed steps at a max speed of 200mm/min. also limiting the X and Y Nema 17 steppers to 0.75&#160;A. The steppers I have are Kysan 1124090 rated at a max current of 1.5A. These are the same vaules I was using on a sanguinololu board and successfully printed 32 hour long prints.</p> <p>Have a fan blowing across the drivers to keep them from going into themal shutdown, the smoothie board has very good thermal transferr characteristics.</p> <p>GD</p> 
				 	]]>
				</content:encoded>							</item>
					<item>
				<guid>http://smoothieware.org/forum/t-952555#post-2075871</guid>
				<title>Re: Dual z-axis stepper motors on a Prusa I3</title>
				<link>http://smoothieware.org/forum/t-952555/dual-z-axis-stepper-motors-on-a-prusa-i3#post-2075871</link>
				<description></description>
				<pubDate>Fri, 25 Jul 2014 21:58:47 +0000</pubDate>
				<wikidot:authorName>arthurwolf</wikidot:authorName>				<wikidot:authorUserId>471107</wikidot:authorUserId>				<content:encoded>
					<![CDATA[
						 <p>Hi there !</p> <p>Please take a look here :&nbsp;<a href="http://smoothieware.org/3d-printer-guide#toc20">http://smoothieware.org/3d-printer-guide#toc20</a></p> <p>Tell me if you need anything else.</p> <p>Cheers !</p> 
				 	]]>
				</content:encoded>							</item>
					<item>
				<guid>http://smoothieware.org/forum/t-952555#post-2075632</guid>
				<title>Dual z-axis stepper motors on a Prusa I3</title>
				<link>http://smoothieware.org/forum/t-952555/dual-z-axis-stepper-motors-on-a-prusa-i3#post-2075632</link>
				<description></description>
				<pubDate>Fri, 25 Jul 2014 13:53:42 +0000</pubDate>
				<wikidot:authorName>electronlove</wikidot:authorName>				<wikidot:authorUserId>1941533</wikidot:authorUserId>				<content:encoded>
					<![CDATA[
						 <p>I understand that the max. current for the stepper drivers on the smoothieboard is 2A. I am building a Prusa I3 which uses two NEMA 17 stepper motors on the Z-axis. The stepper motors that I am going to use are 1.5&#160;A each (3A total). How can I wire up the board so that the two steppers are able to work. All of the other stepper drivers are going to be used, e.g. X and Y, and an extruder (and a 2nd extruder at some point later). I am new to this platform and any advice is appreciated</p> 
				 	]]>
				</content:encoded>							</item>
				</channel>
</rss>