<?xml version="1.0" encoding="UTF-8" ?>
<rss version="2.0" xmlns:content="http://purl.org/rss/1.0/modules/content/" xmlns:wikidot="http://www.wikidot.com/rss-namespace">

	<channel>
		<title>Pause button</title>
		<link>http://smoothieware.org/forum/t-957312/pause-button</link>
		<description>Posts in the discussion thread &quot;Pause button&quot; - Mounting pause button off the board</description>
				<copyright></copyright>
		<lastBuildDate>Thu, 30 Oct 2014 09:30:13 +0000</lastBuildDate>
		
					<item>
				<guid>http://smoothieware.org/forum/t-957312#post-2078450</guid>
				<title>Re: Pause button</title>
				<link>http://smoothieware.org/forum/t-957312/pause-button#post-2078450</link>
				<description></description>
				<pubDate>Thu, 31 Jul 2014 07:24:13 +0000</pubDate>
				<wikidot:authorName>wolfmanjm</wikidot:authorName>				<wikidot:authorUserId>1543179</wikidot:authorUserId>				<content:encoded>
					<![CDATA[
						 <p>In my opinion it is better to have a latching ESTOP button that cuts Vbb. Pause is not guaranteed to work in emergencies, and also resuming a paused print is not guaranteed to work very well, it may skip steps or just stall.</p> 
				 	]]>
				</content:encoded>							</item>
					<item>
				<guid>http://smoothieware.org/forum/t-957312#post-2077320</guid>
				<title>Pause button</title>
				<link>http://smoothieware.org/forum/t-957312/pause-button#post-2077320</link>
				<description></description>
				<pubDate>Tue, 29 Jul 2014 02:08:08 +0000</pubDate>
				<wikidot:authorName>cdndave</wikidot:authorName>				<wikidot:authorUserId>1935809</wikidot:authorUserId>				<content:encoded>
					<![CDATA[
						 <p>Hi</p> <p>I'm building a CNC and planning on using the smoothie to control it.</p> <p>I would like to mount the pause button within easy reach - does anyone have some advice to offer on how I could wire this?</p> <p>Thanks</p> 
				 	]]>
				</content:encoded>							</item>
				</channel>
</rss>