<?xml version="1.0" encoding="UTF-8" ?>
<rss version="2.0" xmlns:content="http://purl.org/rss/1.0/modules/content/" xmlns:wikidot="http://www.wikidot.com/rss-namespace">

	<channel>
		<title>setting up Mini X5 , first time</title>
		<link>http://smoothieware.org/forum/t-956456/setting-up-mini-x5-first-time</link>
		<description>Posts in the discussion thread &quot;setting up Mini X5 , first time&quot; - homing and  end stop settings</description>
				<copyright></copyright>
		<lastBuildDate>Thu, 30 Oct 2014 09:30:12 +0000</lastBuildDate>
		
					<item>
				<guid>http://smoothieware.org/forum/t-956456#post-2078452</guid>
				<title>Re: setting up Mini X5 , first time</title>
				<link>http://smoothieware.org/forum/t-956456/setting-up-mini-x5-first-time#post-2078452</link>
				<description></description>
				<pubDate>Thu, 31 Jul 2014 07:26:28 +0000</pubDate>
				<wikidot:authorName>wolfmanjm</wikidot:authorName>				<wikidot:authorUserId>1543179</wikidot:authorUserId>				<content:encoded>
					<![CDATA[
						 <p>As repetier host is closed source, it is not 100% supported in Smoothie and probably never will be. I suspect the two non functioning features youi mention are part of that.</p> <p>I recommend printrun/pronterface, it works well and is open source so incompatibilities can be fixed.</p> 
				 	]]>
				</content:encoded>							</item>
					<item>
				<guid>http://smoothieware.org/forum/t-956456#post-2076859</guid>
				<title>setting up Mini X5 , first time</title>
				<link>http://smoothieware.org/forum/t-956456/setting-up-mini-x5-first-time#post-2076859</link>
				<description></description>
				<pubDate>Mon, 28 Jul 2014 01:39:19 +0000</pubDate>
				<wikidot:authorName>Danny D</wikidot:authorName>				<wikidot:authorUserId>1939753</wikidot:authorUserId>				<content:encoded>
					<![CDATA[
						 <p>I'm just setting up my Mini X5 board for the first time ,and trying to switch over from Repetier .<br /> I'm running Repetier with my minix5 and I was wondering why I don't have control over the feedrate and flow rate slider?</p> 
				 	]]>
				</content:encoded>							</item>
				</channel>
</rss>