<?xml version="1.0" encoding="UTF-8" ?>
<rss version="2.0" xmlns:content="http://purl.org/rss/1.0/modules/content/" xmlns:wikidot="http://www.wikidot.com/rss-namespace">

	<channel>
		<title>LED pwm pins to drive mosfets</title>
		<link>http://smoothieware.org/forum/t-982387/led-pwm-pins-to-drive-mosfets</link>
		<description>Posts in the discussion thread &quot;LED pwm pins to drive mosfets&quot; - add external MOSFETS to LED1,3,4 pwm pins exposed headers of smoothieboard</description>
				<copyright></copyright>
		<lastBuildDate>Thu, 30 Oct 2014 09:29:16 +0000</lastBuildDate>
		
					<item>
				<guid>http://smoothieware.org/forum/t-982387#post-2105363</guid>
				<title>Re: LED pwm pins to drive mosfets</title>
				<link>http://smoothieware.org/forum/t-982387/led-pwm-pins-to-drive-mosfets#post-2105363</link>
				<description></description>
				<pubDate>Mon, 08 Sep 2014 19:37:43 +0000</pubDate>
				<wikidot:authorName>arthurwolf</wikidot:authorName>				<wikidot:authorUserId>471107</wikidot:authorUserId>				<content:encoded>
					<![CDATA[
						 <p>Hi.</p> <p>You can use other pins for this, and use the LED pins as inputs instead, this should solve your problem.</p> <p>Cheers.</p> 
				 	]]>
				</content:encoded>							</item>
					<item>
				<guid>http://smoothieware.org/forum/t-982387#post-2099689</guid>
				<title>Re: LED pwm pins to drive mosfets</title>
				<link>http://smoothieware.org/forum/t-982387/led-pwm-pins-to-drive-mosfets#post-2099689</link>
				<description></description>
				<pubDate>Sat, 30 Aug 2014 13:23:31 +0000</pubDate>
				<wikidot:authorName>Jittu Singh</wikidot:authorName>				<wikidot:authorUserId>1952835</wikidot:authorUserId>				<content:encoded>
					<![CDATA[
						 <p>yes it helped but initially when the bootloader is active it continuously flashes leds for some time this causes the heaters to switch on off</p> 
				 	]]>
				</content:encoded>							</item>
					<item>
				<guid>http://smoothieware.org/forum/t-982387#post-2087405</guid>
				<title>Re: LED pwm pins to drive mosfets</title>
				<link>http://smoothieware.org/forum/t-982387/led-pwm-pins-to-drive-mosfets#post-2087405</link>
				<description></description>
				<pubDate>Tue, 12 Aug 2014 21:17:51 +0000</pubDate>
				<wikidot:authorName>arthurwolf</wikidot:authorName>				<wikidot:authorUserId>471107</wikidot:authorUserId>				<content:encoded>
					<![CDATA[
						 <p>You can by uncommenting the following line in the configuration file :</p> <p><a href="https://github.com/Smoothieware/Smoothieware/blob/edge/ConfigSamples/Smoothieboard/config#L61">https://github.com/Smoothieware/Smoothieware/blob/edge/ConfigSamples/Smoothieboard/config#L61</a></p> 
				 	]]>
				</content:encoded>							</item>
					<item>
				<guid>http://smoothieware.org/forum/t-982387#post-2087381</guid>
				<title>LED pwm pins to drive mosfets</title>
				<link>http://smoothieware.org/forum/t-982387/led-pwm-pins-to-drive-mosfets#post-2087381</link>
				<description></description>
				<pubDate>Tue, 12 Aug 2014 20:43:52 +0000</pubDate>
				<wikidot:authorName>Jittu Singh</wikidot:authorName>				<wikidot:authorUserId>1952835</wikidot:authorUserId>				<content:encoded>
					<![CDATA[
						 <p>I want to add external MOSFETS to LED1,3,4 pwm pins exposed headers of smoothieboard but these pins are used for status indication in smoothie is there any way to disable the status indication feature and use these pins as pwm</p> 
				 	]]>
				</content:encoded>							</item>
				</channel>
</rss>