<?xml version="1.0" encoding="UTF-8" ?>
<rss version="2.0" xmlns:content="http://purl.org/rss/1.0/modules/content/" xmlns:wikidot="http://www.wikidot.com/rss-namespace">

	<channel>
		<title>Network access</title>
		<link>http://smoothieware.org/forum/t-980085/network-access</link>
		<description>Posts in the discussion thread &quot;Network access&quot;</description>
				<copyright></copyright>
		<lastBuildDate>Thu, 30 Oct 2014 09:30:04 +0000</lastBuildDate>
		
					<item>
				<guid>http://smoothieware.org/forum/t-980085#post-2087090</guid>
				<title>Re: Network access</title>
				<link>http://smoothieware.org/forum/t-980085/network-access#post-2087090</link>
				<description></description>
				<pubDate>Tue, 12 Aug 2014 14:04:18 +0000</pubDate>
				<wikidot:authorName>arthurwolf</wikidot:authorName>				<wikidot:authorUserId>471107</wikidot:authorUserId>				<content:encoded>
					<![CDATA[
						 <p>Everybody's problems are solved, yay !</p> <p>Have fun with your boards :)</p> 
				 	]]>
				</content:encoded>							</item>
					<item>
				<guid>http://smoothieware.org/forum/t-980085#post-2087088</guid>
				<title>Re: Network access</title>
				<link>http://smoothieware.org/forum/t-980085/network-access#post-2087088</link>
				<description></description>
				<pubDate>Tue, 12 Aug 2014 14:02:24 +0000</pubDate>
				<wikidot:authorName>JQuaresma</wikidot:authorName>				<wikidot:authorUserId>1951986</wikidot:authorUserId>				<content:encoded>
					<![CDATA[
						 <p>Hello,</p> <p>problem solved, I haven't uncommented the lines in config file, now it works.</p> <p>Thanks.</p> 
				 	]]>
				</content:encoded>							</item>
					<item>
				<guid>http://smoothieware.org/forum/t-980085#post-2087078</guid>
				<title>Re: Network access</title>
				<link>http://smoothieware.org/forum/t-980085/network-access#post-2087078</link>
				<description></description>
				<pubDate>Tue, 12 Aug 2014 13:56:45 +0000</pubDate>
				<wikidot:authorName>tailgunner30uk</wikidot:authorName>				<wikidot:authorUserId>1893087</wikidot:authorUserId>				<content:encoded>
					<![CDATA[
						 <p>Yup, that was it, a little slow for the smoothieboard to respond, but it connects ok.</p> <p>Thanks, I must have removed it and relied on the other values being true/false when configuring it.</p> <p>Ah well ce'st la vie.</p> 
				 	]]>
				</content:encoded>							</item>
					<item>
				<guid>http://smoothieware.org/forum/t-980085#post-2087054</guid>
				<title>Re: Network access</title>
				<link>http://smoothieware.org/forum/t-980085/network-access#post-2087054</link>
				<description></description>
				<pubDate>Tue, 12 Aug 2014 13:30:12 +0000</pubDate>
				<wikidot:authorName>arthurwolf</wikidot:authorName>				<wikidot:authorUserId>471107</wikidot:authorUserId>				<content:encoded>
					<![CDATA[
						 <p>network.ip_address should be set to &quot;auto&quot;, not &quot;true&quot;</p> <p>Can you try with this fixed ?</p> <p>Cheers.</p> 
				 	]]>
				</content:encoded>							</item>
					<item>
				<guid>http://smoothieware.org/forum/t-980085#post-2087043</guid>
				<title>Re: Network access</title>
				<link>http://smoothieware.org/forum/t-980085/network-access#post-2087043</link>
				<description></description>
				<pubDate>Tue, 12 Aug 2014 13:14:30 +0000</pubDate>
				<wikidot:authorName>tailgunner30uk</wikidot:authorName>				<wikidot:authorUserId>1893087</wikidot:authorUserId>				<content:encoded>
					<![CDATA[
						 <p>Hi, I am having the same problem, I ordered the connector from ROBOSEED, installed it along with the voltage regulator.</p> <p>When testing, the board does not connect to the network.</p> <p>The config file was amended for the network connection, and both manual IP and DHCP were tested without success.</p> <p>The connection is never established. Slow flashing LEDs at the network connector.</p> <p>I checked my soldering of the connector, checked the configuration for network settings without success.</p> <blockquote> <p>#network settings<br /> network.enable true # enable the ethernet network services<br /> network.webserver.enable true # enable the webserver<br /> network.telnet.enable true # enable the telnet server<br /> network.ip_address true # use dhcp to get ip address<br /> #uncomment the 3 below to manually setup ip address<br /> #network.ip_address 192.168.0.20 # the IP address<br /> #network.ip_mask 255.255.255.0 # the ip mask<br /> #network.ip_gateway 192.168.0.1 # the gateway address<br /> #network.mac_override xx.xx.xx.xx.xx.xx # override the mac address, only do this if you have a conflict</p> </blockquote> <p>Am I missing something.</p> 
				 	]]>
				</content:encoded>							</item>
					<item>
				<guid>http://smoothieware.org/forum/t-980085#post-2086247</guid>
				<title>Re: Network access</title>
				<link>http://smoothieware.org/forum/t-980085/network-access#post-2086247</link>
				<description></description>
				<pubDate>Mon, 11 Aug 2014 16:17:15 +0000</pubDate>
				<wikidot:authorName>arthurwolf</wikidot:authorName>				<wikidot:authorUserId>471107</wikidot:authorUserId>				<content:encoded>
					<![CDATA[
						 <p>No the USB&nbsp;cable should be enough.</p> <p>What does the &quot;net&quot; command answer over serial, and did you enable network in the config file ?</p> 
				 	]]>
				</content:encoded>							</item>
					<item>
				<guid>http://smoothieware.org/forum/t-980085#post-2086220</guid>
				<title>Network access</title>
				<link>http://smoothieware.org/forum/t-980085/network-access#post-2086220</link>
				<description></description>
				<pubDate>Mon, 11 Aug 2014 15:32:23 +0000</pubDate>
				<wikidot:authorName>JQuaresma</wikidot:authorName>				<wikidot:authorUserId>1951986</wikidot:authorUserId>				<content:encoded>
					<![CDATA[
						 <p>Hello,</p> <p>I have the smoothieboard 4x, and I have installed the RJ45 connector that came with the board.<br /> Yesterday I was trying to access the Webserver, its not possible.</p> <p>I have only the USB and the RJ45 cable connected, is necessary to connect the VBBin (power supply), to make the network work?</p> <p>Best regards.</p> 
				 	]]>
				</content:encoded>							</item>
				</channel>
</rss>