<?xml version="1.0" encoding="UTF-8" ?>
<rss version="2.0" xmlns:content="http://purl.org/rss/1.0/modules/content/" xmlns:wikidot="http://www.wikidot.com/rss-namespace">

	<channel>
		<title>(Kossel) Alpha axis crashes into end stop AFTER successful homing</title>
		<link>http://smoothieware.org/forum/t-980195/kossel-alpha-axis-crashes-into-end-stop-after-successful-hom</link>
		<description>Posts in the discussion thread &quot;(Kossel) Alpha axis crashes into end stop AFTER successful homing&quot;</description>
				<copyright></copyright>
		<lastBuildDate>Thu, 30 Oct 2014 09:27:37 +0000</lastBuildDate>
		
					<item>
				<guid>http://smoothieware.org/forum/t-980195#post-2120056</guid>
				<title>Re: (Kossel) Alpha axis crashes into end stop AFTER successful homing</title>
				<link>http://smoothieware.org/forum/t-980195/kossel-alpha-axis-crashes-into-end-stop-after-successful-hom#post-2120056</link>
				<description></description>
				<pubDate>Sun, 28 Sep 2014 02:24:01 +0000</pubDate>
				<wikidot:authorName>wolfmanjm</wikidot:authorName>				<wikidot:authorUserId>1543179</wikidot:authorUserId>				<content:encoded>
					<![CDATA[
						 <p>I did say a while back if you scroll back that you DO NOT SET limit switches on for a delta for any reason.</p> 
				 	]]>
				</content:encoded>							</item>
					<item>
				<guid>http://smoothieware.org/forum/t-980195#post-2115856</guid>
				<title>Re: (Kossel) Alpha axis crashes into end stop AFTER successful homing</title>
				<link>http://smoothieware.org/forum/t-980195/kossel-alpha-axis-crashes-into-end-stop-after-successful-hom#post-2115856</link>
				<description></description>
				<pubDate>Mon, 22 Sep 2014 18:37:45 +0000</pubDate>
				<wikidot:authorName>arthurwolf</wikidot:authorName>				<wikidot:authorUserId>471107</wikidot:authorUserId>				<content:encoded>
					<![CDATA[
						 <p>Did you ever solve this ?</p> <p>Cheers.</p> 
				 	]]>
				</content:encoded>							</item>
					<item>
				<guid>http://smoothieware.org/forum/t-980195#post-2092108</guid>
				<title>Re: Alpha axis crashes into end stop AFTER successful homing</title>
				<link>http://smoothieware.org/forum/t-980195/kossel-alpha-axis-crashes-into-end-stop-after-successful-hom#post-2092108</link>
				<description></description>
				<pubDate>Tue, 19 Aug 2014 01:20:10 +0000</pubDate>
				<wikidot:authorName>wolfmanjm</wikidot:authorName>				<wikidot:authorUserId>1543179</wikidot:authorUserId>				<content:encoded>
					<![CDATA[
						 <p>FYI the limit enable should NEVER be enabled for a delta.</p> 
				 	]]>
				</content:encoded>							</item>
					<item>
				<guid>http://smoothieware.org/forum/t-980195#post-2087310</guid>
				<title>Re: (Kossel) Alpha axis crashes into end stop AFTER successful homing</title>
				<link>http://smoothieware.org/forum/t-980195/kossel-alpha-axis-crashes-into-end-stop-after-successful-hom#post-2087310</link>
				<description></description>
				<pubDate>Tue, 12 Aug 2014 18:44:37 +0000</pubDate>
				<wikidot:authorName>gorms</wikidot:authorName>				<wikidot:authorUserId>1952060</wikidot:authorUserId>				<content:encoded>
					<![CDATA[
						 <p>I'll give that a shot, thanks. If it doesn't work, at least I know they were not originally meant to be limits and I have it working as intended at this point.</p> 
				 	]]>
				</content:encoded>							</item>
					<item>
				<guid>http://smoothieware.org/forum/t-980195#post-2087292</guid>
				<title>Re: (Kossel) Alpha axis crashes into end stop AFTER successful homing</title>
				<link>http://smoothieware.org/forum/t-980195/kossel-alpha-axis-crashes-into-end-stop-after-successful-hom#post-2087292</link>
				<description></description>
				<pubDate>Tue, 12 Aug 2014 18:22:05 +0000</pubDate>
				<wikidot:authorName>tailgunner30uk</wikidot:authorName>				<wikidot:authorUserId>1893087</wikidot:authorUserId>				<content:encoded>
					<![CDATA[
						 <p>I think you would need to use nc rather than 0, as using a value might be interprested as a GPIO pin, which would be at ground or floating, and therefore could cause unpredictable results.</p> <blockquote> <p><strong>gamma_limit_enable true</strong> # set to true to enable Z min and max limit switches</p> </blockquote> <blockquote> <p><strong>gamma_min_endstop nc</strong> #</p> </blockquote> <blockquote> <p>gamma_max_endstop 1.28^! #<br /> gamma_homing_direction home_to_max #<br /> gamma_max 422.38 #</p> </blockquote> <p>I believe it would be configured in this manner. Alpha and beta axes would be configured similarly.</p> 
				 	]]>
				</content:encoded>							</item>
					<item>
				<guid>http://smoothieware.org/forum/t-980195#post-2087273</guid>
				<title>Re: (Kossel) Alpha axis crashes into end stop AFTER successful homing</title>
				<link>http://smoothieware.org/forum/t-980195/kossel-alpha-axis-crashes-into-end-stop-after-successful-hom#post-2087273</link>
				<description></description>
				<pubDate>Tue, 12 Aug 2014 18:03:15 +0000</pubDate>
				<wikidot:authorName>gorms</wikidot:authorName>				<wikidot:authorUserId>1952060</wikidot:authorUserId>				<content:encoded>
					<![CDATA[
						 <p>Very helpful; thanks so much. So how do I enable limit switches within the config file? I tried adding &quot;alpha_limit enable, beta_limit_enable, gamma_limit_enable&quot; in addition to the &quot;endstops_enable&quot; but it went back to doing what I explained in the first post (one carriage crashes into endstop after homing and backs off only a little). I have seen examples of other config files that are like yours having alpha_min_enstop set to nc while mine is set to 0. I will try changing this.</p> <p>I would like the added safety of having them also set to limits. I am aware of the reset thats required when they are activated (or press play and risk crashing). This was the case when I tried what I explained in my first post. They successfully stopped the machine when i manually clicked it and gave the message that a limit was hit. Thats what I want.</p> 
				 	]]>
				</content:encoded>							</item>
					<item>
				<guid>http://smoothieware.org/forum/t-980195#post-2087255</guid>
				<title>Re: (Kossel) Alpha axis crashes into end stop AFTER successful homing</title>
				<link>http://smoothieware.org/forum/t-980195/kossel-alpha-axis-crashes-into-end-stop-after-successful-hom#post-2087255</link>
				<description></description>
				<pubDate>Tue, 12 Aug 2014 17:50:08 +0000</pubDate>
				<wikidot:authorName>tailgunner30uk</wikidot:authorName>				<wikidot:authorUserId>1893087</wikidot:authorUserId>				<content:encoded>
					<![CDATA[
						 <p>Glad to hear that things are moving along.</p> <p>As supplied, the endstops are only configured as home switches, in effect, once triggered, you can manually step, or drive the head past them. If you configure them as limit switches then you cannot step past them once triggered. A caveat, you can resume the program (play), however the carriage that triggered the limit, will continue on through the limit switch, also, all endstops will be disabled at this point, until the printer is reset. If you enable an axis with limit switches, you also need to ensure that the axis-minimum is set to NC to avoid a false trigger of the limit as the carriage is backed off the switch.</p> <p>I have not used the limit option, rather, as I use hall effect end stops, I mounted some dense foam on each carriage to prevent crashes if I override the endstop, including by hand.</p> <p>I hope this is of some help.</p> 
				 	]]>
				</content:encoded>							</item>
					<item>
				<guid>http://smoothieware.org/forum/t-980195#post-2087145</guid>
				<title>Re: (Kossel) Alpha axis crashes into end stop AFTER successful homing</title>
				<link>http://smoothieware.org/forum/t-980195/kossel-alpha-axis-crashes-into-end-stop-after-successful-hom#post-2087145</link>
				<description></description>
				<pubDate>Tue, 12 Aug 2014 15:14:21 +0000</pubDate>
				<wikidot:authorName>gorms</wikidot:authorName>				<wikidot:authorUserId>1952060</wikidot:authorUserId>				<content:encoded>
					<![CDATA[
						 <p>Thanks for the reply. I am having some success. I originally changed the &quot;endstops_enable true&quot; to &quot;alpha_limit_enable, beta_limit_enable, gamma_limit_enable&quot; because I could not manually cause any motor to stop by manually clicking the limit switch. I figured they were not working and I did not want to crash the machine. Last night I reloaded the original config with the &quot;endstops_enable&quot; in the code and hit home, and sure enough it homed exactly as it should. M119 returns the correct status of each limit switch as open or closed as I manually close them. So, the standard config file works with my switches for homing.</p> <p>However, the limit switches will not prevent a crash. It will home to them but I can manually jog each carriage right into the end stop (crash) after the switches activate. These are supposed t prevent over travel in Z and not just work for homing correct???</p> 
				 	]]>
				</content:encoded>							</item>
					<item>
				<guid>http://smoothieware.org/forum/t-980195#post-2087059</guid>
				<title>Re: (Kossel) Alpha axis crashes into end stop AFTER successful homing</title>
				<link>http://smoothieware.org/forum/t-980195/kossel-alpha-axis-crashes-into-end-stop-after-successful-hom#post-2087059</link>
				<description></description>
				<pubDate>Tue, 12 Aug 2014 13:36:44 +0000</pubDate>
				<wikidot:authorName>tailgunner30uk</wikidot:authorName>				<wikidot:authorUserId>1893087</wikidot:authorUserId>				<content:encoded>
					<![CDATA[
						 <p>I do not know if this will help, but here is the endstop part of the config file for my Rostock, it should be similar. Please note however that rather than solder connections for the max endstops, I switched the GPIO ports and used the pre-soldered min endstop connectors.</p> <blockquote> <ol> <li>Endstops</li> </ol> <p>endstops_enable true # the endstop module is enabled by default and can be disabled here<br /> delta_homing true # forces all three axis to home a the same time regardless of<br /> # what is specified in G28<br /> alpha_min_endstop nc #<br /> alpha_max_endstop 1.24^! # add ! to invert pullup if switch is NO to ground<br /> alpha_homing_direction home_to_max # Home up<br /> alpha_max 0 #<br /> beta_min_endstop nc #<br /> beta_max_endstop 1.26^! #<br /> beta_homing_direction home_to_max #<br /> beta_max 0 #<br /> gamma_min_endstop nc #<br /> gamma_max_endstop 1.28^! #<br /> gamma_homing_direction home_to_max #<br /> gamma_max 422.38 #</p> </blockquote> 
				 	]]>
				</content:encoded>							</item>
					<item>
				<guid>http://smoothieware.org/forum/t-980195#post-2086284</guid>
				<title>Alpha axis crashes into end stop AFTER successful homing</title>
				<link>http://smoothieware.org/forum/t-980195/kossel-alpha-axis-crashes-into-end-stop-after-successful-hom#post-2086284</link>
				<description></description>
				<pubDate>Mon, 11 Aug 2014 17:26:31 +0000</pubDate>
				<wikidot:authorName>gorms</wikidot:authorName>				<wikidot:authorUserId>1952060</wikidot:authorUserId>				<content:encoded>
					<![CDATA[
						 <p>I have an odd issue that I can't seem to resolve. Working with a Kossel mini with an Azteeg X5 mini and Repeteir. When homing the axes, all three carriages move quickly to the limit switches until they are activated. They then move down slowly (completely disengaging the limit switches) and then move up slowly to click them again. once they get clicked again, beta and gamma carriages retract away from the limit switch successfully. However the alpha carriage continues up into the limit switch, crashing and then moves away some but not has far as the others.</p> <p>Its as though the command for the alpha motor is instead of moving 10mm away from the switch after homing, it is being told to move 5mm up and then 5mm away. After this crash, beta and gamma are left about the same distance form the end stops and alpha remains much closer to its end stop.</p> <p>I swapped limit switches and motors as wiring into the Azteeg and see that the problem follows the alpa motor output on the board (not an issue with the limit switch or the motor)</p> <p>I will add that the only changes i made to the config file were:</p> <p>Change &quot;endstop_limit_enable true&quot; to &quot;alph_limit_enable true, beta_limit_enable true, gamma_limit_enable true&quot; . This was the only was to get the end stops working<br /> Changed the homing fast speed and slow speed to something slower so I could see what was happening<br /> Change the retract distance after endstop from 5mm to 15mm to make sure I was completely disengaging the limit switches.</p> 
				 	]]>
				</content:encoded>							</item>
				</channel>
</rss>