<?xml version="1.0" encoding="UTF-8" ?>
<rss version="2.0" xmlns:content="http://purl.org/rss/1.0/modules/content/" xmlns:wikidot="http://www.wikidot.com/rss-namespace">

	<channel>
		<title>EndStop causes crashes</title>
		<link>http://smoothieware.org/forum/t-982628/endstop-causes-crashes</link>
		<description>Posts in the discussion thread &quot;EndStop causes crashes&quot;</description>
				<copyright></copyright>
		<lastBuildDate>Thu, 30 Oct 2014 09:29:49 +0000</lastBuildDate>
		
					<item>
				<guid>http://smoothieware.org/forum/t-982628#post-2092105</guid>
				<title>Re: EndStop causes crashes</title>
				<link>http://smoothieware.org/forum/t-982628/endstop-causes-crashes#post-2092105</link>
				<description></description>
				<pubDate>Tue, 19 Aug 2014 01:15:16 +0000</pubDate>
				<wikidot:authorName>wolfmanjm</wikidot:authorName>				<wikidot:authorUserId>1543179</wikidot:authorUserId>				<content:encoded>
					<![CDATA[
						 <p>This is usually caused by the switch being wired to gnd and +5v, so when the switch triggers it shorts the power supply, causing your crash.</p> 
				 	]]>
				</content:encoded>							</item>
					<item>
				<guid>http://smoothieware.org/forum/t-982628#post-2088456</guid>
				<title>Re: EndStop causes crashes</title>
				<link>http://smoothieware.org/forum/t-982628/endstop-causes-crashes#post-2088456</link>
				<description></description>
				<pubDate>Thu, 14 Aug 2014 05:10:05 +0000</pubDate>
				<wikidot:authorName>GlennBeer</wikidot:authorName>				<wikidot:authorUserId>1739384</wikidot:authorUserId>				<content:encoded>
					<![CDATA[
						 <p>Check your config against the sample delta config in the git repo.</p> <p><a href="https://github.com/Smoothieware/Smoothieware/blob/edge/ConfigSamples/Smoothieboard.delta/config">https://github.com/Smoothieware/Smoothieware/blob/edge/ConfigSamples/Smoothieboard.delta/config</a> &#171; for smoothieboard.</p> <p>and</p> <p><a href="https://github.com/Smoothieware/Smoothieware/blob/edge/ConfigSamples/AzteegX5Mini.delta/config">https://github.com/Smoothieware/Smoothieware/blob/edge/ConfigSamples/AzteegX5Mini.delta/config</a> if you are using an AzteegX5.</p> 
				 	]]>
				</content:encoded>							</item>
					<item>
				<guid>http://smoothieware.org/forum/t-982628#post-2087745</guid>
				<title>Re: EndStop causes crashes</title>
				<link>http://smoothieware.org/forum/t-982628/endstop-causes-crashes#post-2087745</link>
				<description></description>
				<pubDate>Wed, 13 Aug 2014 07:09:36 +0000</pubDate>
				<wikidot:authorName>Jason Crowe</wikidot:authorName>				<wikidot:authorUserId>1952888</wikidot:authorUserId>				<content:encoded>
					<![CDATA[
						 <p>Hi, Thanks for that, I guess I'm looking for what the pin assignment is for this particular endstop so I can check I have it wired right.<br /> Cheers<br /> Jason</p> 
				 	]]>
				</content:encoded>							</item>
					<item>
				<guid>http://smoothieware.org/forum/t-982628#post-2087548</guid>
				<title>Re: EndStop causes crashes</title>
				<link>http://smoothieware.org/forum/t-982628/endstop-causes-crashes#post-2087548</link>
				<description></description>
				<pubDate>Wed, 13 Aug 2014 00:03:15 +0000</pubDate>
				<wikidot:authorName>gorms</wikidot:authorName>				<wikidot:authorUserId>1952060</wikidot:authorUserId>				<content:encoded>
					<![CDATA[
						 <p>Im brand new at this but may be able to help. Also take a look at the documentation on this site regarding end stop wiring. Use the NC (normally closed) and C (common) pins on the limit switches and wire signal on the smoothie board to C on the switch and Ground to NC. With this configuration, the standard config settings in config.txt should work.</p> <p>My Mac will she down immediately sometimes if I hit reset without unmounting the drive (right click &gt; eject). It sounds like your board may be reseting or shutting down causing the smooth board to be disconnected without properly ejecting.</p> 
				 	]]>
				</content:encoded>							</item>
					<item>
				<guid>http://smoothieware.org/forum/t-982628#post-2087530</guid>
				<title>EndStop causes crashes</title>
				<link>http://smoothieware.org/forum/t-982628/endstop-causes-crashes#post-2087530</link>
				<description></description>
				<pubDate>Tue, 12 Aug 2014 23:25:10 +0000</pubDate>
				<wikidot:authorName>Jason Crowe</wikidot:authorName>				<wikidot:authorUserId>1952888</wikidot:authorUserId>				<content:encoded>
					<![CDATA[
						 <p>Hi All, I'm wiring up my new big Delta 3D Printer, and I now have the steppers working but when they hit the end stop it causes the serial port to disconnect and sometimes even crashes my macbook which I'm running it with! I'm using geeetech mechanical end stops, which I can't find any documentation regarding pin assignments. Could my problem be incorrect wiring or something else, and does anyone know the correct pin assignment for these endstops? Cheers Jason</p> 
				 	]]>
				</content:encoded>							</item>
				</channel>
</rss>