<?xml version="1.0" encoding="UTF-8" ?>
<rss version="2.0" xmlns:content="http://purl.org/rss/1.0/modules/content/" xmlns:wikidot="http://www.wikidot.com/rss-namespace">

	<channel>
		<title>P2.7 and P2.5 not receiving voltage</title>
		<link>http://smoothieware.org/forum/t-990323/p2-7-and-p2-5-not-receiving-voltage</link>
		<description>Posts in the discussion thread &quot;P2.7 and P2.5 not receiving voltage&quot;</description>
				<copyright></copyright>
		<lastBuildDate>Thu, 30 Oct 2014 09:27:45 +0000</lastBuildDate>
		
					<item>
				<guid>http://smoothieware.org/forum/t-990323#post-2110490</guid>
				<title>Re: P2.7 and P2.5 not receiving voltage</title>
				<link>http://smoothieware.org/forum/t-990323/p2-7-and-p2-5-not-receiving-voltage#post-2110490</link>
				<description></description>
				<pubDate>Mon, 15 Sep 2014 20:46:15 +0000</pubDate>
				<wikidot:authorName>stapldm</wikidot:authorName>				<wikidot:authorUserId>1977123</wikidot:authorUserId>				<content:encoded>
					<![CDATA[
						 <p>Can I just check that you did as Tailgunner suggested and checked the polarity at the power input to the board? The + and - on each of the power connectors chop and change position, and the power input has +ve on the left on P-IN when looking at that edge of the board with the big mosfets on top.</p> 
				 	]]>
				</content:encoded>							</item>
					<item>
				<guid>http://smoothieware.org/forum/t-990323#post-2108648</guid>
				<title>Re: P2.7 and P2.5 not receiving voltage</title>
				<link>http://smoothieware.org/forum/t-990323/p2-7-and-p2-5-not-receiving-voltage#post-2108648</link>
				<description></description>
				<pubDate>Fri, 12 Sep 2014 23:36:40 +0000</pubDate>
				<wikidot:authorName>mhuber247</wikidot:authorName>				<wikidot:authorUserId>1939239</wikidot:authorUserId>				<content:encoded>
					<![CDATA[
						 <p>Good afternoon Arthurwolf22,</p> <p>I had attempted to make contact through the Kickstarter site, but have yet to hear anything. If I provide the email attached to the profile that funded through Kickstarter&#8212; do you think you could reach out to establish a channel of communication?</p> <p>Thanks for your time!</p> 
				 	]]>
				</content:encoded>							</item>
					<item>
				<guid>http://smoothieware.org/forum/t-990323#post-2095014</guid>
				<title>Re: P2.7 and P2.5 not receiving voltage</title>
				<link>http://smoothieware.org/forum/t-990323/p2-7-and-p2-5-not-receiving-voltage#post-2095014</link>
				<description></description>
				<pubDate>Fri, 22 Aug 2014 22:15:14 +0000</pubDate>
				<wikidot:authorName>arthurwolf</wikidot:authorName>				<wikidot:authorUserId>471107</wikidot:authorUserId>				<content:encoded>
					<![CDATA[
						 <p>Hi !</p> <p>Can you contact whomever sold you the board ( that's me or Logxen ) and explain the problem, you -may- have a bad board ( though both mosfets being bad at the same time sounds strange. also we do test the boards before shipping ).</p> <p>We'll figure this out.</p> <p>Cheers.</p> 
				 	]]>
				</content:encoded>							</item>
					<item>
				<guid>http://smoothieware.org/forum/t-990323#post-2094957</guid>
				<title>Re: P2.7 and P2.5 not receiving voltage</title>
				<link>http://smoothieware.org/forum/t-990323/p2-7-and-p2-5-not-receiving-voltage#post-2094957</link>
				<description></description>
				<pubDate>Fri, 22 Aug 2014 20:02:48 +0000</pubDate>
				<wikidot:authorName>mhuber247</wikidot:authorName>				<wikidot:authorUserId>1939239</wikidot:authorUserId>				<content:encoded>
					<![CDATA[
						 <p>Ok, I have Flashed to the latest edge with an updated config, and made sure the PQS was not 64 (now 32). Unfortunately, I am still not getting anything. I am running Windows 8.1 as a virtual machine using Parallels software for a Mac. How can I confirm the config is being read properly. Prior to this issue I had to invert my x-axis.. This worked when I adjusted the config. Based on that I would assume the config is being read properly. Once again, the LEDs associated with the Mosfets do not light up. Should they when they are in use? PWR_IN still shows voltage directly connected to the PSU</p> 
				 	]]>
				</content:encoded>							</item>
					<item>
				<guid>http://smoothieware.org/forum/t-990323#post-2092267</guid>
				<title>Re: P2.7 and P2.5 not receiving voltage</title>
				<link>http://smoothieware.org/forum/t-990323/p2-7-and-p2-5-not-receiving-voltage#post-2092267</link>
				<description></description>
				<pubDate>Tue, 19 Aug 2014 08:05:16 +0000</pubDate>
				<wikidot:authorName>wolfmanjm</wikidot:authorName>				<wikidot:authorUserId>1543179</wikidot:authorUserId>				<content:encoded>
					<![CDATA[
						 <p>Make sure you are using the latest edge, and that you use the config from that branch&#8230; your config looks very old, and planner_queue_size should not be set to 64.<br /> I suspect your config is not correct or not being read because if the config enables the temperature_cintrol then M303 will output something. if the temp control is not enabled then M303 would be ignored.</p> 
				 	]]>
				</content:encoded>							</item>
					<item>
				<guid>http://smoothieware.org/forum/t-990323#post-2092142</guid>
				<title>Re: P2.7 and P2.5 not receiving voltage</title>
				<link>http://smoothieware.org/forum/t-990323/p2-7-and-p2-5-not-receiving-voltage#post-2092142</link>
				<description></description>
				<pubDate>Tue, 19 Aug 2014 02:47:03 +0000</pubDate>
				<wikidot:authorName>mhuber247</wikidot:authorName>				<wikidot:authorUserId>1939239</wikidot:authorUserId>				<content:encoded>
					<![CDATA[
						 <p>All looks to be enabled. I did notice the LEDs associated with the Mosfets do NOT light up when commands are sent. Power is reaching the PWR_IN, but that is it. When I send M303 E0 S190 it just sits there. Also, when I simply set the temp. within Pronterface nothing happens as well.</p> 
				 	]]>
				</content:encoded>							</item>
					<item>
				<guid>http://smoothieware.org/forum/t-990323#post-2092098</guid>
				<title>Re: P2.7 and P2.5 not receiving voltage</title>
				<link>http://smoothieware.org/forum/t-990323/p2-7-and-p2-5-not-receiving-voltage#post-2092098</link>
				<description></description>
				<pubDate>Tue, 19 Aug 2014 01:06:02 +0000</pubDate>
				<wikidot:authorName>wolfmanjm</wikidot:authorName>				<wikidot:authorUserId>1543179</wikidot:authorUserId>				<content:encoded>
					<![CDATA[
						 <p>M303 starts the PID autotune sequence, you should see some feedback from the command if the hotend is enabled.</p> 
				 	]]>
				</content:encoded>							</item>
					<item>
				<guid>http://smoothieware.org/forum/t-990323#post-2092046</guid>
				<title>Re: P2.7 and P2.5 not receiving voltage</title>
				<link>http://smoothieware.org/forum/t-990323/p2-7-and-p2-5-not-receiving-voltage#post-2092046</link>
				<description></description>
				<pubDate>Mon, 18 Aug 2014 23:31:19 +0000</pubDate>
				<wikidot:authorName>mhuber247</wikidot:authorName>				<wikidot:authorUserId>1939239</wikidot:authorUserId>				<content:encoded>
					<![CDATA[
						 <p>Thank you for taking the time to respond. I have the FETS powered directly from the PSU. DMM does read that it is receiving at Power In. When both P2.7 and P2.5 are prompted there is no voltage read out on either.</p> <p>I will try sending the commands manually after I update the firmware.</p> <p>Thanks for the insight and I will keep you posted.</p> 
				 	]]>
				</content:encoded>							</item>
					<item>
				<guid>http://smoothieware.org/forum/t-990323#post-2091430</guid>
				<title>Re: P2.7 and P2.5 not receiving voltage</title>
				<link>http://smoothieware.org/forum/t-990323/p2-7-and-p2-5-not-receiving-voltage#post-2091430</link>
				<description></description>
				<pubDate>Mon, 18 Aug 2014 08:32:40 +0000</pubDate>
				<wikidot:authorName>tailgunner30uk</wikidot:authorName>				<wikidot:authorUserId>1893087</wikidot:authorUserId>				<content:encoded>
					<![CDATA[
						 <p>It may be a dumb question but, are you supplying power to the FETS, you need to connect power to them from your psu directly as they do not receive power from the board at the same point as the stepper motors.</p> <p>If you have any doubts, check the 'setting up a 3d printer' section under smoothieware.</p> <p>You then may need to check voltage and polarity at the terminals.</p> <p>Finally, there seems to be a problem in Repetier Host where the hot end is not switched on. Try manually setting the hot end temp with M104 S100 and monitor the hot end temperature. I am not sure about M303, the two commands I use are M109, and M104 as in Marlin/Repetier I assume it is for multiple extruders, you may need to update the firmware to enable this.</p> <p>I hope this helps.</p> 
				 	]]>
				</content:encoded>							</item>
					<item>
				<guid>http://smoothieware.org/forum/t-990323#post-2091344</guid>
				<title>P2.7 and P2.5 not receiving voltage</title>
				<link>http://smoothieware.org/forum/t-990323/p2-7-and-p2-5-not-receiving-voltage#post-2091344</link>
				<description></description>
				<pubDate>Mon, 18 Aug 2014 05:08:32 +0000</pubDate>
				<wikidot:authorName>mhuber247</wikidot:authorName>				<wikidot:authorUserId>1939239</wikidot:authorUserId>				<content:encoded>
					<![CDATA[
						 <p>I am trying to attach my Hotend. All is wired correctly all is working on the 3d fine. When I give M303 E0 S190 nothing happens. In addition, setting the temp in Pronter has no affect either. Below you will find the current config. The hot end being used is a Therminator 5 by repraptech.</p> <div class="code"> <pre> <code># Robot module configurations : general handling of movement G-codes and slicing into moves default_feed_rate 4000 # Default rate ( mm/minute ) for G1/G2/G3 moves default_seek_rate 4000 # Default rate ( mm/minute ) for G0 moves mm_per_arc_segment 0.5 # Arcs are cut into segments ( lines ), this is the length for these segments. Smaller values mean more resolution, higher values mean faster computation mm_per_line_segment 5 # Lines can be cut into segments ( not usefull with cartesian coordinates robots ). # Arm solution configuration : Cartesian robot. Translates mm positions into stepper positions alpha_steps_per_mm 80 # Steps per mm for alpha stepper beta_steps_per_mm 80 # Steps per mm for beta stepper gamma_steps_per_mm 1600 # Steps per mm for gamma stepper # Planner module configuration : Look-ahead and acceleration configuration planner_queue_size 64 # Size of the planning queue, must be a power of 2. 128 seems to be the maximum. acceleration 3000 # Acceleration in mm/second/second. acceleration_ticks_per_second 1000 # Number of times per second the speed is updated junction_deviation 0.05 # Similar to the old &quot;max_jerk&quot;, in millimeters, see : # and . Lower values mean being more careful, higher values means being faster and have more jerk # Stepper module configuration microseconds_per_step_pulse 1 # Duration of step pulses to stepper drivers, in microseconds minimum_steps_per_minute 1200 # Never step slower than this base_stepping_frequency 100000 # Base frequency for stepping, higher gives smoother movement # Stepper module pins ( ports, and pin numbers, appending &quot;!&quot; to the number will invert a pin ) alpha_step_pin 2.0 # Pin for alpha stepper step signal alpha_dir_pin 0.5! # Pin for alpha stepper direction alpha_en_pin 0.4 # Pin for alpha enable pin alpha_current 1.5 # X stepper motor current x_axis_max_speed 30000 # mm/min beta_step_pin 2.1 # Pin for beta stepper step signal beta_dir_pin 0.11 # Pin for beta stepper direction beta_en_pin 0.10 # Pin for beta enable beta_current 1.5 # Y stepper motor current y_axis_max_speed 30000 # mm/min gamma_step_pin 2.2 # Pin for gamma stepper step signal gamma_dir_pin 0.20! # Pin for gamma stepper direction gamma_en_pin 0.19 # Pin for gamma enable gamma_current 1.5 # Z stepper motor current z_axis_max_speed 300 # mm/min # Serial communications configuration ( baud rate default to 9600 if undefined ) uart0.baud_rate 115200 # Baud rate for the default hardware serial port second_usb_serial_enable false # This enables a second usb serial port (to have both pronterface and a terminal connected) # Extruder module configuration extruder_module_enable true # Whether to activate the extruder module at all. All configuration is ignored if false extruder_steps_per_mm 140 # Steps per mm for extruder stepper extruder_default_feed_rate 600 # Default rate ( mm/minute ) for moves where only the extruder moves extruder_acceleration 50 # Acceleration for the stepper motor, as of 0.6, arbitrary ratio extruder_max_speed 1000 # mm^3/s extruder_step_pin 2.3 # Pin for extruder step signal extruder_dir_pin 0.22! # Pin for extruder dir signal extruder_en_pin 0.21 # Pin for extruder enable signal delta_current 1.5 # Extruder stepper motor current # Laser module configuration laser_module_enable false # Whether to activate the laser module at all. All configuration is ignored if false. #laser_module_pin 2.7 # this pin will be PWMed to control the laser #laser_module_max_power 0.8 # this is the maximum duty cycle that will be applied to the laser #laser_module_tickle_power 0.0 # this duty cycle will be used for travel moves to keep the laser active without actually burning # Hotend temperature control configuration temperature_control.hotend.enable true # Whether to activate this ( &quot;hotend&quot; ) module at all. All configuration is ignored if false. temperature_control.hotend.thermistor_pin 0.23 # Pin for the thermistor to read temperature_control.hotend.heater_pin 2.7 # Pin that controls the heater temperature_control.hotend.thermistor EPCOS100K # see src/modules/tools/temperaturecontrol/TemperatureControl.cpp:64 for a list of valid thermistor names temperature_control.hotend.set_m_code 104 # temperature_control.hotend.set_and_wait_m_code 109 # temperature_control.hotend.designator T # #temperature_control.hotend.p_factor 13.7 # permanenetly set the PID values after an auto pid #temperature_control.hotend.i_factor 0.097 # #temperature_control.hotend.d_factor 24 # #temperature_control.hotend.max_pwm 64 # override max pwm, 64 is a good value if driving a 12v resistor with 24v. temperature_control.bed.enable true # temperature_control.bed.thermistor_pin 0.24 # temperature_control.bed.heater_pin 2.5 # temperature_control.bed.thermistor Honeywell100K # see src/modules/tools/temperaturecontrol/TemperatureControl.cpp:64 for a list of valid thermistor names temperature_control.bed.set_m_code 140 # temperature_control.bed.set_and_wait_m_code 190 # temperature_control.bed.designator B # # Switch module for fan control switch.fan.enable true # switch.fan.input_on_command M106 # switch.fan.input_off_command M107 # switch.fan.output_pin 2.6 # #switch.misc.enable true # #switch.misc.input_on_command M42 # #switch.misc.input_off_command M43 # #switch.misc.output_pin 2.4 # # Switch module for spindle control #switch.spindle.enable false # # Endstops endstops_enable true # the endstop module is enabled by default and can be disabled here #corexy_homing false # set to true if homing on a hbit or corexy alpha_min_endstop 1.24^ # add a ! to invert if endstop is NO connected to ground alpha_max_endstop 1.25^ # alpha_homing_direction home_to_min # or set to home_to_max and set alpha_max alpha_min 0 # this gets loaded after homing when home_to_min is set alpha_max 200 # this gets loaded after homing when home_to_max is set beta_min_endstop 1.26^ # beta_max_endstop 1.27^ # beta_homing_direction home_to_min # beta_min 0 # beta_max 200 # gamma_min_endstop 1.28v # gamma_max_endstop 1.29v # gamma_homing_direction home_to_min # gamma_min 0 # gamma_max 200 # alpha_fast_homing_rate_mm_s 50 # feedrates in mm/second beta_fast_homing_rate_mm_s 50 # &quot; gamma_fast_homing_rate_mm_s 4 # &quot; alpha_slow_homing_rate_mm_s 25 # &quot; beta_slow_homing_rate_mm_s 25 # &quot; gamma_slow_homing_rate_mm_s 2 # &quot; alpha_homing_retract_mm 5 # distance in mm beta_homing_retract_mm 5 # &quot; gamma_homing_retract_mm 1 # &quot; # Pause button pause_button_enable true # # Panel panel.enable false # set to true to enable the panel code panel.lcd smoothiepanel # set type of panel also viki_lcd, i2c_lcd is a generic i2c panel, panelolu2 panel.encoder_a_pin 1.22!^ # encoder pin panel.encoder_b_pin 1.23!^ # encoder pin # Example for reprap discount GLCD # on glcd EXP1 is to left and EXP2 is to right, pin 1 is bottom left, pin 2 is top left etc. # +5v is EXP1 pin 10, Gnd is EXP1 pin 9 #panel.lcd reprap_discount_glcd # #panel.spi_channel 0 # spi channel to use ; GLCD EXP1 Pins 3,5 (MOSI, SCLK) #panel.spi_cs_pin 0.16 # spi chip select ; GLCD EXP1 Pin 4 #panel.encoder_a_pin 1.22!^ # encoder pin ; GLCD EXP2 Pin 3 #panel.encoder_b_pin 1.23!^ # encoder pin ; GLCD EXP2 Pin 5 #panel.click_button_pin 1.30!^ # click button ; GLCD EXP1 Pin 2 #panel.buzz_pin 1.31 # pin for buzzer ; GLCD EXP1 Pin 1 #panel.button_pause_pin 2.11^ # kill/pause ; GLCD EXP2 Pin 8 # pins used with other panels #panel.up_button_pin 0.1! # up button if used #panel.down_button_pin 0.0! # down button if used #panel.click_button_pin 0.18! # click button if used panel.menu_offset 0 # some panels will need 1 here panel.alpha_jog_feedrate 6000 # x jogging feedrate in mm/min panel.beta_jog_feedrate 6000 # y jogging feedrate in mm/min panel.gamma_jog_feedrate 200 # z jogging feedrate in mm/min panel.hotend_temperature 185 # temp to set hotend when preheat is selected panel.bed_temperature 60 # temp to set bed when preheat is selected # Example of a custom menu entry, which will show up in the Custom entry. # NOTE _ gets converted to space in the menu and commands, | is used to separate multiple commands custom_menu.power_on.enable true # custom_menu.power_on.name Power_on # custom_menu.power_on.command M80 # custom_menu.power_off.enable true # custom_menu.power_off.name Power_off # custom_menu.power_off.command M81 # # Only needed on a smoothieboard currentcontrol_module_enable true # return_error_on_unhandled_gcode false #</code> </pre></div> 
				 	]]>
				</content:encoded>							</item>
				</channel>
</rss>