<?xml version="1.0" encoding="UTF-8" ?>
<rss version="2.0" xmlns:content="http://purl.org/rss/1.0/modules/content/" xmlns:wikidot="http://www.wikidot.com/rss-namespace">

	<channel>
		<title>Endstops working but they crash sometimes</title>
		<link>http://smoothieware.org/forum/t-990229/endstops-working-but-they-crash-sometimes</link>
		<description>Posts in the discussion thread &quot;Endstops working but they crash sometimes&quot;</description>
				<copyright></copyright>
		<lastBuildDate>Thu, 30 Oct 2014 09:29:58 +0000</lastBuildDate>
		
					<item>
				<guid>http://smoothieware.org/forum/t-990229#post-2092095</guid>
				<title>Re: Endstops working but they crash sometimes</title>
				<link>http://smoothieware.org/forum/t-990229/endstops-working-but-they-crash-sometimes#post-2092095</link>
				<description></description>
				<pubDate>Tue, 19 Aug 2014 01:02:12 +0000</pubDate>
				<wikidot:authorName>wolfmanjm</wikidot:authorName>				<wikidot:authorUserId>1543179</wikidot:authorUserId>				<content:encoded>
					<![CDATA[
						 <p>Yes that is a well known problem and I believe is documented in the wiki.</p> 
				 	]]>
				</content:encoded>							</item>
					<item>
				<guid>http://smoothieware.org/forum/t-990229#post-2092060</guid>
				<title>Re: Endstops working but they crash sometimes</title>
				<link>http://smoothieware.org/forum/t-990229/endstops-working-but-they-crash-sometimes#post-2092060</link>
				<description></description>
				<pubDate>Mon, 18 Aug 2014 23:50:06 +0000</pubDate>
				<wikidot:authorName>gorms</wikidot:authorName>				<wikidot:authorUserId>1952060</wikidot:authorUserId>				<content:encoded>
					<![CDATA[
						 <p>OK so I have solved this problem and I hope others can find this because I could see this being a major problem for some. UNMOUNT THE BOARD/SD CARD FROM YOUR MAC BEFORE USING REPETIER/PRONTERFACE ETC. This causes a bad reaction and homing movements are affected.</p> 
				 	]]>
				</content:encoded>							</item>
					<item>
				<guid>http://smoothieware.org/forum/t-990229#post-2091857</guid>
				<title>Re: Endstops working but they crash sometimes</title>
				<link>http://smoothieware.org/forum/t-990229/endstops-working-but-they-crash-sometimes#post-2091857</link>
				<description></description>
				<pubDate>Mon, 18 Aug 2014 18:08:15 +0000</pubDate>
				<wikidot:authorName>gorms</wikidot:authorName>				<wikidot:authorUserId>1952060</wikidot:authorUserId>				<content:encoded>
					<![CDATA[
						 <p>Yes they give the correct status with M119.<br /> I have mounted the X5 mini under the print bed so the wires run down the vertical supports on my kossel, across a bottom support and then directly to the board. They are not excessively long but I guess they're as long as possible given the design of the kossel.<br /> Yes, I twisted them with a drill. The wires are 20 gauge I believe.</p> 
				 	]]>
				</content:encoded>							</item>
					<item>
				<guid>http://smoothieware.org/forum/t-990229#post-2091848</guid>
				<title>Re: Endstops working but they crash sometimes</title>
				<link>http://smoothieware.org/forum/t-990229/endstops-working-but-they-crash-sometimes#post-2091848</link>
				<description></description>
				<pubDate>Mon, 18 Aug 2014 18:02:44 +0000</pubDate>
				<wikidot:authorName>arthurwolf</wikidot:authorName>				<wikidot:authorUserId>471107</wikidot:authorUserId>				<content:encoded>
					<![CDATA[
						 <p>You can try to see if your endstops are read correctly using the M119 GCode.</p> <p>Also try further increasing your debounce ( double it ).</p> <p>Also, are your endstop cables long ? Did you twist them ?</p> 
				 	]]>
				</content:encoded>							</item>
					<item>
				<guid>http://smoothieware.org/forum/t-990229#post-2091789</guid>
				<title>Re: Endstops working but they crash sometimes</title>
				<link>http://smoothieware.org/forum/t-990229/endstops-working-but-they-crash-sometimes#post-2091789</link>
				<description></description>
				<pubDate>Mon, 18 Aug 2014 16:58:04 +0000</pubDate>
				<wikidot:authorName>tailgunner30uk</wikidot:authorName>				<wikidot:authorUserId>1893087</wikidot:authorUserId>				<content:encoded>
					<![CDATA[
						 <p>If you have a multimeter, it may be worth testing each of the switches to make sure that they are functioning correctly. It may also be worth checking how the switches are wired. I have mine set as normally open to ground. You can check the partial configuration file I pasted into the other thread for how they are setup. It is also worth checking that only Z is set to machine height, X and y are set to 0. Sorry if this seems obvious, but eliminating simple problems will narrow the area where the fault lies.</p> 
				 	]]>
				</content:encoded>							</item>
					<item>
				<guid>http://smoothieware.org/forum/t-990229#post-2091733</guid>
				<title>Re: Endstops working but they crash sometimes</title>
				<link>http://smoothieware.org/forum/t-990229/endstops-working-but-they-crash-sometimes#post-2091733</link>
				<description></description>
				<pubDate>Mon, 18 Aug 2014 15:32:17 +0000</pubDate>
				<wikidot:authorName>gorms</wikidot:authorName>				<wikidot:authorUserId>1952060</wikidot:authorUserId>				<content:encoded>
					<![CDATA[
						 <p>I have tried slowing things down but to no affect. I even bent the metal switch arms so the distance between the click and the carriage is increased. No affect. What's puzzling is that they were working great recently and stopped immediately at the click for a while. My home was a little off and using the paper test they fluctuated up to about .5mm. But now they click and then keep going until they bump into the switches a bit before doing slow home. I swear it's as though the motors don't get the signal to stop in time. Before on slow home they would stop right at the click. Now they click and go further, ending up nearly touching the switch body (and sometimes hitting it a bit)</p> 
				 	]]>
				</content:encoded>							</item>
					<item>
				<guid>http://smoothieware.org/forum/t-990229#post-2091423</guid>
				<title>Re: Endstops working but they crash sometimes</title>
				<link>http://smoothieware.org/forum/t-990229/endstops-working-but-they-crash-sometimes#post-2091423</link>
				<description></description>
				<pubDate>Mon, 18 Aug 2014 08:10:44 +0000</pubDate>
				<wikidot:authorName>tailgunner30uk</wikidot:authorName>				<wikidot:authorUserId>1893087</wikidot:authorUserId>				<content:encoded>
					<![CDATA[
						 <p>Have you tried slowing down the homing speed for both fast and slow homing. When I set my printer up, the homing speed was far too high. The first time it homed the printer almost jumped in the air when it hit the limits. I cannot check at the moment, however I think my homing settings are something like 100mm/s and 10&#160;mm/s. For diagnostic purposes you could go much slower, say 30/5 to get a clear idea of the problem.</p> <p>With hard end stop crashes, it may be that the end stops have moved, or the switch arms have been bent, something worth testing manually.</p> <p>I know that they are a significant cost, but I installed hall effect end switches on my printer with buffers to eliminate the possibility of the magnets hitting the switchs. They work really well and are simple to set up. I also installed spring belt tensioners, these keep the belts in tension, but allow for some give if the carriages crash or get stuck for some reason, reducing the likely hood of damage.</p> <p>I hope this helps a little.</p> 
				 	]]>
				</content:encoded>							</item>
					<item>
				<guid>http://smoothieware.org/forum/t-990229#post-2091311</guid>
				<title>Re: Endstops working but they crash sometimes</title>
				<link>http://smoothieware.org/forum/t-990229/endstops-working-but-they-crash-sometimes#post-2091311</link>
				<description></description>
				<pubDate>Mon, 18 Aug 2014 03:25:42 +0000</pubDate>
				<wikidot:authorName>gorms</wikidot:authorName>				<wikidot:authorUserId>1952060</wikidot:authorUserId>				<content:encoded>
					<![CDATA[
						 <p>I'll add that its not specific to one end stop. When the problem started again, they all get very close to crashing and one or more crash ~80% of the time. On the slow home they click and overshoot a few mm but rarely crash again. Once they all crashed hard on the slow home and it tried to keep going for a few seconds before I pulled the plug. Why isn't the board getting the signal to stop?!</p> 
				 	]]>
				</content:encoded>							</item>
					<item>
				<guid>http://smoothieware.org/forum/t-990229#post-2091307</guid>
				<title>Endstops working but they crash sometimes</title>
				<link>http://smoothieware.org/forum/t-990229/endstops-working-but-they-crash-sometimes#post-2091307</link>
				<description></description>
				<pubDate>Mon, 18 Aug 2014 03:20:42 +0000</pubDate>
				<wikidot:authorName>gorms</wikidot:authorName>				<wikidot:authorUserId>1952060</wikidot:authorUserId>				<content:encoded>
					<![CDATA[
						 <p>My ends stops were working but not working well. The carriages would crash into the them on the fast homing and then visually overshoot a little on the slow homing. It ended up pulling the belt out of one of the connectors so it was down for a day while i reinforced them.</p> <p>I added ends stop debounce to the config and glued some plastic at the top of the carriages so they switches has something nice and flat to hit (before the carriages only made partial contact to the ends stops metal levers). I thought this solved the problem because the machine was working beautifully last night and all day today. I got some AMAZING quality prints that were blowing me away.</p> <p>Now all of a sudden, the problem is back and I did not change anything at all. They crash into the end stops on the fast home and on the slow home they overshoot a bit and sometimes crash a little. When I do a second home while they are sitting a Zmax, they got up a bit and crash again before doing a slow home. I can hear the switches click before the carriages stop. Its like the signal to stop is not making it to the board in time and everything is very slow to react.</p> <p>This is really bothering me as is it damaging parts and I cannot get a consistent home. Has anyone experienced this? By the way, my endstop wires are twisted and running the board under the print bed.</p> 
				 	]]>
				</content:encoded>							</item>
				</channel>
</rss>