<?xml version="1.0" encoding="UTF-8" ?>
<rss version="2.0" xmlns:content="http://purl.org/rss/1.0/modules/content/" xmlns:wikidot="http://www.wikidot.com/rss-namespace">

	<channel>
		<title>Actuator limits in non-Cartesian machines (cylindrical coordinate system)</title>
		<link>http://smoothieware.org/forum/t-995767/actuator-limits-in-non-cartesian-machines-cylindrical-coordi</link>
		<description>Posts in the discussion thread &quot;Actuator limits in non-Cartesian machines (cylindrical coordinate system)&quot; - Actuator speed limits seem defined in mm for all arm solutions.</description>
				<copyright></copyright>
		<lastBuildDate>Thu, 30 Oct 2014 09:29:48 +0000</lastBuildDate>
		
					<item>
				<guid>http://smoothieware.org/forum/t-995767#post-2095023</guid>
				<title>Actuator limits in non-Cartesian machines (cylindrical coordinate system)</title>
				<link>http://smoothieware.org/forum/t-995767/actuator-limits-in-non-cartesian-machines-cylindrical-coordi#post-2095023</link>
				<description></description>
				<pubDate>Fri, 22 Aug 2014 22:39:57 +0000</pubDate>
				<wikidot:authorName>PurpleLobster</wikidot:authorName>				<wikidot:authorUserId>1958404</wikidot:authorUserId>				<content:encoded>
					<![CDATA[
						 <p>Hi all,<br /> I'm building a polar 3D printer and am currently looking for a platform to control it. I'm new to Smoothie and really like the way it works.<br /> Unfortunately I didn't found an arm solution for the cylindrical coordinate system in the arm_solution folder.</p> <p>When taking a further look into the source code I found the actuator position is defined in millimetres (<em>actuator_mm</em>).</p> <p>In the MorganSCARA solution however <span style="text-decoration: underline;">angular</span> actuator positions are used through the variable <em>actuator_mm</em>.<br /> MorganSCARAsolution.cpp</p> <div class="code"> <div class="hl-main"> <pre> <span class="hl-code"> </span><span class="hl-identifier">actuator_mm</span><span class="hl-brackets">[</span><span class="hl-identifier">ALPHA_STEPPER</span><span class="hl-brackets">]</span><span class="hl-code"> = </span><span class="hl-identifier">to_degrees</span><span class="hl-brackets">(</span><span class="hl-identifier">SCARA_theta</span><span class="hl-brackets">)</span><span class="hl-code">; </span><span class="hl-comment">// Multiply by 180/Pi - theta is support arm angle</span><span class="hl-code"> </span><span class="hl-identifier">actuator_mm</span><span class="hl-brackets">[</span><span class="hl-identifier">BETA_STEPPER</span><span class="hl-code"> </span><span class="hl-brackets">]</span><span class="hl-code"> = </span><span class="hl-identifier">to_degrees</span><span class="hl-brackets">(</span><span class="hl-identifier">SCARA_theta</span><span class="hl-code"> + </span><span class="hl-identifier">SCARA_psi</span><span class="hl-brackets">)</span><span class="hl-code">; </span><span class="hl-comment">// Morgan kinematics (dual arm)</span><span class="hl-code"> </span><span class="hl-comment">//actuator_mm[BETA_STEPPER ] = to_degrees(SCARA_psi); // real scara</span><span class="hl-code"> </span><span class="hl-identifier">actuator_mm</span><span class="hl-brackets">[</span><span class="hl-identifier">GAMMA_STEPPER</span><span class="hl-brackets">]</span><span class="hl-code"> = </span><span class="hl-identifier">cartesian_mm</span><span class="hl-brackets">[</span><span class="hl-identifier">Z_AXIS</span><span class="hl-brackets">]</span><span class="hl-code">; </span><span class="hl-comment">// No inverse kinematics on Z - Position to add bed offset?</span> </pre></div> </div> <p>If I understand correctly it goes wrong in Robot.ccp where the speed of every path segment is clipped to the maximum actuator speed, again defined in mm(/s).<br /> void Robot::append_milestone( float target[], float rate_mm_s )</p> <div class="code"> <div class="hl-main"> <pre> <span class="hl-code"> </span><span class="hl-comment">// find actuator position given cartesian position, use actual adjusted target</span><span class="hl-code"> </span><span class="hl-identifier">arm_solution</span><span class="hl-code">-&gt;</span><span class="hl-identifier">cartesian_to_actuator</span><span class="hl-brackets">(</span><span class="hl-code"> </span><span class="hl-identifier">adj_target</span><span class="hl-code">, </span><span class="hl-identifier">actuator_pos</span><span class="hl-code"> </span><span class="hl-brackets">)</span><span class="hl-code">; </span><span class="hl-comment">// check per-actuator speed limits</span><span class="hl-code"> </span><span class="hl-reserved">for</span><span class="hl-code"> </span><span class="hl-brackets">(</span><span class="hl-types">int</span><span class="hl-code"> </span><span class="hl-identifier">actuator</span><span class="hl-code"> = </span><span class="hl-number">0</span><span class="hl-code">; </span><span class="hl-identifier">actuator</span><span class="hl-code"> &lt;= </span><span class="hl-number">2</span><span class="hl-code">; </span><span class="hl-identifier">actuator</span><span class="hl-code">++</span><span class="hl-brackets">)</span><span class="hl-code"> </span><span class="hl-brackets">{</span><span class="hl-code"> </span><span class="hl-types">float</span><span class="hl-code"> </span><span class="hl-identifier">actuator_rate</span><span class="hl-code"> = </span><span class="hl-identifier">fabs</span><span class="hl-brackets">(</span><span class="hl-identifier">actuator_pos</span><span class="hl-brackets">[</span><span class="hl-identifier">actuator</span><span class="hl-brackets">]</span><span class="hl-code"> - </span><span class="hl-identifier">actuators</span><span class="hl-brackets">[</span><span class="hl-identifier">actuator</span><span class="hl-brackets">]</span><span class="hl-code">-&gt;</span><span class="hl-identifier">last_milestone_mm</span><span class="hl-brackets">)</span><span class="hl-code"> * </span><span class="hl-identifier">rate_mm_s</span><span class="hl-code"> / </span><span class="hl-identifier">millimeters_of_travel</span><span class="hl-code">; </span><span class="hl-reserved">if</span><span class="hl-code"> </span><span class="hl-brackets">(</span><span class="hl-identifier">actuator_rate</span><span class="hl-code"> &gt; </span><span class="hl-identifier">actuators</span><span class="hl-brackets">[</span><span class="hl-identifier">actuator</span><span class="hl-brackets">]</span><span class="hl-code">-&gt;</span><span class="hl-identifier">max_rate</span><span class="hl-brackets">)</span><span class="hl-code"> </span><span class="hl-identifier">rate_mm_s</span><span class="hl-code"> *= </span><span class="hl-brackets">(</span><span class="hl-identifier">actuators</span><span class="hl-brackets">[</span><span class="hl-identifier">actuator</span><span class="hl-brackets">]</span><span class="hl-code">-&gt;</span><span class="hl-identifier">max_rate</span><span class="hl-code"> / </span><span class="hl-identifier">actuator_rate</span><span class="hl-brackets">)</span><span class="hl-code">; </span><span class="hl-brackets">}</span> </pre></div> </div> <p>In a cylindrical coordinate system the actuator driving the angle <span class="math-inline">$\alpha$</span> will be limited to a maximum rotational speed <span class="math-inline">$\frac{\partial\alpha}{\partial t}(r)$</span>, which is a linear function of r, the radius vector length from origin to tool.</p> <p>Shouldn't the actuator speed clipping in Robot.cpp be solution depended?<br /> Has anyone considered implementing this?</p> <p>According to the smoothieware front page Smoothie is &quot;Designed to support non-Cartesian machines&quot;, is it?</p> 
				 	]]>
				</content:encoded>							</item>
				</channel>
</rss>